repo,category,sub,rust_signal,description
Kernel-Projects,meta,,,
Platform-Chromium-Projects,meta,,,"Parent projects for all projects with suffix platform/external/chromium_org.  These projects are largely read-only, but may need the occasional commit."
Platform-Packages-Modules-Projects,meta,,,Bug: 232410097
Platform-Projects,meta,,,"Base project for all active Android platform projects, containing rights that all platform maintainers have for all projects."
Platform-Unrestricted-Projects,meta,,,Base project for Android platform where all platform maintainers have full approval and submit rights.
Public-Projects,meta,,,
accessories/manifest,meta,,,
assets/android-studio-ux-assets,aosp,assets/android-studio-ux-assets,,Bug: 32992167
brillo/manifest,meta,,,
cts_drno_filter,meta,,,Parent project for CTS projects that requires Dr.No +2's.
device/aaeon/upboard,vendor_device,device/aaeon,,
device/amlogic/yukawa,vendor_device,device/amlogic,androidbp,Bug: 122486287
device/amlogic/yukawa-kernel,vendor_device,device/amlogic,,Bug: 122486287
device/asus/deb,vendor_device,device/asus,,
device/asus/flo,vendor_device,device/asus,,
device/asus/flo-kernel,vendor_device,device/asus,,
device/asus/fugu,vendor_device,device/asus,,
device/asus/fugu-kernel,vendor_device,device/asus,,
device/asus/grouper,vendor_device,device/asus,,Files specific to Nexus 7
device/asus/tilapia,vendor_device,device/asus,,
device/casio/koi-uboot,vendor_device,device/casio,,
device/common,vendor_device,device/common,,
device/freescale/picoimx,vendor_device,device/freescale,,b/26753464
device/generic/arm64,vendor_device,device/generic,,
device/generic/armv7-a,vendor_device,device/generic,,
device/generic/armv7-a-neon,vendor_device,device/generic,,
device/generic/art,vendor_device,device/generic,,
device/generic/brillo,vendor_device,device/generic,,
device/generic/car,vendor_device,device/generic,androidbp,
device/generic/common,vendor_device,device/generic,androidbp,"GSI This document introduces special GSI settings for facilitating xTS-on-GSI with a single image. Support system_dlkm partition [BoardConfigGsiCommon.mk] BOARD_USES_SYSTEM_DLKMIMAGE := true BOARD_SYSTEM_DLKMIMAGE_FILE_SYSTEM_TYPE := ext4 TARGET_COPY_OUT_SYSTEM_DLKM := system_dlkm [gsi_release.mk] PRODUCT_BUILD_SYSTEM_DLKM_IMAGE := false Starting from Android 13, all devices must include a system_dlkm partition . GSI enables system_dlkm to support the devices with system_dlkm partition, and be compatible with old devices without a system_dlkm partition. With these configurations, /system/system_dlkm would not be created. Instead, a /system/lib/modules -> /system_dlkm/lib/modules symlink is created. For device without system_dlkm partition, the symlink would be dangling. The dangling symlink shouldn‘t be followed anyway because the device doesn’t use system_dlkm. For device with system_dlkm, they can load modules via that path normally like when they are using their original system imag"
device/generic/goldfish,vendor_device,device/generic,androidbp,
device/generic/goldfish-opengl,vendor_device,device/generic,androidbp,
device/generic/mini-emulator-arm64,vendor_device,device/generic,,
device/generic/mini-emulator-armv7-a-neon,vendor_device,device/generic,,
device/generic/mini-emulator-mips,vendor_device,device/generic,,
device/generic/mini-emulator-mips64,vendor_device,device/generic,,
device/generic/mini-emulator-x86,vendor_device,device/generic,,
device/generic/mini-emulator-x86_64,vendor_device,device/generic,,
device/generic/mips,vendor_device,device/generic,,
device/generic/mips64,vendor_device,device/generic,,
device/generic/opengl-transport,vendor_device,device/generic,,Bug: 114497418
device/generic/qemu,vendor_device,device/generic,,
device/generic/trusty,vendor_device,device/generic,androidbp,Bug: 122274911
device/generic/uml,vendor_device,device/generic,,
device/generic/vulkan-cereal,vendor_device,device/generic,,Bug: 128354419
device/generic/x86,vendor_device,device/generic,,
device/generic/x86_64,vendor_device,device/generic,,
device/google/accessory/adk2012,vendor_device,device/google,,
device/google/accessory/adk2012_demo,vendor_device,device/google,,
device/google/accessory/arduino,vendor_device,device/google,,Android accessory support - arduino files.
device/google/accessory/demokit,vendor_device,device/google,,Android accessory support - demo kit.
device/google/akita,vendor_device,device/google,androidbp,Bug: 334754634
device/google/akita-kernel,vendor_device,device/google,,Bug: 334754634
device/google/akita-kernels/5.15,vendor_device,device/google,,Bug: 357762254
device/google/akita-kernels/6.1,vendor_device,device/google,,Bug: 372344643
device/google/akita-sepolicy,vendor_device,device/google,,Bug: 334754634
device/google/atv,vendor_device,device/google,androidbp,
device/google/barbet,vendor_device,device/google,androidbp,Bug: 190208935
device/google/barbet-kernel,vendor_device,device/google,,Bug: 190208935
device/google/barbet-sepolicy,vendor_device,device/google,,Bug: 190208935
device/google/bluejay,vendor_device,device/google,androidbp,Bug: 228757395
device/google/bluejay-kernel,vendor_device,device/google,,Bug: 228757395
device/google/bluejay-kernels/5.10,vendor_device,device/google,,Bug: 357762254
device/google/bluejay-kernels/6.1,vendor_device,device/google,,Bug: 372344643
device/google/bluejay-sepolicy,vendor_device,device/google,,Bug: 228757395
device/google/bonito,vendor_device,device/google,androidbp,Bug: 131691077
device/google/bonito-kernel,vendor_device,device/google,,Bug: 131691077
device/google/bonito-sepolicy,vendor_device,device/google,,Bug: 131691077
device/google/bramble,vendor_device,device/google,androidbp,Bug: 167236823
device/google/bramble-kernel,vendor_device,device/google,,Bug: 167236823
device/google/bramble-sepolicy,vendor_device,device/google,,Bug: 167236823
device/google/caimito,vendor_device,device/google,androidbp,Bug: 343227137
device/google/caimito-kernels/6.1,vendor_device,device/google,,Bug: 343227137
device/google/caimito-sepolicy,vendor_device,device/google,,Bug: 343227137
device/google/comet,vendor_device,device/google,androidbp,Bug: 355405604
device/google/comet-kernels/6.1,vendor_device,device/google,,Bug: 355405604
device/google/comet-sepolicy,vendor_device,device/google,,Bug: 355405604
device/google/common/etm,vendor_device,device/google,,Bug: 323224197
device/google/contexthub,vendor_device,device/google,androidbp,
device/google/coral,vendor_device,device/google,androidbp,Bug: 141248619
device/google/coral-kernel,vendor_device,device/google,,Bug: 141248619
device/google/coral-sepolicy,vendor_device,device/google,,Bug: 141248619
device/google/crosshatch,vendor_device,device/google,androidbp,Bug: 115885826
device/google/crosshatch-kernel,vendor_device,device/google,,Bug: 115885826
device/google/crosshatch-sepolicy,vendor_device,device/google,,Bug: 115885826
device/google/cuttlefish,vendor_device,device/google,"androidbp,rustfmt","Note For all host tools development please refer to https://github.com/google/android-cuttlefish/blob/main/docs/HostToolsMigration.md for more information. Cuttlefish Getting Started Try Cuttlefish Make sure virtualization with KVM is available. grep - c - w ""vmx\|svm"" / proc / cpuinfo This should return a non-zero value. If running on a cloud machine, this may take cloud-vendor-specific steps to enable. For Google Compute Engine specifically, see the GCE guide . ARM specific steps: When running on an ARM machine, the most direct way is to check for the existence of /dev/kvm . Note that this method can also be used to confirm support of KVM on any environment. Download, build, and install the host debian packages: sudo apt install - y git devscripts config - package - dev debhelper - compat golang curl git clone https :// github . com / google / android - cuttlefish cd android - cuttlefish # Install build dependencies and build debian packages ./ tools / buildutils / build_packages . s"
device/google/cuttlefish_common,vendor_device,device/google,,Bug: 70284148
device/google/cuttlefish_kernel,vendor_device,device/google,,Bug: 70284148
device/google/cuttlefish_prebuilts,vendor_device,device/google,androidbp,Bug: 162963599
device/google/cuttlefish_vmm,vendor_device,device/google,androidbp,Bug: 122613967
device/google/debugcable,vendor_device,device/google,,
device/google/dragon,vendor_device,device/google,androidbp,
device/google/dragon-kernel,vendor_device,device/google,,
device/google/felix,vendor_device,device/google,androidbp,Bug: 277833819
device/google/felix-kernel,vendor_device,device/google,,Bug: 277833819
device/google/felix-kernels/5.10,vendor_device,device/google,,Bug: 357762254
device/google/felix-kernels/6.1,vendor_device,device/google,,Bug: 372344643
device/google/felix-sepolicy,vendor_device,device/google,,Bug: 277833819
device/google/fuchsia,vendor_device,device/google,,Fuchsia targets TODO
device/google/gs-common,vendor_device,device/google,androidbp,Bug: 201551519
device/google/gs101,vendor_device,device/google,androidbp,Bug: 201551519
device/google/gs101-sepolicy,vendor_device,device/google,,Bug: 201551519
device/google/gs201,vendor_device,device/google,androidbp,Bug: 244231765
device/google/gs201-sepolicy,vendor_device,device/google,,Bug: 244231765
device/google/lynx,vendor_device,device/google,androidbp,Bug: 277736560
device/google/lynx-kernel,vendor_device,device/google,,Bug: 277736560
device/google/lynx-kernels/5.10,vendor_device,device/google,,Bug: 357762254
device/google/lynx-kernels/6.1,vendor_device,device/google,,Bug: 372344643
device/google/lynx-sepolicy,vendor_device,device/google,,Bug: 277736560
device/google/marlin,vendor_device,device/google,androidbp,
device/google/marlin-kernel,vendor_device,device/google,,
device/google/muskie,vendor_device,device/google,androidbp,
device/google/pantah,vendor_device,device/google,androidbp,Bug: 244231765
device/google/pantah-kernel,vendor_device,device/google,,Bug: 244231765
device/google/pantah-kernels/5.10,vendor_device,device/google,,Bug: 357762254
device/google/pantah-kernels/6.1,vendor_device,device/google,,Bug: 372344643
device/google/pantah-sepolicy,vendor_device,device/google,,Bug: 244231765
device/google/phantasm,vendor_device,device/google,,
device/google/raviole,vendor_device,device/google,androidbp,Bug: 201551519
device/google/raviole-kernel,vendor_device,device/google,,Bug: 201551519
device/google/raviole-kernels/5.10,vendor_device,device/google,,Bug: 357762254
device/google/raviole-kernels/6.1,vendor_device,device/google,,Bug: 372344643
device/google/redbull,vendor_device,device/google,androidbp,Bug: 167236823
device/google/redbull-kernel,vendor_device,device/google,,Bug: 179089302
device/google/redbull-sepolicy,vendor_device,device/google,,Bug: 167236823
device/google/redfin,vendor_device,device/google,androidbp,Bug: 167236823
device/google/redfin-kernel,vendor_device,device/google,,Bug: 167236823
device/google/redfin-sepolicy,vendor_device,device/google,,Bug: 167236823
device/google/sdv,vendor_device,device/google,,Bug: 509273825
device/google/sdv_display_safety,vendor_device,device/google,,Bug: 509273825
device/google/shusky,vendor_device,device/google,androidbp,Bug: 299982256
device/google/shusky-kernel,vendor_device,device/google,,Bug: 299982256
device/google/shusky-kernels/5.15,vendor_device,device/google,,Bug: 357762254
device/google/shusky-kernels/6.1,vendor_device,device/google,,Bug: 372344643
device/google/shusky-sepolicy,vendor_device,device/google,,Bug: 299982256
device/google/sunfish,vendor_device,device/google,androidbp,Bug: 160260413
device/google/sunfish-kernel,vendor_device,device/google,,Bug: 160260413
device/google/sunfish-sepolicy,vendor_device,device/google,,Bug: 160260413
device/google/taimen,vendor_device,device/google,androidbp,
device/google/tangorpro,vendor_device,device/google,androidbp,Bug: 273801859
device/google/tangorpro-kernel,vendor_device,device/google,,Bug: 273801859
device/google/tangorpro-kernels/5.10,vendor_device,device/google,,Bug: 357762254
device/google/tangorpro-kernels/6.1,vendor_device,device/google,,Bug: 372344643
device/google/tangorpro-sepolicy,vendor_device,device/google,,Bug: 273801859
device/google/tegu,vendor_device,device/google,,Bug: 401082652
device/google/tegu-kernels/6.1,vendor_device,device/google,,Bug: 401082652
device/google/tegu-sepolicy,vendor_device,device/google,,Bug: 401082652
device/google/trout,vendor_device,device/google,,Bug: 162952352
device/google/vrservices,vendor_device,device/google,,
device/google/wahoo,vendor_device,device/google,androidbp,
device/google/wahoo-kernel,vendor_device,device/google,,
device/google/zuma,vendor_device,device/google,androidbp,Bug: 299982256
device/google/zuma-sepolicy,vendor_device,device/google,,Bug: 299982256
device/google/zumapro,vendor_device,device/google,androidbp,Bug: 343227137
device/google/zumapro-sepolicy,vendor_device,device/google,,Bug: 343227137
device/google_car,vendor_device,device/google_car,,Bug: 139539411
device/htc/common,vendor_device,device/htc,,Files specific to HTC devices but shared between multiple HTC devices
device/htc/dream,vendor_device,device/htc,,Files specific to HTC dream hardware
device/htc/dream-sapphire,vendor_device,device/htc,,
device/htc/flounder,vendor_device,device/htc,,
device/htc/flounder-kernel,vendor_device,device/htc,,
device/htc/passion,vendor_device,device/htc,,Files specific to HTC passion hardware
device/htc/passion-common,vendor_device,device/htc,,Files specific to HTC passion hardware
device/htc/sapphire,vendor_device,device/htc,,Files specific to HTC sapphire hardware
device/huawei/angler,vendor_device,device/huawei,,
device/huawei/angler-kernel,vendor_device,device/huawei,,
device/imagination/creatorci41,vendor_device,device/imagination,,b/26880144
device/intel/edison,vendor_device,device/intel,,
device/intel/minnowboard,vendor_device,device/intel,,b/26729241
device/lge/bullhead,vendor_device,device/lge,,
device/lge/bullhead-kernel,vendor_device,device/lge,,
device/lge/hammerhead,vendor_device,device/lge,,
device/lge/hammerhead-kernel,vendor_device,device/lge,,
device/lge/mako,vendor_device,device/lge,,
device/lge/mako-kernel,vendor_device,device/lge,,
device/linaro/bootloader/OpenPlatformPkg,vendor_device,device/linaro,,
device/linaro/bootloader/arm-trusted-firmware,vendor_device,device/linaro,,
device/linaro/bootloader/edk2,vendor_device,device/linaro,,
device/linaro/dragonboard,vendor_device,device/linaro,androidbp,Bug: 140122761
device/linaro/dragonboard-kernel,vendor_device,device/linaro,,Bug: 140122761
device/linaro/hikey,vendor_device,device/linaro,androidbp,
device/linaro/hikey-kernel,vendor_device,device/linaro,,
device/linaro/poplar,vendor_device,device/linaro,androidbp,Bug: 110789980
device/linaro/poplar-kernel,vendor_device,device/linaro,,Bug: 110789980
device/marvell/abox_edge,vendor_device,device/marvell,,b/26407117
device/mediatek/wembley-sepolicy,vendor_device,device/mediatek,,Bug: 162952352
device/moto/common,vendor_device,device/moto,,
device/moto/shamu,vendor_device,device/moto,,
device/moto/shamu-kernel,vendor_device,device/moto,,
device/moto/stingray,vendor_device,device/moto,,
device/moto/wingray,vendor_device,device/moto,,
device/pifoundation/rpi3,vendor_device,device/pifoundation,,
device/qcom/dragonboard,vendor_device,device/qcom,,
device/rockchip/kylin,vendor_device,device/rockchip,,b/26753464
device/sample,vendor_device,device/sample,androidbp,
device/samsung/crespo,vendor_device,device/samsung,,"Files specific to Samsung crespo hardware, a.k.a. Nexus S."
device/samsung/crespo4g,vendor_device,device/samsung,,"Files specific to Samsung crespo4g hardware, a.k.a. Nexus S 4G."
device/samsung/maguro,vendor_device,device/samsung,,
device/samsung/manta,vendor_device,device/samsung,,
device/samsung/toro,vendor_device,device/samsung,,
device/samsung/toroplus,vendor_device,device/samsung,,"Files related to toroplus, i.e. the Sprint Galaxy Nexus."
device/samsung/torospr,vendor_device,device/samsung,,
device/samsung/tuna,vendor_device,device/samsung,,
device/samsung_slsi/arndale,vendor_device,device/samsung_slsi,,
device/sony/lt26,vendor_device,device/sony,,"Files specific to the Sony LT26 (""Xperia S"")"
device/ti/beagle-x15,vendor_device,device/ti,androidbp,Bug: 111362717
device/ti/beagle-x15-kernel,vendor_device,device/ti,,Bug: 111362717
device/ti/bootloader/uboot,vendor_device,device/ti,,
device/ti/panda,vendor_device,device/ti,,
external/rust/crates/aarch64-cpu,third_party,,,Bug: 275074143
external/rust/crates/autocfg,third_party,,,Bug: 275074154
kernel/amlogic-tv-modules/dhd-driver,kernel,kernel/amlogic-tv-modules,,Bug: 182962583
kernel/amlogic-tv-modules/mali-driver,kernel,kernel/amlogic-tv-modules,,Bug: 182962583
kernel/amlogic-tv-modules/media_modules,kernel,kernel/amlogic-tv-modules,,Bug: 182962583
kernel/amlogic-tv-modules/optee_linuxdriver,kernel,kernel/amlogic-tv-modules,,Bug: 182962583
kernel/amlogic-tv-modules/wifi_rtl8822BS,kernel,kernel/amlogic-tv-modules,,Bug: 182962583
kernel/arcvm-modules/common,kernel,kernel/arcvm-modules,,Bug: 230777784
kernel/arm64,kernel,kernel/arm64,,Bug: 67045214
kernel/bcm,kernel,kernel/bcm,,
kernel/build,kernel,kernel/build,,Owner: android-kernel-team@google.com
kernel/build/bootstrap,kernel,kernel/build,,Bootstrapping DDKv2 This project contains code to bootstrap DDKv2 development. Quick Start Using sources from local Kleaf repo checkout. python3 init . py -- local -- kleaf_repo = /abs/ path / to / ACK Using local prebuilts with local sources. python3 init . py -- prebuilts_dir = /abs/ path / to / prebuilts -- local -- kleaf_repo = /abs/ path / to / ACK
kernel/common,kernel,kernel/common,rust_dir,"How do I submit patches to Android Common Kernels BEST: Make all of your changes to upstream Linux. If appropriate, backport to the stable releases. These patches will be merged automatically in the corresponding common kernels. If the patch is already in upstream Linux, post a backport of the patch that conforms to the patch requirements below. Do not send patches upstream that contain only symbol exports. To be considered for upstream Linux, additions of EXPORT_SYMBOL_GPL() require an in-tree modular driver that uses the symbol -- so include the new driver or changes to an existing driver in the same patchset as the export. When sending patches upstream, the commit message must contain a clear case for why the patch is needed and beneficial to the community. Enabling out-of-tree drivers or functionality is not a persuasive case. LESS GOOD: Develop your patches out-of-tree (from an upstream Linux point-of-view). Unless these are fixing an Android-specific bug, these are very unlikely"
kernel/common-modules/binder,kernel,kernel/common-modules,,Bug: 388520160
kernel/common-modules/trusty,kernel,kernel/common-modules,,Bug: 330795183
kernel/common-modules/virtio-msg,kernel,kernel/common-modules,,Bug: 415007429
kernel/common-modules/virtual-device,kernel,kernel/common-modules,,Bug: 163806467
kernel/common-modules/wonder,kernel,kernel/common-modules,,Android Wonder kernel driver (b/482050811)
kernel/common-patches,kernel,kernel/common-patches,,"Android Kernel Common Patches    ---    

Patch series for android-mainline and android-5.4 branches to maintain the out-of-tree patches of Android Kernels. The series describes the technical debt of the Android Common Kernels and express a worklist for upstreaming out-of-tree patches."
kernel/configs,kernel,kernel/configs,androidbp,"Android Kernel Configs How are kernel config settings typically stored? When building the Linux kernel for a particular platform one usually begins by basing the kernel configuration off of a particular defconfig. The platform’s defconfig contains all of the Linux kconfig settings required to properly configure the kernel build (features, default system parameters, etc) for that platform. Defconfig files are typically stored in the kernel tree at arch/*/configs/ . It may be desirable to modify the kernel configuration beyond what the hardware platform requires in order to support a particular hardware or software feature. Storing these kernel configuration changes is often done using fragments. These are files which have the same format as a defconfig but are typically much smaller, as they only contain the kernel configuration settings needed to support the hardware or software feature/behavior in question. Maintainers of hardware extensions or software features can use fragments to c"
kernel/cuttlefish-modules,kernel,kernel/cuttlefish-modules,,Bug: 142070913
kernel/devices/google/akita,kernel,kernel/devices,,Bug: 334754634
kernel/devices/google/bluejay,kernel,kernel/devices,,Bug: 228757395
kernel/devices/google/caimito,kernel,kernel/devices,,Bug: 343227137
kernel/devices/google/comet,kernel,kernel/devices,,Bug: 355405604
kernel/devices/google/common,kernel,kernel/devices,,Bug: 343227137
kernel/devices/google/eos,kernel,kernel/devices,,Bug: 300941104
kernel/devices/google/felix,kernel,kernel/devices,,Bug: 277833819
kernel/devices/google/gs101,kernel,kernel/devices,,Bug: 359656170
kernel/devices/google/gs201,kernel,kernel/devices,,Bug: 359656170
kernel/devices/google/lynx,kernel,kernel/devices,,Bug: 277736560
kernel/devices/google/p11,kernel,kernel/devices,,Bug: 335301760
kernel/devices/google/pantah,kernel,kernel/devices,,Bug: 359656170
kernel/devices/google/raviole,kernel,kernel/devices,,Bug: 359656170
kernel/devices/google/seluna,kernel,kernel/devices,,Bug: 355299359
kernel/devices/google/shusky,kernel,kernel/devices,,Bug: 299982256
kernel/devices/google/tangorpro,kernel,kernel/devices,,Bug: 273801859
kernel/devices/google/tegu,kernel,kernel/devices,,Bug: 401082652
kernel/devices/google/zuma,kernel,kernel/devices,,Bug: 343227137
kernel/devices/google/zumapro,kernel,kernel/devices,,Bug: 343227137
kernel/exynos,kernel,kernel/exynos,,
kernel/exynos-modules/config,kernel,kernel/exynos-modules,,Bug: 248095558
kernel/exynos-modules/devicetree,kernel,kernel/exynos-modules,,Bug: 248095558
kernel/exynos-modules/drivers,kernel,kernel/exynos-modules,,Bug: 248095558
kernel/goldfish,kernel,kernel/goldfish,,
kernel/goldfish-modules,kernel,kernel/goldfish-modules,,Bug: 147495602
kernel/google-modules/amplifiers,kernel,kernel/google-modules,,Bug: 201551519
kernel/google-modules/aoc,kernel,kernel/google-modules,,Bug: 201551519
kernel/google-modules/aoc-ipc,kernel,kernel/google-modules,,Bug: 201551519
kernel/google-modules/bluetooth/broadcom,kernel,kernel/google-modules,,Bug: 201551519
kernel/google-modules/bluetooth/qcom,kernel,kernel/google-modules,,Bug: 277736560
kernel/google-modules/bluetooth/synaptics,kernel,kernel/google-modules,,Bug: 273801859
kernel/google-modules/bms,kernel,kernel/google-modules,,Bug: 201551519
kernel/google-modules/display,kernel,kernel/google-modules,,Bug: 201551519
kernel/google-modules/display/common,kernel,kernel/google-modules,,Bug: 343227137
kernel/google-modules/display/panels/caimito,kernel,kernel/google-modules,,Bug: 343227137
kernel/google-modules/display/panels/tegu,kernel,kernel/google-modules,,Bug: 401082652
kernel/google-modules/display/samsung,kernel,kernel/google-modules,,Bug: 343227137
kernel/google-modules/display/watch/mcu-offload,kernel,kernel/google-modules,,Bug: 355299359
kernel/google-modules/edgetpu,kernel,kernel/google-modules,,Bug: 201551519
kernel/google-modules/edgetpu/abrolhos,kernel,kernel/google-modules,,Bug: 236768942
kernel/google-modules/edgetpu/janeiro,kernel,kernel/google-modules,,Bug: 244231765
kernel/google-modules/edgetpu/rio,kernel,kernel/google-modules,,Bug: 299982256
kernel/google-modules/fingerprint/fpc,kernel,kernel/google-modules,,Bug: 201551519
kernel/google-modules/fingerprint/goodix,kernel,kernel/google-modules,,Bug: 201551519
kernel/google-modules/fingerprint/qcom/qfs4008,kernel,kernel/google-modules,,Bug: 343227137
kernel/google-modules/gps/broadcom/bcm47765,kernel,kernel/google-modules,,Bug: 299982256
kernel/google-modules/gpu,kernel,kernel/google-modules,,Bug: 201551519
kernel/google-modules/gxp/gs201,kernel,kernel/google-modules,,Bug: 244231765
kernel/google-modules/gxp/zuma,kernel,kernel/google-modules,,Bug: 299982256
kernel/google-modules/hdcp/samsung,kernel,kernel/google-modules,,Bug: 299982256
kernel/google-modules/i3c/exynos,kernel,kernel/google-modules,,Bug: 299982256
kernel/google-modules/lwis,kernel,kernel/google-modules,,Bug: 201551519
kernel/google-modules/misc,kernel,kernel/google-modules,,Bug: 244231765
kernel/google-modules/nanohub,kernel,kernel/google-modules,,Bug: 300941104
kernel/google-modules/nfc,kernel,kernel/google-modules,,Bug: 201551519
kernel/google-modules/perf,kernel,kernel/google-modules,,Bug: 343227137
kernel/google-modules/power/mitigation,kernel,kernel/google-modules,,Pixel Power Mitigation Driver
kernel/google-modules/power/reset,kernel,kernel/google-modules,,Bug: 201551519
kernel/google-modules/radio/samsung/s5300,kernel,kernel/google-modules,,Bug: 343227137
kernel/google-modules/radio/samsung/s5400,kernel,kernel/google-modules,,Bug: 343227137
kernel/google-modules/raviole-device,kernel,kernel/google-modules,,Raviole Pixel Kernel Modules
kernel/google-modules/rotary-encoders,kernel,kernel/google-modules,,Bug: 300941104
kernel/google-modules/sensors/hall_sensor,kernel,kernel/google-modules,,Bug: 228757395
kernel/google-modules/soc/gs,kernel,kernel/google-modules,,Bug: 299982256
kernel/google-modules/soc/msm,kernel,kernel/google-modules,,Bug: 300941104
kernel/google-modules/sound/mcu,kernel,kernel/google-modules,,Bug: 300941104
kernel/google-modules/sound/mcu_mic_codec,kernel,kernel/google-modules,,Bug: 300941104
kernel/google-modules/touch/common,kernel,kernel/google-modules,,Bug: 201551519
kernel/google-modules/touch/common_wearable,kernel,kernel/google-modules,,Bug: 393180809
kernel/google-modules/touch/focaltech_touch,kernel,kernel/google-modules,,Bug: 244231765
kernel/google-modules/touch/fts_touch,kernel,kernel/google-modules,,Bug: 201551519
kernel/google-modules/touch/goodix_touch,kernel,kernel/google-modules,,Bug: 277736560
kernel/google-modules/touch/himax_touch,kernel,kernel/google-modules,,Bug: 273801859
kernel/google-modules/touch/novatek_touch,kernel,kernel/google-modules,,Bug: 273801859
kernel/google-modules/touch/parade_touch,kernel,kernel/google-modules,,Bug: 335301760
kernel/google-modules/touch/sec_touch,kernel,kernel/google-modules,,Bug: 201551519
kernel/google-modules/touch/synaptics_touch,kernel,kernel/google-modules,,Bug: 244231765
kernel/google-modules/trusty,kernel,kernel/google-modules,,Bug: 287695582
kernel/google-modules/typec,kernel,kernel/google-modules,,Bug: 299982256
kernel/google-modules/uwb,kernel,kernel/google-modules,,Bug: 201551519
kernel/google-modules/uwb-diags,kernel,kernel/google-modules,,Bug: 244231765
kernel/google-modules/uwb/qorvo/dw3000,kernel,kernel/google-modules,,Bug: 326453453
kernel/google-modules/uwb/qorvo/qm35,kernel,kernel/google-modules,,Bug: 326453453
kernel/google-modules/video/gchips,kernel,kernel/google-modules,,Bug: 244231765
kernel/google-modules/wlan/bcmdhd/bcm43752,kernel,kernel/google-modules,,Bug: 201551519
kernel/google-modules/wlan/bcmdhd/bcm4383,kernel,kernel/google-modules,,Bug: 334754634
kernel/google-modules/wlan/bcmdhd/bcm4389,kernel,kernel/google-modules,,Bug: 201551519
kernel/google-modules/wlan/bcmdhd/bcm4390,kernel,kernel/google-modules,,Bug: 343227137
kernel/google-modules/wlan/bcmdhd/bcm4398,kernel,kernel/google-modules,,Bug: 299982256
kernel/google-modules/wlan/qcom/wcn6740/cnss2,kernel,kernel/google-modules,,
kernel/google-modules/wlan/qcom/wcn6740/wlan,kernel,kernel/google-modules,,Bug: 277736560
kernel/google-modules/wlan/syna/dhd43752p,kernel,kernel/google-modules,,Bug: 273801859
kernel/google-modules/wlan/syna/dhd4381,kernel,kernel/google-modules,,Bug: 355299359
kernel/google-modules/wlan/wlan_ptracker,kernel,kernel/google-modules,,Bug: 259420071
kernel/gs,kernel,kernel/gs,,Raviole Pixel Kernel
kernel/hikey-linaro,kernel,kernel/hikey-linaro,,
kernel/hikey-modules,kernel,kernel/hikey-modules,,Bug: 148454045
kernel/lk,kernel,kernel/lk,,The Little Kernel Embedded Operating System The LK kernel is an SMP-aware kernel designed for small systems ported to a variety of platforms and cpu architectures. See https://github.com/littlekernel/lk for the latest version. High Level Features Fully-reentrant multi-threaded preemptive kernel Portable to many 32 and 64 bit architectures Support for wide variety of embedded and larger platforms Powerful modular build system Large number of utility components selectable at build time Supported architectures ARM32 Cortex-M class cores (armv6m - armv8m) ARMv7+ Cortex-A class cores ARM64 RISC-V 32 and 64bit bit in machine and supervisor mode x86-32 and x86-64 386 up through modern cores microblaze MIPS OpenRISC 1000 TODO To build and test for ARM on linux install or build qemu. v2.4 and above is recommended. install gcc for embedded arm (see note 1) run scripts/do-qemuarm (from the lk directory) you should see ‘welcome to lk/MP’ This will get you a interactive prompt into LK which is runn
kernel/manifest,meta,,,Owner: android-kernel-team@google.com
kernel/mediatek,kernel,kernel/mediatek,,Kernel tree for Mediatek chipsets
kernel/msm,kernel,kernel/msm,,Kernel tree for Qualcomm chipsets
kernel/msm-extra,kernel,kernel/msm-extra,,Bug: 115885826
kernel/msm-extra/audio-devicetree,kernel,kernel/msm-extra,,Bug: 300941104
kernel/msm-extra/bt-devicetree,kernel,kernel/msm-extra,,Bug: 300941104
kernel/msm-extra/camera-devicetree,kernel,kernel/msm-extra,,Bug: 167236823
kernel/msm-extra/camera-kernel,kernel,kernel/msm-extra,,Bug: 167236823
kernel/msm-extra/config,kernel,kernel/msm-extra,,Bug: 162918494
kernel/msm-extra/data-devicetree,kernel,kernel/msm-extra,,Bug: 300941104
kernel/msm-extra/dataipa,kernel,kernel/msm-extra,,Bug: 167236823
kernel/msm-extra/devicetree,kernel,kernel/msm-extra,,Bug: 152827951
kernel/msm-extra/display-devicetree,kernel,kernel/msm-extra,,Bug: 167236823
kernel/msm-extra/display-drivers,kernel,kernel/msm-extra,,Bug: 167236823
kernel/msm-extra/drivers,kernel,kernel/msm-extra,,Bug: 152827951
kernel/msm-extra/graphics-devicetree,kernel,kernel/msm-extra,,Bug: 300941104
kernel/msm-extra/mmrm-devicetree,kernel,kernel/msm-extra,,Bug: 300941104
kernel/msm-extra/nfc-devicetree,kernel,kernel/msm-extra,,Bug: 300941104
kernel/msm-extra/video-devicetree,kernel,kernel/msm-extra,,Bug: 300941104
kernel/msm-extra/video-driver,kernel,kernel/msm-extra,,Bug: 167236823
kernel/msm-extra/wlan-devicetree,kernel,kernel/msm-extra,,Bug: 300941104
kernel/msm-modules,kernel,kernel/msm-modules,,Bug: 115885826
kernel/msm-modules/bt,kernel,kernel/msm-modules,,Bug: 300941104
kernel/msm-modules/data-kernel,kernel,kernel/msm-modules,,Bug: 141248619
kernel/msm-modules/datarmnet,kernel,kernel/msm-modules,,Bug: 300941104
kernel/msm-modules/datarmnet-ext,kernel,kernel/msm-modules,,Bug: 300941104
kernel/msm-modules/fts_touch,kernel,kernel/msm-modules,,Bug: 141248619
kernel/msm-modules/fts_touch_s5,kernel,kernel/msm-modules,,Bug: 172858531
kernel/msm-modules/graphics,kernel,kernel/msm-modules,,Bug: 300941104
kernel/msm-modules/mm,kernel,kernel/msm-modules,,Bug: 300941104
kernel/msm-modules/mmrm,kernel,kernel/msm-modules,,Bug: 300941104
kernel/msm-modules/modem,kernel,kernel/msm-modules,,Bug: 300941104
kernel/msm-modules/qca-wfi-host-cmn,kernel,kernel/msm-modules,,Bug: 115885826
kernel/msm-modules/qcacld,kernel,kernel/msm-modules,,Bug: 115885826
kernel/msm-modules/sec_touch,kernel,kernel/msm-modules,,Bug: 167236823
kernel/msm-modules/securemsm,kernel,kernel/msm-modules,,Bug: 300941104
kernel/msm-modules/touch,kernel,kernel/msm-modules,,Bug: 300941104
kernel/msm-modules/wlan,kernel,kernel/msm-modules,,Bug: 152827951
kernel/msm-modules/wlan-fw-api,kernel,kernel/msm-modules,,Bug: 115885826
kernel/msm-modules/wlan-platform,kernel,kernel/msm-modules,,Bug: 300941104
kernel/omap,kernel,kernel/omap,,
kernel/prebuilts/4.19/arm64,prebuilt,kernel,,Bug: 157234803
kernel/prebuilts/5.10/arm64,prebuilt,kernel,androidbp,Bug: 175581859
kernel/prebuilts/5.10/x86-64,prebuilt,kernel,androidbp,Bug: 175581859
kernel/prebuilts/5.15/arm64,prebuilt,kernel,androidbp,Bug: 205665920
kernel/prebuilts/5.15/x86-64,prebuilt,kernel,androidbp,Bug: 205665920
kernel/prebuilts/5.4/arm64,prebuilt,kernel,androidbp,Bug: 157234803
kernel/prebuilts/5.4/x86-64,prebuilt,kernel,androidbp,Bug: 157234803
kernel/prebuilts/6.1/arm64,prebuilt,kernel,,Bug: 267772127
kernel/prebuilts/6.1/x86-64,prebuilt,kernel,,Bug: 267772127
kernel/prebuilts/6.12/arm64,prebuilt,kernel,androidbp,Bug: 381103480
kernel/prebuilts/6.12/x86-64,prebuilt,kernel,androidbp,Bug: 381103480
kernel/prebuilts/6.18/arm64,prebuilt,kernel,,Bug: 509273825
kernel/prebuilts/6.18/x86-64,prebuilt,kernel,,Bug: 509273825
kernel/prebuilts/6.6/arm64,prebuilt,kernel,androidbp,Bug: 316847414
kernel/prebuilts/6.6/x86-64,prebuilt,kernel,androidbp,Bug: 316847414
kernel/prebuilts/build-tools,prebuilt,kernel,,Owner: android-kernel-team@ Bug: 157810926
kernel/prebuilts/common-modules/trusty/6.12/arm64,prebuilt,kernel,androidbp,Bug: 387588031
kernel/prebuilts/common-modules/trusty/6.18/arm64,prebuilt,kernel,,Bug: 484144666
kernel/prebuilts/common-modules/trusty/6.6/arm64,prebuilt,kernel,,Bug: 361655144
kernel/prebuilts/common-modules/virtual-device/4.19/arm64,prebuilt,kernel,,Bug: 177597234
kernel/prebuilts/common-modules/virtual-device/4.19/x86-64,prebuilt,kernel,,Bug: 177597234
kernel/prebuilts/common-modules/virtual-device/5.10/arm64,prebuilt,kernel,androidbp,Bug: 177597234
kernel/prebuilts/common-modules/virtual-device/5.10/x86-64,prebuilt,kernel,androidbp,Bug: 177597234
kernel/prebuilts/common-modules/virtual-device/5.15/arm64,prebuilt,kernel,androidbp,Bug: 205665920
kernel/prebuilts/common-modules/virtual-device/5.15/x86-64,prebuilt,kernel,androidbp,Bug: 205665920
kernel/prebuilts/common-modules/virtual-device/5.4/arm64,prebuilt,kernel,androidbp,Bug: 177597234
kernel/prebuilts/common-modules/virtual-device/5.4/x86-64,prebuilt,kernel,androidbp,Bug: 177597234
kernel/prebuilts/common-modules/virtual-device/6.1/arm64,prebuilt,kernel,,Bug: 267772127
kernel/prebuilts/common-modules/virtual-device/6.1/x86-64,prebuilt,kernel,,Bug: 267772127
kernel/prebuilts/common-modules/virtual-device/6.12/arm64,prebuilt,kernel,,Bug: 381103480
kernel/prebuilts/common-modules/virtual-device/6.12/x86-64,prebuilt,kernel,,Bug: 381103480
kernel/prebuilts/common-modules/virtual-device/6.18/arm64,prebuilt,kernel,,Bug: 509273825
kernel/prebuilts/common-modules/virtual-device/6.18/x86-64,prebuilt,kernel,,Bug: 509273825
kernel/prebuilts/common-modules/virtual-device/6.6/arm64,prebuilt,kernel,,Bug: 316847414
kernel/prebuilts/common-modules/virtual-device/6.6/x86-64,prebuilt,kernel,,Bug: 316847414
kernel/prebuilts/common-modules/virtual-device/mainline/arm64,prebuilt,kernel,,Bug: 177597234
kernel/prebuilts/common-modules/virtual-device/mainline/x86-64,prebuilt,kernel,,Bug: 177597234
kernel/prebuilts/mainline/arm64,prebuilt,kernel,,Bug: 161388412
kernel/prebuilts/mainline/x86-64,prebuilt,kernel,,Bug: 204978346
kernel/samsung,kernel,kernel/samsung,,Kernel tree for Samsung systems on Android.
kernel/superproject,meta,,,Bug: 180542026
kernel/tegra,kernel,kernel/tegra,,Kernel tree for NVIDIA Tegra family SOICs on Android.
kernel/tests,kernel,kernel/tests,,"Owner: bmahadev@
BUG: 26853153"
kernel/tools/interceptor,kernel,kernel/tools,androidbp,"Interceptor WARNING : The interceptor is still a work in progress. Contents of this section are subject to change. The interceptor is a tool to intercept all execve and other system calls during the build (specifically, make ) in order to construct the dependency tree and understand a list of commands executed by the build system. With the interceptor, the Bazel build system may first “dry-run”, analyze all inputs and outputs of each command, generate BUILD.bazel files for each command, then execute on these generated build files. This allows us to enable the following: Trim the dependency tree for each command. Reduce the possibility of invalidating an output when an unrelated input file is touched More parallelism within Bazel, not make Even faster incremental builds Generate compile_commands.json , which can then be plugged into IDEs and code search tools (e.g. https://cs.android.com/android/kernel/superproject ) More cache hits for Remote Build Execution (RBE) Give a more trimmed a"
kernel/x86,kernel,kernel/x86,,
kernel/x86_64,kernel,kernel/x86_64,,
kkernel/prebuilts/common-modules/virtual-device/mainline/arm64,prebuilt,kkernel,,Bug: 177597234
mirror/manifest,meta,,,Manifest that contains all the projects that are hosted on the AOSP server. Useful when mirroring.
mirror/superproject,meta,,,
pdk_review_filter,meta,,,
platform/abi/cpp,aosp,platform/abi,,
platform/apisurface,aosp,platform/apisurface,,Bug: 236926434
platform/art,aosp,platform/art,androidbp,
platform/bbuildbot_config,aosp,platform/bbuildbot_config,,This repository exists to configure cbuildbot based bruteus builds. To check this out as a repo checkout: repo init - u https :// android . googlesource . com / platform / bbuildbot_config To perform a local build: bin / cbuildbot -- buildroot ~/ tmp / test_buildroot \ -- buildbot -- debug -- config_repo \ https :// android . googlesource . com / platform / bbuildbot_config \ bbuildbot To perform a test build with local changes: bin / cbuildbot -- nobootstrap -- noreexec \ -- buildroot ~/ tmp / test_buildroot \ -- buildbot -- debug -- config_repo \ https :// android . googlesource . com / platform / bbuildbot_config \ bbuildbot
platform/bionic,aosp,platform/bionic,,"bionic maintainer overview bionic is Android's C library, math library, and dynamic linker. This document is a high-level overview of making changes to bionic itself. If you're trying to use bionic, or want more in-depth information about some part of the implementation, see all the bionic documentation . What are the big pieces of bionic? libc/ --- libc.so, libc.a The C library. Stuff like fopen(3) and kill(2) . libm/ --- libm.so, libm.a The math library. Traditionally Unix systems kept stuff like sin(3) and cos(3) in a separate library to save space in the days before shared libraries. libdl/ --- libdl.so The dynamic linker interface library. This is actually just a bunch of stubs that the dynamic linker replaces with pointers to its own implementation at runtime. This is where stuff like dlopen(3) lives. libstdc++/ --- libstdc++.so The C++ ABI support functions. The C++ compiler doesn't know how to implement thread-safe static initialization and the like, so it just calls functions"
platform/bootable/bootloader/legacy,aosp,platform/bootable,,bootloader reference code
platform/bootable/deprecated-ota,aosp,platform/bootable,,Bug: 357762254
platform/bootable/diskinstaller,aosp,platform/bootable,,
platform/bootable/libbootloader,aosp,platform/bootable,,Bug: 178600786
platform/bootable/recovery,aosp,platform/bootable,androidbp,"The Recovery Image Quick turn-around testing Devices using recovery-as-boot (e.g. Pixels, which set BOARD_USES_RECOVERY_AS_BOOT) # After setting up environment and lunch. m -j bootimage adb reboot bootloader # Pixel devices don't support booting into recovery mode with `fastboot boot`. fastboot flash boot # Manually choose `Recovery mode` from bootloader menu. Devices with a separate recovery image (e.g. Nexus) # After setting up environment and lunch. mm -j && m ramdisk-nodeps && m recoveryimage-nodeps adb reboot bootloader # To boot into the new recovery image without flashing the recovery partition: fastboot boot $ANDROID_PRODUCT_OUT/recovery.img Running the tests # After setting up environment and lunch. mmma -j bootable/recovery # Running the tests on device (under normal boot). adb root adb sync data # 32-bit device adb shell /data/nativetest/recovery_unit_test/recovery_unit_test # Or 64-bit device adb shell /data/nativetest64/recovery_unit_test/recovery_unit_test Running the man"
platform/brillo,aosp,platform/brillo,,
platform/build,aosp,platform/build,androidbp,"Android Make Build System This is the Makefile-based portion of the Android Build System. For documentation on how to run a build, see Usage.txt For a list of behavioral changes useful for Android.mk writers see Changes.md For an outdated reference on Android.mk files, see build-system.html . Our Android.mk files look similar, but are entirely different from the Android.mk files used by the NDK build system. When searching for documentation elsewhere, ensure that it is for the platform build system -- most are not. This Makefile-based system is in the process of being replaced with Soong , a new build system written in Go. During the transition, all of these makefiles are read by Kati , and generate a ninja file instead of being executed directly. That's combined with a ninja file read by Soong so that the build graph of the two systems can be combined and run as one."
platform/build/abfs,aosp,platform/build,,Bug: 353806122
platform/build/bazel,aosp,platform/build,,Bazel The code in this directory is experimental. Bazel support for Android Platform is undergoing active development and workflow stability is currently not guaranteed.
platform/build/bazel_common_rules,aosp,platform/build,,"Bazel Common Rules This directory contains common Bazel rules and tools for Android Kernel builds and possibly other Bazel based builds. For kernel-specific rules, place them in kernel checkout's //build/kleaf directory ."
platform/build/blueprint,aosp,platform/build,androidbp,"Blueprint Build System Blueprint is part of Soong. For more information, see build/soong/README.md ."
platform/build/docker,aosp,platform/build,,Bug: 174264117
platform/build/kati,aosp,platform/build,,"kati kati is an experimental GNU make clone. The main goal of this tool is to speed-up incremental build of Android. Currently, kati does not offer a faster build by itself. It instead converts your Makefile to a ninja file. Development Building: $ make ckati The above command produces a ckati binary in the project root. Testing (best ran in a Ubuntu 22.04 environment): $ make test $ go test --ckati $ go test --ckati --ninja $ go test --ckati --ninja --all The above commands run all cKati and Ninja tests in the testcases/ directory. Alternatively, you can also run the tests in a Docker container in a prepared test enviroment: $ docker build -t kati-test . && docker run kati-test If you are working on a machine that does not provide make in the same version as kati is currently compatible with, you might want to download a prebuilt version instead. For example to use the prebuilt version of Ubuntu 20.04 LTS: $ mkdir tmp/ && cd tmp/ $ wget http://mirrors.kernel.org/ubuntu/pool/main/m/mak"
platform/build/orchestrator,aosp,platform/build,,Bug: 240497793
platform/build/pesto,aosp,platform/build,,Bug: 184970112
platform/build/release,aosp,platform/build,androidbp,Bug: 282233606
platform/build/soong,aosp,platform/build,"androidbp,rust_dir","Soong Soong is one of the build systems used in Android. There are altogether three: The legacy Make-based build system that is controlled by files called Android.mk . Soong, which is controlled by files called Android.bp . The upcoming Bazel-based build system that is controlled by files called BUILD.bazel . Android.bp file are JSON-like declarative descriptions of “modules” to build; a “module” is the basic unit of building that Soong understands, similarly to how “target” is the basic unit of building for Bazel (and Make, although the two kinds of “targets” are very different) See Simple Build Configuration on source.android.com to read how Soong is configured for testing. Contributing Code reviews are handled through the usual code review system of Android, available here . For simple changes (fixing typos, obvious optimizations, etc.), sending a code review request is enough. For more substantial changes, file a bug in our bug tracker or or write us at android-building@googlegroup"
platform/build/trunk_release,aosp,platform/build,,Bug: 328663370
platform/compatibility/cdd,aosp,platform/compatibility,,See instructions in cdd_gen.sh
platform/cts,aosp,platform/cts,androidbp,Compatibility Test Suite
platform/dalvik,aosp,platform/dalvik,androidbp,Dalvik virtual machine and core libraries
platform/dalvik-snapshot,aosp,platform/dalvik-snapshot,,
platform/dalvik2,aosp,platform/dalvik2,,
platform/developers/build,aosp,platform/developers,,
platform/developers/demos,aosp,platform/developers,,
platform/developers/docs,aosp,platform/developers,,
platform/developers/samples/android,aosp,platform/developers,,
platform/development,aosp,platform/development,"androidbp,rustfmt","Platform engineering tools, sample code"
platform/docs/source.android.com,aosp,platform/docs,,Source files for the source.android.com site.
platform/external/AFLplusplus,third_party,,androidbp,"American Fuzzy Lop plus plus (AFL++) Release version: 4.10c GitHub version: 4.10c Repository: https://github.com/AFLplusplus/AFLplusplus AFL++ is maintained by: Marc “van Hauser” Heuse mh@mh-sec.de Dominik Maier mail@dmnk.co Andrea Fioraldi andreafioraldi@gmail.com Heiko “hexcoder-” Eissfeldt heiko.eissfeldt@hexco.de frida_mode is maintained by @Worksbutnottested Documentation: Jana Aydinbas jana.aydinbas@gmail.com Originally developed by Michal “lcamtuf” Zalewski. AFL++ is a superior fork to Google's AFL - more speed, more and better mutations, more and better instrumentation, custom module support, etc. You are free to copy, modify, and distribute AFL++ with attribution under the terms of the Apache-2.0 License. See the LICENSE for details. Getting started Here is some information to get you started: For an overview of the AFL++ documentation and a very helpful graphical guide, please visit docs/README.md . To get you started with tutorials, go to docs/tutorials.md . For releases, se"
platform/external/ARMComputeLibrary,third_party,,,Bug: 120862079
platform/external/AntennaPod/AntennaPod,third_party,,,"AntennaPod This is the official repository of AntennaPod, the easy-to-use, flexible and open-source podcast manager for Android. Feedback You can use the AntennaPod Google Group for discussions about the app. Bug reports and feature requests can be submitted here (please read the instructions on how to report a bug and how to submit a feature request first!). Help test AntennaPod AntennaPod has many users and we don‘t want them to run into trouble when we add a new feature. It’s important that we have a significant group test our app, so that we know all possible combinations of phones, Android versions and use cases work as expected. Check out our wiki how to join our Alpha and Beta testing programmes ! Nightly Builds There are APKs available for every branch that is actively worked on. Please note that these might be very unstable versions of the app, which can break your current installation. Install them at your own risk! Click here to get to the nightly builds folder. License Ante"
platform/external/AntennaPod/AudioPlayer,third_party,,,"AntennaPod-AudioPlayer This is the repository for library code separated from the main repository for licensing compliance. License All code in this repository is licensed under the Apache License, Version 2.0. You can find the license text in the LICENSE file. Local testing settings.gradle ... include ':aap' project(':aap').projectDir = new File('../AntennaPod-AudioPlayer/library') app/build.gradle and core/build.gradle Edit both AntennaPod/app/build.gradle and AntennaPod/core/build.gradle dependencies { .... compile project("":aap"") }"
platform/external/AntennaPod/afollestad,third_party,,,"Material Dialogs Table of Contents (Core) Sample Project Gradle Dependency Repository Core Commons What's New Basic Dialog Dismissing Dialogs Migration from AlertDialogs Displaying an Icon Stacked Action Buttons Neutral Action Button Callbacks List Dialogs Single Choice List Dialogs Coloring Radio Buttons Multi Choice List Dialogs Coloring Check Boxes Assigning IDs to List Item Views Custom List Dialogs Custom Views Later Access Typefaces Getting and Setting Action Buttons Theming Basics Colors Selectors Gravity Material Palette Global Theming Show, Cancel, and Dismiss Callbacks Input Dialogs Coloring the EditText Limiting Input Length Custom Invalidation Progress Dialogs Proguard Indeterminate Progress Dialogs Determinate (Seek Bar) Progress Dialogs Make an Indeterminate Dialog Horizontal Coloring the Progress Bar Custom Number and Progress Formats Tint Helper Misc Table of Contents (Commons) Color Chooser Dialogs Finding Visible Dialogs User Color Input File Selector Dialogs Folder S"
platform/external/ComputeLibrary,third_party,,androidbp,"⚠ Important From release 22.05: ‘master’ branch has been replaced with ‘main’ following our inclusive language update, more information here . ⚠ Important From release 22.08: armv7a with Android build will no longer be tested or maintained. ⚠ Important From release 23.02: The 23.02 release introduces a change to the default tensor extend padding behavior. To remain compatible with previous behavior, users will need to set the new flag ITensorInfo::lock_paddings() on tensors for which paddings should not be extended, such as the input and output of the model that need to be mapped to a camera frame or frame buffer. Compute Library The Compute Library is a collection of low-level machine learning functions optimized for Arm® Cortex®-A, Arm® Neoverse® and Arm® Mali™ GPUs architectures. The library provides superior performance to other open source alternatives and immediate support for new Arm® technologies e.g. SVE2. Key Features: Open source software available under a permissive MIT lic"
platform/external/FP16,third_party,,androidbp,"FP16 Header-only library for conversion to/from half-precision floating point formats Features Supports IEEE and ARM alternative half-precision floating-point format Property converts infinities and NaNs Properly converts denormal numbers, even on systems without denormal support Header-only library, no installation or build required Compatible with C99 and C++11 Fully covered with unit tests and microbenchmarks Acknowledgements The library is developed by Marat Dukhan of Georgia Tech. FP16 is a research project at Richard Vuduc 's HPC Garage lab in the Georgia Institute of Technology, College of Computing, School of Computational Science and Engineering. This material is based upon work supported by the U.S. National Science Foundation (NSF) Award Number 1339745. Any opinions, findings and conclusions or recommendations expressed in this material are those of the authors and do not necessarily reflect those of NSF."
platform/external/FXdiv,third_party,,androidbp,"FXdiv Header-only library for division via fixed-point multiplication by inverse On modern CPUs and GPUs integer division is several times slower than multiplication. FXdiv implements an algorithm to replace an integer division with a multiplication and two shifts. This algorithm improves performance when an application performs repeated divisions by the same divisor. Features Integer division for uint32_t , uint64_t , and size_t Header-only library, no installation or build required Compatible with C99, C++, OpenCL, and CUDA Uses platform-specific compiler intrinsics for optimal performance Covered with unit tests and microbenchmarks Example #include <fxdiv.h> /* Division of array by a constant: reference implementation */ void divide_array_c ( size_t length , uint32_t array [], uint32_t divisor ) { for ( size_t i = 0 ; i < length ; i ++) { array [ i ] /= divisor ; } } /* Division of array by a constant: implementation with FXdiv */ void divide_array_fxdiv ( size_t length , uint32_t a"
platform/external/GhostAWT,third_party,,,Bug: 130345990
platform/external/ImageMagick,third_party,,,
platform/external/Little-CMS,third_party,,,Bug: 436095022
platform/external/MPAndroidChart,third_party,,androidbp,:zap: A powerful & easy to use chart library for Android :zap: Charts is the iOS version of this library Table of Contents Quick Start Gradle Maven Documentation Examples Questions Donate Social Media More Examples License Creators Gradle Setup repositories { maven { url 'https://jitpack.io' } } dependencies { implementation 'com.github.PhilJay:MPAndroidChart:v3.1.0' } Maven Setup <!-- <repositories> section of pom.xml --> <repository> <id> jitpack.io </id> <url> https://jitpack.io </url> </repository> <!-- <dependencies> section of pom.xml --> <dependency> <groupId> com.github.PhilJay </groupId> <artifactId> MPAndroidChart </artifactId> <version> v3.1.0 </version> </dependency> See the documentation for examples and general use of MPAndroidChart. See the javadocs for more advanced documentation. Download the MPAndroidChart Example App or look at the source code . This repository's issue tracker is only for bugs and feature requests. The maintainers ask that you refrain from asking que
platform/external/Mako,third_party,,,
platform/external/Microsoft-GSL,third_party,,androidbp,"GSL: Guidelines Support Library The Guidelines Support Library (GSL) contains functions and types that are suggested for use by the C++ Core Guidelines maintained by the Standard C++ Foundation . This repo contains Microsoft's implementation of GSL. The library includes types like span<T> , string_span , owner<> and others. The entire implementation is provided inline in the headers under the gsl directory. The implementation generally assumes a platform that implements C++14 support. There are specific workarounds to support MSVC 2015. While some types have been broken out into their own headers (e.g. gsl/span ), it is simplest to just include gsl/gsl and gain access to the entire library. NOTE: We encourage contributions that improve or refine any of the types in this library as well as ports to other platforms. Please see CONTRIBUTING.md for more information about contributing. Project Code of Conduct This project has adopted the Microsoft Open Source Code of Conduct . For more info"
platform/external/Microsoft-unittest-cpp,third_party,,,
platform/external/OpenCL-CLHPP,third_party,,androidbp,"OpenCLTM API C++ bindings Doxgen documentation for the bindings is available here: http://khronosgroup.github.io/OpenCL-CLHPP/ Components: include/CL/opencl.hpp : The latest, maintained, version of the C++ bindings. It should work with all versions of OpenCL (including 1.x). This is what most users will want. include/CL/cl2.hpp : Includes opencl.hpp and emits a warning, for backwards compability. docs : Doxygen file used to generate HTML documentation for opencl.hpp . examples : A simple example application using the very basic features of the bindings. tests : A (very small, incomplete) set of regression tests. Building the tests requires Python, Ruby, and CMock. For the last one we use CMock top-of-tree from Github , as the latest (at the time this was written) released CMock version, v2.5.3, has some issues. CMakeLists.txt : Build system for the examples and tests and logic for the bindings installation. Build Instructions While the C++ Headers can be built and installed in isolatio"
platform/external/OpenCL-CTS,third_party,,androidbp,"OpenCL Conformance Test Suite (CTS) This is the OpenCL CTS for all versions of the Khronos OpenCL standard. Building the CTS The CTS supports Linux, Windows, macOS, and Android platforms. In particular, GitHub Actions CI builds against Ubuntu 20.04, Windows-latest, and macos-latest. Compiling the CTS requires the following CMake configuration options to be set: CL_INCLUDE_DIR Points to the unified OpenCL-Headers . CL_LIB_DIR Directory containing the OpenCL library to build against. OPENCL_LIBRARIES Name of the OpenCL library to link. It is advised that the OpenCL ICD-Loader is used as the OpenCL library to build against. Where CL_LIB_DIR points to a build of the ICD loader and OPENCL_LIBRARIES is “OpenCL”. Example Build Steps on a Linux platform to clone dependencies from GitHub sources, configure a build, and compile. git clone https :// github . com / KhronosGroup / OpenCL - CTS . git git clone https :// github . com / KhronosGroup / OpenCL - Headers . git git clone https :// github"
platform/external/OpenCL-Headers,third_party,,androidbp,"OpenCLTM API Headers This repository contains C language headers for the OpenCL API. The authoritative public repository for these headers is located at: https://github.com/KhronosGroup/OpenCL-Headers Issues, proposed fixes for issues, and other suggested changes should be created using Github. Build instructions While the OpenCL Headers can be built and installed in isolation, it is part of the OpenCL SDK . If looking for streamlined build experience and a complete development package, refer to the SDK build instructions instead of the following guide. Dependencies The OpenCL Headers CMake package support uses CMake for its build system. If CMake is not provided by your build system or OS package manager, please consult the CMake website . Example Build While the headers may just be copied as-is, this repository also contains a CMake script with an install rule to allow for packaging the headers. cmake - S . - B build - DCMAKE_INSTALL_PREFIX =/ chosen / install / prefix cmake -- build"
platform/external/OpenCL-ICD-Loader,third_party,,androidbp,"OpenCLTM ICD Loader This repo contains the source code and tests for the Khronos official OpenCL ICD Loader. CI Build Status Introduction OpenCL defines an Installable Client Driver (ICD) mechanism to allow developers to build applications against an Installable Client Driver loader (ICD loader) rather than linking their applications against a specific OpenCL implementation. The ICD Loader is responsible for: Exporting OpenCL API entry points Enumerating OpenCL implementations Forwarding OpenCL API calls to the correct implementation This repo contains the source code and tests for the Khronos official OpenCL ICD Loader. Note that this repo does not contain an OpenCL implementation (ICD). You will need to obtain and install an OpenCL implementation for your OpenCL device that supports the OpenCL ICD extension cl_khr_icd to run an application using the OpenCL ICD Loader. The OpenCL Installable Client Driver extension ( cl_khr_icd ) is described in the OpenCL extensions specification, wh"
platform/external/OpenCSD,third_party,,androidbp,"OpenCSD - An open source CoreSight(tm) Trace Decode library This library provides an API suitable for the decode of ARM(r) CoreSight(tm) trace streams. The library will decode formatted trace in three stages: Frame Deformatting : Removal CoreSight frame formatting from individual trace streams. Packet Processing : Separate individual trace streams into discrete packets. Packet Decode : Convert the packets into fully decoded trace describing the program flow on a core. The library is implemented in C++ with an optional “C” API. Library Versioning From version 0.4, library versioning will use a semantic versioning format (per http://semver.org ) of the form Major.minor.patch (M.m.p). Internal library version calls, documentation and git repository will use this format moving forwards. Where a patch version is not quoted, or quoted as .x then comments will apply to the entire release. Releases will be at M.m.0, with patch version incremented for bugfixes or documentation updates. Releases"
platform/external/Reactive-Extensions/RxCpp,third_party,,,Bug: 74962500
platform/external/SPIRV-Headers,third_party,,,Bug: 436095022
platform/external/SPIRV-Reflect,third_party,,,Bug: 279043541
platform/external/SPIRV-Tools,third_party,,,Bug: 436095022
platform/external/TestParameterInjector,third_party,,androidbp,"TestParameterInjector Link to Javadoc. Introduction TestParameterInjector is a JUnit4 and JUnit5 test runner that runs its test methods for different combinations of field/parameter values. Parameterized tests are a great way to avoid code duplication between tests and promote high test coverage for data-driven tests. There are a lot of alternative parameterized test frameworks, such as junit.runners.Parameterized and JUnitParams . We believe TestParameterInjector is an improvement of those because it is more powerful and simpler to use. This blogpost goes into a bit more detail about how TestParameterInjector compares to other frameworks used at Google. Getting started JUnit4 To start using TestParameterInjector right away, copy the following snippet: import com . google . testing . junit . testparameterinjector . TestParameterInjector ; import com . google . testing . junit . testparameterinjector . TestParameter ; @RunWith ( TestParameterInjector . class ) public class MyTest { @Tes"
platform/external/ThrowTheSwitch-Unity,third_party,,,Bug: 272109169
platform/external/XMP-Toolkit-SDK,third_party,,,Bug: 457231668
platform/external/XNNPACK,third_party,,androidbp,"XNNPACK XNNPACK is a highly optimized library of floating-point neural network inference operators for ARM, WebAssembly, and x86 platforms. XNNPACK is not intended for direct use by deep learning practitioners and researchers; instead it provides low-level performance primitives for accelerating high-level machine learning frameworks, such as TensorFlow Lite , TensorFlow.js , PyTorch , and MediaPipe . Supported Architectures ARM64 on Android, Linux, macOS, and iOS (including WatchOS and tvOS) ARMv7 (with NEON) on Android ARMv6 (with VFPv2) on Linux x86 and x86-64 (up to AVX512) on Windows, Linux, macOS, Android, and iOS simulator WebAssembly MVP WebAssembly SIMD RISC-V (RV32GV and RV64GC) Operator Coverage XNNPACK implements the following neural network operators: 2D Convolution (including grouped and depthwise) 2D Deconvolution (AKA Transposed Convolution) 2D Average Pooling 2D Max Pooling 2D ArgMax Pooling (Max Pooling + indices) 2D Unpooling 2D Bilinear Resize 2D Depth-to-Space (AKA"
platform/external/aac,third_party,,androidbp,
platform/external/abi-compliance-checker,third_party,,,
platform/external/abi-dumper,third_party,,,
platform/external/abseil-cpp,third_party,,androidbp,"Abseil - C++ Common Libraries The repository contains the Abseil C++ library code. Abseil is an open-source collection of C++ code (compliant to C++14) designed to augment the C++ standard library. Table of Contents About Abseil Quickstart Building Abseil Support Codemap Releases License Links About Abseil Abseil is an open-source collection of C++ library code designed to augment the C++ standard library. The Abseil library code is collected from Google's own C++ code base, has been extensively tested and used in production, and is the same code we depend on in our daily coding lives. In some cases, Abseil provides pieces missing from the C++ standard; in others, Abseil provides alternatives to the standard for special needs we've found through usage in the Google code base. We denote those cases clearly within the library code we provide you. Abseil is not meant to be a competitor to the standard library; we've just found that many of these utilities serve a purpose within our code b"
platform/external/accessibility-test-framework,third_party,,androidbp,"Accessibility Test Framework for Android To help people with disabilities access Android apps, developers of those apps need to consider how their apps will be presented to accessibility services. Some good practices can be checked by automated tools, such as if a View has a contentDescription. Other rules require human judgment, such as whether or not a contentDescription makes sense to all users. For more information about Mobile Accessibility, see http://www.w3.org/WAI/mobile/ . This library collects various accessibility-related checks on View objects as well as AccessibilityNodeInfo objects (which the Android framework derives from Views and sends to AccessibilityServices). Building the Library The supplied gradle wrapper and build.gradle file can be used to build the Accessibility Test Framework or import the project into Android Studio. $ ./ gradlew build Sample Usage Given a view, the following code runs all accessibility checks on all views in the hierarchy rooted at that view"
platform/external/accompanist,third_party,,androidbp,"Accompanist is a group of libraries that aim to supplement Jetpack Compose with features that are commonly required by developers but not yet available. Accompanist is a labs like environment for new Compose APIs. We use it to help fill known gaps in the Compose toolkit, experiment with new APIs and to gather insight into the development experience of developing a Compose library. The goal of these libraries is to upstream them into the official toolkit, at which point they will be deprecated and removed from Accompanist. For more details like, why does this library exist? Why is it not part of AndroidX? Will you be releasing more libraries? Check out our Accompanist FAQ . Compose versions Each release outlines what version of the Compose UI libraries it depends on. We are currently releasing multiple versions of Accompanist for the different versions of Compose: For stable versions of Compose, we use the latest stable version of the Compose compiler. For non-stable versions (alpha, be"
platform/external/acpica,third_party,,,Bug: 509273825
platform/external/actionbarsherlock,third_party,,,
platform/external/adeb,third_party,,,Bug: 111852163
platform/external/adhd,third_party,,,Bug: 111264136
platform/external/adt-infra,third_party,,,
platform/external/aehd,third_party,,,Bug: 306906844
platform/external/aes,third_party,,,
platform/external/alac,third_party,,,
platform/external/alsa-lib,third_party,,,
platform/external/android-browser-helper,third_party,,,Bug: 509273825
platform/external/android-clat,third_party,,,
platform/external/android-cmake,third_party,,,
platform/external/android-key-attestation,third_party,,androidbp,"Android Key Attestation Library This library uses the Bouncy Castle ASN.1 parser to extract information from an Android attestation data structure to verify that a key pair has been generated in a hardware-protected environment of an Android device. It is maintained in tandem with Android's key attestation capabilities and is meant for production use. This repository contains a server sample code that shows how to validate an Android attestation certificate chain outside the Android framework. This is the recommended best practice, since if the Android device is rooted or otherwise compromised, on-device validation of the attestation may be inaccurate. The entry point into the library itself is com.google.android.attestation.ParsedAttestationRecord.createParsedAttestationRecord . For more details, see the documentation and the guide at https://developer.android.com/training/articles/security-key-attestation.html . Getting Started See the server sample for details. Support Stack Overflo"
platform/external/android-kotlin-demo,third_party,,,Bug: 117121618
platform/external/android-mock,third_party,,,
platform/external/android-nn-driver,third_party,,,"Arm NN Android Neural Networks driver This directory contains the Arm NN driver for the Android Neural Networks API, implementing the android.hardware.neuralnetworks@1.0 , android.hardware.neuralnetworks@1.1 , android.hardware.neuralnetworks@1.2 and android.hardware.neuralnetworks@1.3 HALs. For more information about supported operations and configurations, see NnapiSupport.txt For documentation about integrating this driver into an Android tree, see Integrator Guide For FAQs and troubleshooting advice, see FAQ.md License The android-nn-driver is provided under the MIT license. See LICENSE for more information. Contributions to this project are accepted under the same license. Individual files contain the following tag instead of the full license text. SPDX-License-Identifier: MIT This enables machine processing of license information based on the SPDX License Identifiers that are available here: http://spdx.org/licenses/"
platform/external/android-studio-gradle-test,third_party,,,
platform/external/android_onboarding,third_party,,androidbp,Bug: 299948735
platform/external/androidplot,third_party,,androidbp,
platform/external/angle,third_party,,androidbp,"ANGLE - Almost Native Graphics Layer Engine The goal of ANGLE is to allow users of multiple operating systems to seamlessly run WebGL and other OpenGL ES content by translating OpenGL ES API calls to one of the hardware-supported APIs available for that platform. ANGLE currently provides translation from OpenGL ES 2.0, 3.0 and 3.1 to Vulkan, desktop OpenGL, OpenGL ES, Direct3D 9, and Direct3D 11. Future plans include ES 3.2, translation to Metal and MacOS, Chrome OS, and Fuchsia support. Level of OpenGL ES support via backing renderers Direct3D 9 Direct3D 11 Desktop GL GL ES Vulkan Metal OpenGL ES 2.0 complete complete complete complete complete complete OpenGL ES 3.0 complete complete complete complete complete OpenGL ES 3.1 incomplete complete complete complete OpenGL ES 3.2 in progress in progress complete Additionally, OpenGL ES 1.1 is implemented in the front-end using OpenGL ES 3.0 features. This version of the specification is thus supported on all platforms specified above that"
platform/external/animal-sniffer,third_party,,,Bug: 509273825
platform/external/annotation-tools,third_party,,androidbp,Bug: 67631744
platform/external/anonymous-counting-tokens,third_party,,androidbp,"An Implementation of Anonymous Counting Tokens. An anonymous counting token (ACT) scheme allows Clients to obtain blind signatures or MACs (aka tokens) on messages of their choice, while at the same time enabling Issuers to enforce rate limits on the number of tokens that a client can obtain for each message. Specifically, Blind issuance: The Issuer doesn't see the message for which a token is being requested Unlinkability: When the Client redeems a token, the token cannot be linked to the issuance phase Throttled issuance on identical messages: The Issuer can detect if a particular Client is requesting a token for a previously used message. This repository implements a variant of the scheme described in [1], which is secure in the random oracle model under the q-DDHI assumption (in a cyclic group) and the DCR assumption. The variant implemented here relaxes the proven soundness guarantee to the non-concurrent setting. It also assumes that the server generates its parameters correctly."
platform/external/ant-glob,third_party,,,
platform/external/antlr,third_party,,androidbp,
platform/external/apache-apr,third_party,,,
platform/external/apache-apr-util,third_party,,,
platform/external/apache-commons-bcel,third_party,,androidbp,Apache Commons BCEL Apache Commons Bytecode Engineering Library Documentation More information can be found on the Apache Commons BCEL homepage . The Javadoc can be browsed. Questions related to the usage of Apache Commons BCEL should be posted to the user mailing list . Where can I get the latest release? You can download source and binaries from our download page . Alternatively you can pull it from the central Maven repositories: <dependency> <groupId> org.apache.bcel </groupId> <artifactId> bcel </artifactId> <version> 6.3 </version> </dependency> Contributing We accept Pull Requests via GitHub. The developer mailing list is the main channel of communication for contributors. There are some guidelines which will make applying PRs easier for us: No tabs! Please use spaces for indentation. Respect the code style. Create minimal diffs - disable on save actions like reformat source code or organize imports. If you feel the source code should be reformatted create a separate PR for this
platform/external/apache-commons-compress,third_party,,androidbp,"Apache Commons Compress Apache Commons Compress software defines an API for working with compression and archive formats. These include: bzip2, gzip, pack200, lzma, xz, Snappy, traditional Unix Compress, DEFLATE, DEFLATE64, LZ4, Brotli, Zstandard and ar, cpio, jar, tar, zip, dump, 7z, arj. Documentation More information can be found on the Apache Commons Compress homepage . The Javadoc can be browsed. Questions related to the usage of Apache Commons Compress should be posted to the user mailing list . Where can I get the latest release? You can download source and binaries from our download page . Alternatively you can pull it from the central Maven repositories: <dependency> <groupId> org.apache.commons </groupId> <artifactId> commons-compress </artifactId> <version> 1.18 </version> </dependency> Contributing We accept Pull Requests via GitHub. The developer mailing list is the main channel of communication for contributors. There are some guidelines which will make applying PRs easie"
platform/external/apache-commons-io,third_party,,androidbp,"Apache Commons IO The Apache Commons IO library contains utility classes, stream implementations, file filters, file comparators, endian transformation classes, and much more. Documentation More information can be found on the Apache Commons IO homepage . The Javadoc can be browsed. Questions related to the usage of Apache Commons IO should be posted to the [user mailing list][ml]. Getting the latest release You can download source and binaries from our download page . Alternatively, you can pull it from the central Maven repositories: <dependency> <groupId> commons-io </groupId> <artifactId> commons-io </artifactId> <version> 2.15.0 </version> </dependency> Building Building requires a Java JDK and Apache Maven . The required Java version is found in the pom.xml as the maven.compiler.source property. From a command shell, run mvn without arguments to invoke the default Maven goal to run all tests and checks. Contributing We accept Pull Requests via GitHub. The developer mailing list i"
platform/external/apache-commons-lang,third_party,,androidbp,"Apache Commons Lang Apache Commons Lang, a package of Java utility classes for the classes that are in java.lang's hierarchy, or are considered to be so standard as to justify existence in java.lang. Documentation More information can be found on the Apache Commons Lang homepage . The Javadoc can be browsed. Questions related to the usage of Apache Commons Lang should be posted to the [user mailing list][ml]. Where can I get the latest release? You can download source and binaries from our download page . Alternatively you can pull it from the central Maven repositories: <dependency> <groupId> org.apache.commons </groupId> <artifactId> commons-lang3 </artifactId> <version> 3.12.0 </version> </dependency> Contributing We accept Pull Requests via GitHub. The developer mailing list is the main channel of communication for contributors. There are some guidelines which will make applying PRs easier for us: No tabs! Please use spaces for indentation. Respect the code style. Create minimal di"
platform/external/apache-commons-math,third_party,,androidbp,
platform/external/apache-harmony,third_party,,androidbp,
platform/external/apache-http,third_party,,androidbp,
platform/external/apache-log4cxx,third_party,,,
platform/external/apache-qp,third_party,,,Quoted-printable library
platform/external/apache-velocity-engine,third_party,,androidbp,"Title: Apache Velocity Engine Apache Velocity Welcome to Apache Velocity Engine! Apache Velocity is a general purpose template engine written in Java. For more information about Velocity, please look at the HTML documentation on the Velocity web site . Here's a description of the top level directories: velocity-engine-core/ The Velocity Engine core module velocity-engine-examples/ Several simple examples velocity-engine-scripting/ JSR-223 implementation for Velocity scripting spring-velocity-support Velocity Engine factory bean for Spring framework src/ Source for parent modules, mainly changelog REQUIREMENTS Apache Velocity 2.2 will run with any Java runtime engine v1.8 or greater. Building from source requires Java development kit v1.8 or greater and Maven 3 (3.0.5+). At compile time, Maven should fetch all engine needed dependencies, which are: commons-lang v3.9 slf4j-api v1.7.30 plus the following ones, needed for the integrated tests: slf4j-simple v1.7.30 junit v4.13 hsqldb v2.5.0"
platform/external/apache-xml,third_party,,androidbp,
platform/external/apple-coreaudiosamples,third_party,,,
platform/external/archive-patcher,third_party,,,"Archive Patcher Documentation Copyright 2016 Google Inc. All rights reserved. Licensed under the Apache License, Version 2.0 (the “License”); you may not use this file except in compliance with the License. You may obtain a copy of the License at http://www.apache.org/licenses/LICENSE-2.0 Unless required by applicable law or agreed to in writing, software distributed under the License is distributed on an “AS IS” BASIS, WITHOUT WARRANTIES OR CONDITIONS OF ANY KIND, either express or implied. See the License for the specific language governing permissions and limitations under the License. Table of Contents Introduction How It Works Generating a Patch Applying a Patch Handled Cases Sample Code: Generating a Patch Sample Code: Applying a Patch Background The File-by-File v1 Patch Format Old Archive Uncompression Op New Archive Recompression Op Compression Settings Compatibility Window Delta Descriptor Record Appendix Interesting Obstacles to Patching Archives Areas For Improvement Acknow"
platform/external/arduino,third_party,,,
platform/external/arduino-ide,third_party,,,
platform/external/argp-standalone,third_party,,androidbp,"argp-standalone This is a continuation of Niels Möller ‘s work on an argp library for systems which don’t provide one themselves (most non-GNU ones). After noticing issues with executables built against argp-standalone 1.3, I decided to fork it and continue the effort. This repository is the result of making a timeline with releases 1.0 to 1.3 (obtained from here ) of the original argp-standalone, copying files from glibc 2.33 and fixing them up for compatibility, and finally some general clean up. I commited many trivial changes from the glibc version in order to make updating easier. It is my expectation that this library will be useful to others. Feel free to open an issue or make a PR. License Since this repository is based on GNU C Library source code and changes from Niels and collaborators, it is licensed primarily under the GNU Lesser General Public License, version 2.1 or later (SPDX: LGPL-2.1-or-later )."
platform/external/arm-neon-tests,third_party,,androidbp,
platform/external/arm-optimized-routines,third_party,,androidbp,Bug: 111600065
platform/external/arm-trusted-firmware,third_party,,androidbp,Bug: 141778450
platform/external/armnn,third_party,,androidbp,"Quick Start Guides Pre-Built Binaries Software Overview Get Involved Contributions Disclaimer License Third-Party Build Flags Arm NN Arm NN is the most performant machine learning (ML) inference engine for Android and Linux, accelerating ML on Arm Cortex-A CPUs and Arm Mali GPUs . This ML inference engine is an open source SDK which bridges the gap between existing neural network frameworks and power-efficient Arm IP. Arm NN outperforms generic ML libraries due to Arm architecture-specific optimizations (e.g. SVE2) by utilizing Arm Compute Library (ACL) . To target Arm Ethos-N NPUs, Arm NN utilizes the Ethos-N NPU Driver . For Arm Cortex-M acceleration, please see CMSIS-NN . Arm NN is written using portable C++14 and built using CMake - enabling builds for a wide variety of target platforms, from a wide variety of host environments. Python developers can interface with Arm NN through the use of our Arm NN TF Lite Delegate . Quick Start Guides The Arm NN TF Lite Delegate provides the wi"
platform/external/astc-codec,third_party,,,"astc-codec astc-codec is a software ASTC decoder implementation, which supports the ASTC LDR profile. Example usage: #include <astc-codec/astc-codec.h> // ... std::vector<uint8_t> astc = LoadMyASTCData(); const size_t width = 640; const size_t height = 480; std::vector<uint8_t> result; result.resize(width * height * 4); bool result = astc_codec::ASTCDecompressToRGBA( astc.data(), astc.size(), width, height, astc_codec::FootprintType::k4x4, result.data(), result.size(), /* stride */ width * 4); Building With bazel Install Bazel , and then run: bazel build :astc_codec -c opt astc-codec has been tested on Mac and Linux. Run Tests bazel test //... With CMake Install CMake , and the run: mkdir build && cd build && cmake .. && make Or open the project in your favorite IDE and import CMakeLists.txt. Run Tests In the build directory, execute: ctest Contributing See CONTRIBUTING.md for important contributing requirements. License astc-codec project is licensed under the Apache License Version 2"
platform/external/astl,third_party,,,
platform/external/auto,third_party,,androidbp,"Auto A collection of source code generators for Java . Overview Java is full of code that is mechanical, repetitive, typically untested and sometimes the source of subtle bugs. Sounds like a job for robots! The Auto subprojects are a collection of code generators that automate those types of tasks. They create the code you would have written, but without the bugs. Save time. Save code. Save sanity. Subprojects AutoFactory - JSR-330-compatible factories AutoService - Provider-configuration files for ServiceLoader AutoValue - Immutable value-type code generation for Java 7+. Common - Helper utilities for writing annotation processors. License Copyright 2013 Google LLC Licensed under the Apache License, Version 2.0 (the ""License""); you may not use this file except in compliance with the License. You may obtain a copy of the License at http://www.apache.org/licenses/LICENSE-2.0 Unless required by applicable law or agreed to in writing, software distributed under the License is distributed"
platform/external/autoconf,third_party,,,Bug: 288950205
platform/external/automotive-design-compose-protos,third_party,,,Bug: 436095022
platform/external/autotest,third_party,,,"Autotest: Automated integration testing for Android and ChromeOS Devices Autotest is a framework for fully automated testing. It was originally designed to test the Linux kernel, and expanded by the ChromeOS team to validate complete system images of ChromeOS and Android. Autotest is composed of a number of modules that will help you to do stand alone tests or setup a fully automated test grid, depending on what you are up to. A non extensive list of functionality is: A body of code to run tests on the device under test. In this setup, test logic executes on the machine being tested, and results are written to files for later collection from a development machine or lab infrastructure. A body of code to run tests against a remote device under test. In this setup, test logic executes on a development machine or piece of lab infrastructure, and the device under test is controlled remotely via SSH/adb/some combination of the above. Developer tools to execute one or more tests. test_that f"
platform/external/avahi,third_party,,,
platform/external/avb,third_party,google_origin,"androidbp,rust_dir",Android Verified Boot 2.0 This repository contains tools and libraries for working with Android Verified Boot 2.0. Usually AVB is used to refer to this codebase. Table of Contents What is it? The VBMeta struct Rollback Protection A/B Support The VBMeta Digest Tools and Libraries avbtool and libavb Files and Directories Portability Versioning and Compatibility Adding New Features Using avbtool Build System Integration Device Integration System Dependencies Locked and Unlocked mode Tamper-evident Storage Named Persistent Values Persistent Digests Updating Stored Rollback Indexes Recommended Bootflow Booting Into Recovery Handling dm-verity Errors Android Specific Integration Device Specific Notes Version History What is it? Verified boot is the process of assuring the end user of the integrity of the software running on a device. It typically starts with a read-only portion of the device firmware which loads code and executes it only after cryptographically verifying that the code is aut
platform/external/aws-crt-java,third_party,,androidbp,"AWS CRT Java Java Bindings for the AWS Common Runtime License This library is licensed under the Apache 2.0 License. Jump To: Platform Specific Building Linux/Unix OSX Windows Android Java CRT Documentation Installing Platform-Specific JARs System Properties TLS Behavior Testing IDEs Debugging Platform Linux/Unix Requirements: Clang 3.9+ or GCC 4.4+ cmake 3.1+ Java: Any JDK8 or above, ensure JAVA_HOME is set Maven Building: apt-get install cmake3 maven openjdk-8-jdk-headless -y git clone https://github.com/awslabs/aws-crt-java.git cd aws-crt-java git submodule update --init --recursive mvn compile OSX Requirements: cmake 3.1 ninja Java: Any JDK8 or above, ensure JAVA_HOME is set Maven Building: brew install maven cmake (if you have homebrew installed, otherwise install these manually) git clone https://github.com/awslabs/aws-crt-java.git cd aws-crt-java git submodule update --init --recursive mvn compile Windows Requirements: Visual Studio 2015 or above CMake 3.1 Java: Any JDK8 or abov"
platform/external/aws-eventstream-java,third_party,,androidbp,AWS EventStream for Java License This library is licensed under the Apache 2.0 License.
platform/external/aws-sdk-java-v2,third_party,,,"AWS SDK for Java 2.0 The AWS SDK for Java 2.0 is a rewrite of 1.0 with some great new features. As with version 1.0, it enables you to easily work with Amazon Web Services but also includes features like non-blocking IO and pluggable HTTP implementation to further customize your applications. You can get started in minutes using Maven or any build system that supports MavenCentral as an artifact source. SDK Homepage 1.11 to 2.0 Changelog Best Practices Sample Code API Docs Developer Guide ( source ) Maven Archetypes Issues SDK Blog Giving Feedback Getting Started Sign up for AWS Before you begin, you need an AWS account. Please see the Sign Up for AWS section of the developer guide for information about how to create an AWS account and retrieve your AWS credentials. Minimum requirements To run the SDK you will need Java 1.8+ . For more information about the requirements and optimum settings for the SDK, please see the Installing a Java Development Environment section of the developer g"
platform/external/bart,third_party,,,BART The Behavioural Analysis and Regression Toolkit is based on TRAPpy . The primary goal is to assert behaviours using the FTrace output from the kernel. Target Audience The framework is designed to cater to a wide range of audience. Aiding developers as well as automating the testing of “difficult to test” behaviours. Kernel Developers Making sure that the code that you are writing is doing the right thing. Performance Engineers Plotting/Asserting performance behaviours between different revisions of the kernel. Quality Assurance/Release Engineers Verifying behaviours when different components/patches are integrated. Installation The following instructions are for Ubuntu 14.04 LTS but they should also work with Debian jessie. Older versions of Ubuntu or Debian (e.g. Ubuntu 12.04 or Debian wheezy) will likely require to install more packages from pip as the ones present in Ubuntu 12.04 or Debian wheezy will probably be too old. Required dependencies Install additional tools required
platform/external/bazel-contrib-bazel_features,third_party,,,"Bazel Features Use this to determine the availability of a Bazel feature in your ruleset. It works under the hood by comparing the Bazel version against a known range in which the feature is available. Example usage: load ( ""@bazel_features//:features.bzl"" , ""bazel_features"" ) if bazel_features . toolchains . has_optional_toolchains : # Do something The features.bzl file contains the list of features. Accessing globals References to global Starlark symbols that do not exist cause load time errors, which means that their availability in Bazel cannot be tested via a regular feature. Instead, use bazel_features.globals.<symbol> , which is <symbol> if the symbol is available and None else. See globals.bzl for the list of symbols that can be checked for in this way."
platform/external/bazel-contrib-rules_devicetree,third_party,,,Bazel rules for devicetree Ruleset for building devicetrees . Getting started Installation Configuring toolchains Building devicetrees API reference Documentation to all rules
platform/external/bazel-contrib-supply-chain,third_party,,,supply-chain
platform/external/bazel-skylib,third_party,,,"Skylib Skylib is a library of Starlark functions for manipulating collections, file paths, and various other data types in the domain of Bazel build rules. Each of the .bzl files in the lib directory defines a “module”—a struct that contains a set of related functions and/or other symbols that can be loaded as a single unit, for convenience. Skylib also provides build rules under the rules directory. Getting Started WORKSPACE file See the WORKSPACE setup section for the current release . If you want to use lib/unittest.bzl from Skylib versions released in or after December 2018, then you also should add to the WORKSPACE file: load ( ""@bazel_skylib//:workspace.bzl"" , ""bazel_skylib_workspace"" ) bazel_skylib_workspace () BUILD and *.bzl files Then, in the BUILD and/or *.bzl files in your own workspace, you can load the modules (listed below ) and access the symbols by dotting into those structs: load ( ""@bazel_skylib//lib:paths.bzl"" , ""paths"" ) load ( ""@bazel_skylib//lib:shell.bzl"" , ""she"
platform/external/bazelbuild-apple_support,third_party,,,"Apple Support for Bazel This repository contains the Apple CC toolchain , Apple related platforms and constraints definitions, and small helper functions for rules authors targeting Apple platforms. If you want to build iOS, tvOS, visionOS, watchOS, or macOS apps, use rules_apple . If you want to build Swift use rules_swift . See the documentation for the helper rules provided by this repository. Installation Copy the MODULE.bazel or WORKSPACE snippets from the releases page into your project. Toolchain setup The Apple CC toolchain in by this repository provides toolchains for building for Apple platforms besides macOS. Since Bazel 7 this toolchain is required when targeting those platforms but the toolchain also supports Bazel 6. To use the Apple CC toolchain, pull this repository into your build and add this to your .bazelrc : build -- enable_platform_specific_config build : macos -- apple_crosstool_top = @local_config_apple_cc //:toolchain build : macos -- crosstool_top = @local_con"
platform/external/bazelbuild-bazel-central-registry,third_party,,,"Bazel Central Registry Overview The default Bazel registry for the Bzlmod external dependency system of Bazel. It is the recommended place to find and publish your favorite Bazel projects. Visit https://registry.bazel.build to check what modules are already available! Contributing To contribute, check our BCR policies and contribution guidelines . Depending on the BCR infrastructure (and how not to) The core infrastructure of the Bazel Central Registry depends on GitHub and Google Cloud. Bazel users who enable Bzlmod depend on the BCR by default. While we try to keep the BCR infrastructure simple and reliable, we assume no liability for any damages caused by build failures due to potential BCR infrastructure failures. If you consider it necessary, you can do the following to avoid depending on the BCR infrastructure while still making use of the information checked into the BCR. Clone the BCR repository or mirror the content to your own infrastructure and use the --registry option to c"
platform/external/bazelbuild-kotlin-rules,third_party,,,"A repository of Bazel starlark rules and tooling for Kotlin. These rules are maintained and published by Google as-is, with limited to no support available at the moment."
platform/external/bazelbuild-platforms,third_party,,,"Bazel Platforms This repository houses all canonical constraint_setting() s, constraint_value() s and platform() s that are universally useful across languages and Bazel projects. For questions or concerns please email bazel-discuss@googlegroups.com . Motivation Constraints must be carefully organized to avoid fragmentation. If two different declarations for, say, cpu=x86_64 were to exist at the same time then select() statements and toolchain selection would stop working across languages and projects. Process This repository only includes truly ubiquitous constraints. Most common constraints -- that is settings and values that can be used across projects - fall into specific areas like “Apple” or “Java”. These are declared in those areas' respective repositories. A very few constraints (such as OS and cpu) are relevant for essentially all projects across all areas. These are what this repository is for. Adding a canonical constraint value To add a new canonical constraint value, prepa"
platform/external/bazelbuild-remote-apis,third_party,,,"remote-apis This repository contains a collection of APIs which work together to enable large scale distributed execution and caching on source code and other inputs. It describes how to upload inputs, request the execution, monitor for results, and cache those results. It‘s overall aim is to enable large scale parallel executions that wouldn’t be feasible on a single system, while minimizing the amount of uploads and executions needed by storing data in a content-addressable format and caching results. Remote Execution API The Remote Execution API is an API that, at its most general, allows clients to request execution of binaries on a remote system. It is intended primarily for use by build systems, such as Bazel , to distribute build and test actions through a worker pool, and also provide a central cache of build results. This allows builds to execute faster, both by reusing results already built by other clients and by allowing many actions to be executed in parallel, in excess of"
platform/external/bazelbuild-remote-apis-sdks,third_party,,,Remote Execution API SDKs CI status: This repository contains SDKs for the Remote Execution API . See each language subdirectory's README.md for more specific instructions on using the SDK for that language.
platform/external/bazelbuild-rules-proto,third_party,,,"Protobuf Rules for Bazel Postsubmit This repository contains a Starlark implementation of proto_library and related “base layer” rules in Bazel. It does not provide rules for any specific languages. These are typically expected to be provided in the ruleset for the language. For a high-level overview of using Protocol Buffers and gRPC with Bazel, see https://bazel-contrib.github.io/SIG-rules-authors/proto-grpc.html . For the list of Proto rules, see the Bazel documentation . Roadmap As of September 2023, this repo is mostly empty and contains stubs for proto_library , ProtoInfo and other proto toolchain support rules. This will change soon, around the time Bazel 7 is released (in Oct/Nov 2023), because the stubs will be replaced with actual implementations. We plan to remove the native implementations in Bazel 8, at which point rules_proto will be the only way to build Protobuf rules. As such it's recommended to use this repository now, so that the removal of implementations from Bazel"
platform/external/bazelbuild-rules_android,third_party,,,"Android support in Bazel Disclaimer NOTE: This branch is a development preview of the Starlark implementation of Android rules for Bazel. This code is incomplete and may not function as-is. A version of Bazel built at or near head or a recent pre-release and the following flags are necessary to use these rules: --experimental_enable_android_migration_apis --experimental_google_legacy_api --incompatible_java_common_parameters --android_databinding_use_v3_4_args --experimental_android_databinding_v2 Overview This repository contains the Starlark implementation of Android rules in Bazel. The rules are being incrementally converted from their native implementations in the Bazel source tree . For the list of Android rules, see the Bazel documentation . Getting Started To use the Starlark Bazel Android rules, add the following to your WORKSPACE file: load(""@bazel_tools//tools/build_defs/repo:http.bzl"", ""http_archive"") # Or a later commit RULES_ANDROID_COMMIT= ""0bf3093bd011acd35de3c479c8990dd"
platform/external/bazelbuild-rules_cc,third_party,,,"C++ rules for Bazel Postsubmit Postsubmit + Current Bazel Incompatible flags This repository contains a Starlark implementation of C++ rules in Bazel. The rules are being incrementally converted from their native implementations in the Bazel source tree . For the list of C++ rules, see the Bazel documentation . Getting Started There is no need to use rules from this repository just yet. If you want to use rules_cc anyway, add the following to your WORKSPACE file: load ( ""@bazel_tools//tools/build_defs/repo:http.bzl"" , ""http_archive"" ) http_archive ( name = ""rules_cc"" , urls = [ ""https://github.com/bazelbuild/rules_cc/archive/refs/tags/<VERSION>.tar.gz"" ], sha256 = ""..."" , ) Then, in your BUILD files, import and use the rules: load ( ""@rules_cc//cc:defs.bzl"" , ""cc_library"" ) cc_library ( ... ) Using the rules_cc toolchain This repo contains an auto-detecting toolchain that expects to find tools installed on your host machine. This is non-hermetic, and may have varying behaviors dependin"
platform/external/bazelbuild-rules_fuzzing,third_party,,,Bug: 234007358
platform/external/bazelbuild-rules_go,third_party,,,Bug: 284607415
platform/external/bazelbuild-rules_java,third_party,,,"rules_java Postsubmit Postsubmit + Current Bazel Incompatible Flags Java Rules for Bazel https://bazel.build . Documentation For a quickstart tutorial, see https://bazel.build/start/java For slightly more advanced usage, like setting up toolchains or writing your own java-like rules, see https://bazel.build/docs/bazel-and-java Core Java rules Add a load like: load ( ""@rules_java//java:java_library.bzl"" , ""java_library"" ) to your BUILD / BUILD.bazel / bzl` files For detailed docs on the core rules, see https://bazel.build/reference/be/java"
platform/external/bazelbuild-rules_license,third_party,,,"rules_license CI: This repository contains a set of rules and tools for declaring metadata about packages, such as the licenses the package is available under the canonical package name and version copyright information ... and more TBD in the future gathering license declarations into artifacts to ship with code applying organization specific compliance constriants against the set of packages used by a target. producing SBOMs for built artifacts. WARNING: The code here is still in active initial development and will churn a lot. Contact If you want to follow along: Mailing list: bazel-ssc@bazel.build Monthly eng meeting: calendar link Latest docs Roadmap Last update: October 22, 2023 Q4 2023 Reference implementation for “packages used” tool produce JSON output usable for SBOM generation or other compliance reporting. Reference implementation for an SPDX SBOMM generator Support for reading bzlmod lock file Support for reading maven lock file “How To” guides produce a license audit prod"
platform/external/bazelbuild-rules_pkg,third_party,,,"Bazel package building Bazel rules for building tar, zip, deb, and rpm for packages. For the latest version, see Releases (with WORKSPACE setup) / Documentation Use rules-pkg-discuss@googlegroups.com for discussion. CI: Basic rules Package building rules pkg - Rules for building packages of various types. examples - Cookbook examples for using the rules. As of Bazel 4.x, Bazel uses this rule set for packaging its distribution. Bazel still contains a limited version of pkg_tar but its feature set is frozen. Any new capabilities will be added here. WORKSPACE setup Sample, but see releases for the current release. load(""@bazel_tools//tools/build_defs/repo:http.bzl"", ""http_archive"") http_archive( name = ""rules_pkg"", urls = [ ""https://mirror.bazel.build/github.com/bazelbuild/rules_pkg/releases/download/0.9.1/rules_pkg-0.9.1.tar.gz"", ""https://github.com/bazelbuild/rules_pkg/releases/download/0.9.1/rules_pkg-0.9.1.tar.gz"", ], sha256 = ""8f9ee2dc10c1ae514ee599a8b42ed99fa262b757058f65ad3c384289f"
platform/external/bazelbuild-rules_python,third_party,,,"Python Rules for Bazel Overview This repository is the home of the core Python rules -- py_library , py_binary , py_test , py_proto_library , and related symbols that provide the basis for Python support in Bazel. It also contains package installation rules for integrating with PyPI and other indices. Documentation for rules_python is at https://rules-python.readthedocs.io and in the Bazel Build Encyclopedia . Examples live in the examples directory. The core rules are stable. Their implementation is subject to Bazel's backward compatibility policy . This repository aims to follow semantic versioning . The Bazel community maintains this repository. Neither Google nor the Bazel team provides support for the code. However, this repository is part of the test suite used to vet new Bazel releases. See How to contribute page for information on our development workflow. Documentation For detailed documentation, see https://rules-python.readthedocs.io Bzlmod support Status: Beta Full Feature"
platform/external/bazelbuild-rules_rust,third_party,,rust_dir,"Rust Rules Postsubmit Overview This repository provides rules for building Rust projects with Bazel . Community General discussions and announcements take place in the GitHub Discussions , but there are additional places where community members gather to discuss rules_rust . Chat: #rust channel on Bazel Slack: https://slack.bazel.build/ Archived Developer mailing list: groups.google.com/g/rules_rust Documentation Please refer to the full documentation ."
platform/external/bazelbuild-rules_shell,third_party,,,rules_shell This repository contains the Bazel ruleset for shell scripts.
platform/external/bazelbuild-rules_testing,third_party,,,"Frameworks and utilities for testing Bazel Starlark rules_testing provides frameworks and utilities to make testing Starlark code easier and convenient. For detailed docs, see the docs website"
platform/external/bc,third_party,,androidbp,"bc WARNING: New user registration for https://git.gavinhoward.com/ is disabled because of spam. If you need to report a bug with bc , email gavin at this site minus the git. part for an account, and I will create one for you. Or you can report an issue at GitHub . WARNING: This project has moved to https://git.gavinhoward.com/ for these reasons , though GitHub will remain a mirror. This is an implementation of the POSIX bc calculator that implements GNU bc extensions, as well as the period ( . ) extension for the BSD flavor of bc . For more information, see this bc 's full manual. This bc also includes an implementation of dc in the same binary, accessible via a symbolic link, which implements all FreeBSD and GNU extensions. (If a standalone dc binary is desired, bc can be copied and renamed to dc .) The ! command is omitted; I believe this poses security concerns and that such functionality is unnecessary. For more information, see the dc 's full manual. This bc also provides bc 's ma"
platform/external/bcc,third_party,,androidbp,"BPF Compiler Collection (BCC) BCC is a toolkit for creating efficient kernel tracing and manipulation programs, and includes several useful tools and examples. It makes use of extended BPF (Berkeley Packet Filters), formally known as eBPF, a new feature that was first added to Linux 3.15. Much of what BCC uses requires Linux 4.1 and above. eBPF was described by Ingo Molnár as: One of the more interesting features in this cycle is the ability to attach eBPF programs (user-defined, sandboxed bytecode executed by the kernel) to kprobes. This allows user-defined instrumentation on a live kernel image that can never crash, hang or interfere with the kernel negatively. BCC makes BPF programs easier to write, with kernel instrumentation in C (and includes a C wrapper around LLVM), and front-ends in Python and lua. It is suited for many tasks, including performance analysis and network traffic control. Screenshot This example traces a disk I/O kernel function, and populates an in-kernel power-"
platform/external/berkeley-softfloat-3,third_party,,,Bug: 288198706
platform/external/berkeley-testfloat-3,third_party,,,Bug: 288199059
platform/external/bison,third_party,,androidbp,
platform/external/blktrace,third_party,,androidbp,
platform/external/bloaty,third_party,,androidbp,"Bloaty McBloatface: a size profiler for binaries Ever wondered what‘s making your binary big? Bloaty McBloatface will show you a size profile of the binary so you can understand what’s taking up space inside. Bloaty performs a deep analysis of the binary. Using custom ELF, DWARF, and Mach-O parsers, Bloaty aims to accurately attribute every byte of the binary to the symbol or compileunit that produced it. It will even disassemble the binary looking for references to anonymous data. For more information about the analysis performed by Bloaty, please see doc/how-bloaty-works.md . Bloaty works on binaries, shared objects, object files, and static libraries ( .a files). The following file formats are supported: ELF Mach-O WebAssembly (experimental) These formats are NOT supported, but I am very interested in adding support for them (I may implement these myself but would also be happy to get contributions!) PE/COFF (not supported) Android APK (not supported, might be tricky due to compress"
platform/external/bluetooth/bluedroid,third_party,,,
platform/external/bluetooth/bluez,third_party,,,
platform/external/bluetooth/glib,third_party,,,
platform/external/bluetooth/hcidump,third_party,,,
platform/external/bluez,third_party,,,
platform/external/boost,third_party,,,
platform/external/boringssl,third_party,,androidbp,
platform/external/bouncycastle,third_party,,androidbp,
platform/external/bpftool,third_party,,androidbp,"This is the official home for bpftool. Please use this Github repository for building and packaging bpftool and when using it in your projects through Git submodule. The authoritative source code of bpftool is developed as part of the bpf-next Linux source tree under the tools/bpf/bpftool subdirectory and is periodically synced to https://github.com/libbpf/bpftool on Github. As such, all changes for bpftool should be sent to the BPF mailing list , please don't open PRs here unless you are changing some Github-specific components. Questions on bpftool and BPF general usage Check out the manual pages for documentation about bpftool. A number of example invocations are also displayed in this blog post . All general BPF questions, including kernel functionality, bpftool features and usage, should be sent to bpf@vger.kernel.org mailing list. You can subscribe to it here and search its archives here . The mailing list is monitored by many more people than this repo and they will happily try"
platform/external/brotli,third_party,,androidbp,"SECURITY NOTE Please consider updating brotli to version 1.0.9 (latest). Version 1.0.9 contains a fix to “integer overflow” problem. This happens when “one-shot” decoding API is used (or input chunk for streaming API is not limited), input size (chunk size) is larger than 2GiB, and input contains uncompressed blocks. After the overflow happens, memcpy is invoked with a gigantic num value, that will likely cause the crash. Introduction Brotli is a generic-purpose lossless compression algorithm that compresses data using a combination of a modern variant of the LZ77 algorithm, Huffman coding and 2nd order context modeling, with a compression ratio comparable to the best currently available general-purpose compression methods. It is similar in speed with deflate but offers more dense compression. The specification of the Brotli Compressed Data Format is defined in RFC 7932 . Brotli is open-sourced under the MIT License, see the LICENSE file. Brotli mailing list: https://groups.google.com/"
platform/external/bsdiff,third_party,,androidbp,
platform/external/bvb,third_party,,,
platform/external/bzip2,third_party,,androidbp,
platform/external/c-ares,third_party,,,
platform/external/cairo,third_party,,,Bug: 436095022
platform/external/caliper,third_party,,androidbp,
platform/external/capstone,third_party,,androidbp,"Capstone Engine Deprecation The master branch is deprecated. All forward development should be based on the next branch. To clone a fresh checkout with the next branch: git clone -b next https://github.com/capstone-engine/capstone To change to the next branch in an existing checkout: git checkout next We moved the original historical repo of Capstone from https://github.com/aquynh/capstone to an organization, where we can add more maintainers to the project, and push Capstone development forward. Our new home is https://github.com/capstone-engine/capstone Nov 8th, 2021. Capstone is a disassembly framework with the target of becoming the ultimate disasm engine for binary analysis and reversing in the security community. Created by Nguyen Anh Quynh, then developed and maintained by a small community, Capstone offers some unparalleled features: Support multiple hardware architectures: ARM, ARM64 (ARMv8), Ethereum VM, M68K, Mips, MOS65XX, PPC, Sparc, SystemZ, TMS320C64X, M680X, XCore and X"
platform/external/catch2,third_party,,,Bug: 112202352
platform/external/cblas,third_party,,androidbp,
platform/external/cbor-java,third_party,,androidbp,"cbor-java A Java 7 implementation of RFC 7049 : Concise Binary Object Representation ( CBOR ) Features Encodes and decodes all examples described in RFC 7049 Provides a fluent interface builder for CBOR messages Supports semantic tags Supports 64-bit integer values Passes all CPD , PMD and FindBugs tests Documentation Documentation JavaDoc Maven Dependency Add this to the dependencies section of your pom.xml file: <dependency> <groupId> co.nstant.in </groupId> <artifactId> cbor </artifactId> <version> 0.8 </version> </dependency> Usage Encoding Example ByteArrayOutputStream baos = new ByteArrayOutputStream (); new CborEncoder ( baos ). encode ( new CborBuilder () . add ( ""text"" ) // add string . add ( 1234 ) // add integer . add ( new byte [] { 0x10 }) // add byte array . addArray () // add array . add ( 1 ) . add ( ""text"" ) . end () . build ()); byte [] encodedBytes = baos . toByteArray (); Decoding Example ByteArrayInputStream bais = new ByteArrayInputStream ( encodedBytes ); List <"
platform/external/cef,third_party,,,The Chromium Embedded Framework (CEF) is a simple framework for embedding Chromium-based browsers in other applications. Quick Links Project Page - https://bitbucket.org/chromiumembedded/cef Tutorial - https://bitbucket.org/chromiumembedded/cef/wiki/Tutorial General Usage - https://bitbucket.org/chromiumembedded/cef/wiki/GeneralUsage Master Build Quick-Start - https://bitbucket.org/chromiumembedded/cef/wiki/MasterBuildQuickStart Branches and Building - https://bitbucket.org/chromiumembedded/cef/wiki/BranchesAndBuilding Announcements - https://groups.google.com/forum/#!forum/cef-announce Support Forum - http://www.magpcss.org/ceforum/ Issue Tracker - https://github.com/chromiumembedded/cef/issues C++ API Docs - Stable release docs / Beta release docs Downloads - https://cef-builds.spotifycdn.com/index.html Donations - http://www.magpcss.org/ceforum/donate.php Introduction CEF is a BSD-licensed open source project founded by Marshall Greenblatt in 2008 and based on the Google Chromium pr
platform/external/ceres-solver,third_party,,,
platform/external/checkpolicy,third_party,,,
platform/external/checkstyle,third_party,,,"Members chat: Contributors chat: Checkstyle is a tool for checking Java source code for adherence to a Code Standard or set of validation rules (best practices). The latest release version can be found at SourceForge downloads or at Maven repo . Each-commit builds of maven artifacts can be found at Maven Snapshot repository . Documentation is available in HTML format, see http://checkstyle.sourceforge.net/checks.html . Continuous integration and Quality reports Travis (Linux & MacOS build): Appveyor (Windows build): Distelli CI Quality reports: http://checkstyle.sourceforge.net/project-reports.html JavaScript, CSS and Java source file analysis on Codacy: Feedback/Support Please send any feedback to https://groups.google.com/forum/?hl=en#!forum/checkstyle Questions and Answers from community: Bugs and Feature requests (not a questions): https://github.com/checkstyle/checkstyle/issues Licensing This software is licensed under the terms in the file named “LICENSE” in this directory. The s"
platform/external/cherry,third_party,,,
platform/external/chromite,third_party,,,
platform/external/chromium,third_party,,,
platform/external/chromium-crossbench,third_party,,,"Crossbench Crossbench is a cross-browser/cross-benchmark runner to extract performance numbers. Mailing list: crossbench@chromium.org Issues/Bugs: Tests > CrossBench Supported Browsers: Chrome/Chromium, Firefox, Safari and Edge. Supported OS: MacOS, Android, Linux and Windows. Basic usage: Chromium Devs (with a full chromium checkout) Use the ./cb.py script directly to run benchmarks (requires chrome's vpython3 ) Standalone installation Use pip install crossbench , or use the “poetry” package manager, see the development section . Running Workloads Examples Run the latest speedometer benchmark 20 times with the system default browser (chrome-stable): # Run chrome-stable by default: ./ cb . py speedometer -- repeat = 3 # Compare chrome browser versions and a local chrome build on jetstream: ./ cb . py jetstream -- browser = chrome - stable -- browser = chrome - m90 -- browser = $PATH Profile individual line items (with pprof on linux): ./ cb . py speedometer -- probe = 'profiling' -- se"
platform/external/chromium-libpac,third_party,,androidbp,
platform/external/chromium-trace,third_party,,androidbp,
platform/external/chromium-web-tests,third_party,,,Bug: 436095022
platform/external/chromium-webview,third_party,,androidbp,"Building the Chromium-based WebView in AOSP is no longer supported or required. WebView can now be built entirely from the Chromium source code. Docs on how to build WebView from Chromium for use in AOSP are available here: https://chromium.googlesource.com/chromium/src/+/HEAD/android_webview/docs/aosp-system-integration.md For questions about building WebView, please contact our mailing list: https://groups.google.com/a/chromium.org/forum/#!forum/android-webview-dev The prebuilt APKs provided here are built from Chromium upstream sources; you should check the commit message to see the version number for a particular prebuilt. The version number is formatted like “12.0.3456.789” and matches the tag in the Chromium repository it was built from. If you want to build your own WebView, you should generally build the latest stable version, not the version published here: newer versions have important security and stability improvements."
platform/external/chromium_org,third_party,,,
platform/external/chromium_org/sdch/open-vcdiff,third_party,,,
platform/external/chromium_org/testing/gtest,third_party,,,
platform/external/chromium_org/third_party/WebKit,third_party,,,
platform/external/chromium_org/third_party/angle,third_party,,,"#ANGLE The goal of ANGLE is to allow Windows users to seamlessly run WebGL and other OpenGL ES content by translating OpenGL ES API calls to DirectX 9 or DirectX 11 API calls. ANGLE is a conformant implementation of the OpenGL ES 2.0 specification that is hardware‐accelerated via Direct3D. ANGLE v1.0.772 was certified compliant by passing the ES 2.0.3 conformance tests in October 2011. ANGLE also provides an implementation of the EGL 1.4 specification. Work on ANGLE's OpenGL ES 3.0 implementation is currently in progress, but should not be considered stable. ANGLE is used as the default WebGL backend for both Google Chrome and Mozilla Firefox on Windows platforms. Chrome uses ANGLE for all graphics rendering on Windows, including the accelerated Canvas2D implementation and the Native Client sandbox environment. Portions of the ANGLE shader compiler are used as a shader validator and translator by WebGL implementations across multiple platforms. It is used on Mac OS X, Linux, and in mob"
platform/external/chromium_org/third_party/angle_dx11,third_party,,,
platform/external/chromium_org/third_party/boringssl/src,third_party,,,
platform/external/chromium_org/third_party/brotli/src,third_party,,,
platform/external/chromium_org/third_party/eyesfree/src/android/java/src/com/googlecode/eyesfree/braille,third_party,,,
platform/external/chromium_org/third_party/freetype,third_party,,,
platform/external/chromium_org/third_party/icu,third_party,,,
platform/external/chromium_org/third_party/leveldatabase/src,third_party,,,
platform/external/chromium_org/third_party/libaddressinput/src,third_party,,,"libaddressinput The libaddressinput project consists of two different libraries (one implemented in C++, one implemented in Java for Android) that use address metadata from Google 's I18n Services Address Data Service to assist application developers in collecting and handling postal addresses from all over the world. These libraries can provide information about what input fields are required for a correct address input form for any country in the world and can validate an address to highlight input errors like missing required fields or invalid values. C++ The C++ library (in very portable C++03) of libaddressinput is the backend for requestAutocomplete() in Chromium . The source code for that is a good example of how to use this library to implement a complex feature in a real application: https://src.chromium.org/viewvc/chrome/trunk/src/third_party/libaddressinput/ https://chromium.googlesource.com/chromium/src/+/master/third_party/libaddressinput/ Video: Easy International Checkou"
platform/external/chromium_org/third_party/libjingle/source/talk,third_party,,,
platform/external/chromium_org/third_party/libjpeg_turbo,third_party,,,
platform/external/chromium_org/third_party/libphonenumber/src/phonenumbers,third_party,,,
platform/external/chromium_org/third_party/libphonenumber/src/resources,third_party,,,
platform/external/chromium_org/third_party/libsrtp,third_party,,,
platform/external/chromium_org/third_party/libvpx,third_party,,,
platform/external/chromium_org/third_party/libyuv,third_party,,,
platform/external/chromium_org/third_party/mesa/src,third_party,,,
platform/external/chromium_org/third_party/openmax_dl,third_party,,,
platform/external/chromium_org/third_party/openssl,third_party,,,
platform/external/chromium_org/third_party/opus/src,third_party,,,
platform/external/chromium_org/third_party/ots,third_party,,,
platform/external/chromium_org/third_party/sfntly/cpp/src,third_party,,,
platform/external/chromium_org/third_party/skia,third_party,,,
platform/external/chromium_org/third_party/skia/gyp,third_party,,,
platform/external/chromium_org/third_party/skia/include,third_party,,,
platform/external/chromium_org/third_party/skia/src,third_party,,,
platform/external/chromium_org/third_party/smhasher/src,third_party,,,
platform/external/chromium_org/third_party/usrsctp/usrsctplib,third_party,,,
platform/external/chromium_org/third_party/webrtc,third_party,,,
platform/external/chromium_org/third_party/yasm/source/patched-yasm,third_party,,,
platform/external/chromium_org/tools/grit,third_party,,,
platform/external/chromium_org/tools/gyp,third_party,,,
platform/external/chromium_org/v8,third_party,,,"V8 JavaScript Engine V8 is Google's open source JavaScript engine. V8 implements ECMAScript as specified in ECMA-262. V8 is written in C++ and is used in Google Chrome, the open source browser from Google. V8 can run standalone, or can be embedded into any C++ application. V8 Project page: https://code.google.com/p/v8/ Getting the Code V8 Git repository: https://chromium.googlesource.com/v8/v8.git GitHub mirror: https://github.com/v8/v8-git-mirror For fetching all branches, add the following into your remote configuration in .git/config : fetch = +refs/branch-heads/*:refs/remotes/branch-heads/* fetch = +refs/tags/*:refs/tags/*"
platform/external/chromiumos-config,third_party,,androidbp,ChromeOS Project Configuration Contents ChromeOS Project Configuration Overview Project Setup for Partners Syncing Private Repos Syncing to a specific ChromeOS version (buildspec) Configuring the Chroot Adding Utilities to Your Working with Projects for Partners Making Configuration Changes for your Project CQ Verifier Access for Partners Contributing Protocol Buffer Schema Changes Constraint Checkers Public Configs Directory Structure chromiumos/config Program and Project Repos Making Bulk Changes Across Repos ClFactory and tooling DUT Attributes
platform/external/cibu-fonts,third_party,,,
platform/external/clang,third_party,,androidbp,
platform/external/clang-tools-extra,third_party,,,
platform/external/clang_35a,third_party,,,
platform/external/cldr,third_party,,,"Unicode CLDR Project For current CLDR release information, see cldr.unicode.org . main branch: Status Update: 2024-10-21 This is the final release version of CLDR 46. What is CLDR? The Unicode Common Locale Data Repository (CLDR) provides key building blocks for software to support the world's languages, with the largest and most extensive standard repository of locale data available. This data is used by a wide spectrum of companies for their software internationalization and localization, adapting software to the conventions of different languages for such common software tasks. See for further information: CLDR releases and downloads , including the data files and LDML specification associated with each release Repository organization , describing the organization of files within this repository Building and running CLDR Tools Contributing Most data submissions are done via the CLDR Survey Tool , which is open and available on predetermined cycles. Click HERE for information on how"
platform/external/clearsilver,third_party,,,
platform/external/clpeak,third_party,,androidbp,clpeak A synthetic benchmarking tool to measure peak capabilities of opencl devices. It only measures the peak metrics that can be achieved using vector operations and does not represent a real-world use case Building git submodule update -- init -- recursive -- remote mkdir build cd build cmake .. cmake -- build . Sample Platform : NVIDIA CUDA Device : Tesla V100 - SXM2 - 16GB Driver version : 390.77 ( Linux x64 ) Compute units : 80 Clock frequency : 1530 MHz Global memory bandwidth ( GBPS ) float : 767.48 float2 : 810.81 float4 : 843.06 float8 : 726.12 float16 : 735.98 Single - precision compute ( GFLOPS ) float : 15680.96 float2 : 15674.50 float4 : 15645.58 float8 : 15583.27 float16 : 15466.50 No half precision support ! Skipped Double - precision compute ( GFLOPS ) double : 7859.49 double2 : 7849.96 double4 : 7832.96 double8 : 7799.82 double16 : 7740.88 Integer compute ( GIOPS ) int : 15653.47 int2 : 15654.40 int4 : 15655.21 int8 : 15659.04 int16 : 15608.65 Transfer bandwidth ( GBP
platform/external/clspv,third_party,,,Bug: 436095022
platform/external/clvk,third_party,,,Bug: 436095022
platform/external/cmake,third_party,,,b/25967533; owner: chaorenl
platform/external/cmockery,third_party,,,
platform/external/cn-cbor,third_party,,androidbp,"cn-cbor: A constrained node implementation of CBOR in C Below is the original README for cn-cbor, a Proof of Concept implementation of CBOR that I wrote in 2013. People have been sending me fixes and updates to make this implementation more useful for actual use, and for a while I have occasionally integrated them. Jim Schaad now is so far ahead of this repo that you are most likely better off using his repo as your upstream. If you are here looking for experimental CBOR implementations for constrained nodes, there are many, some of which are listed at cbor.io . One more: I have recently extracted the implementation from ARM-mbed's SUIT manifest generator (Apache 2.0). SUIT implementers report (CBOR-specific) code sizes in the low hundreds of bytes. Thank you, ARM . cn-cbor: A constrained node implementation of CBOR in C This is a constrained node implementation of CBOR in C that I threw together in 2013, before the publication of RFC 7049 , to validate certain implementability conside"
platform/external/codesourcery,third_party,,,
platform/external/collada,third_party,,,
platform/external/compiler-rt,third_party,,androidbp,
platform/external/compiler-rt_35a,third_party,,,
platform/external/compose-hero-benchmarks/pokedex-compose,third_party,,,"[!TIP] If you want to see the XML version of Pokedex, check out the Pokedex repository. Download Go to the Releases to download the latest APK. Tech stack & Open-source libraries Minimum SDK level 21. Kotlin based, utilizing Coroutines + Flow for asynchronous operations. Jetpack Libraries: Jetpack Compose: Android’s modern toolkit for declarative UI development. Lifecycle: Observes Android lifecycles and manages UI states upon lifecycle changes. ViewModel: Manages UI-related data and is lifecycle-aware, ensuring data survival through configuration changes. Navigation: Facilitates screen navigation, complemented by Hilt Navigation Compose for dependency injection. Room: Constructs a database with an SQLite abstraction layer for seamless database access. Hilt : Facilitates dependency injection. Architecture: MVVM Architecture (View - ViewModel - Model): Facilitates separation of concerns and promotes maintainability. Repository Pattern: Acts as a mediator between different data sources a"
platform/external/compose-hero-benchmarks/pokedex-views,third_party,,,Bug: 376200589
platform/external/compose-hero-benchmarks/poxedex-compose,third_party,,,Bug: 367336692
platform/external/connectedappssdk,third_party,,androidbp,"Connected apps is an Android feature that allows your application to utilize both work and personal data, when given the corresponding permission from the user. The Connected Apps SDK makes it as easy as possible to perform and test cross-profile behaviour or data access, once you have the appropriate permission. For more information see https://developers.google.com/android/work/connected-apps"
platform/external/conscrypt,third_party,,androidbp,"Conscrypt - A Java Security Provider Conscrypt is a Java Security Provider (JSP) that implements parts of the Java Cryptography Extension (JCE) and Java Secure Socket Extension (JSSE). It uses BoringSSL to provide cryptographic primitives and Transport Layer Security (TLS) for Java applications on Android and OpenJDK. See the capabilities documentation for detailed information on what is provided. The core SSL engine has borrowed liberally from the Netty project and their work on netty-tcnative , giving Conscrypt similar performance. Download Conscrypt supports Java 8 or later on OpenJDK and KitKat (API Level 19) or later on Android. The build artifacts are available on Maven Central. Download JARs You can download the JARs directly from the Maven repositories. OpenJDK (i.e. non-Android) Native Classifiers The OpenJDK artifacts are platform-dependent since each embeds a native library for a particular platform. We publish artifacts to Maven Central for the following platforms: Classifi"
platform/external/coreboot,third_party,,androidbp,"coreboot README coreboot is a Free Software project aimed at replacing the proprietary firmware (BIOS/UEFI) found in most computers. coreboot performs the required hardware initialization to configure the system, then passes control to a different executable, referred to in coreboot as the payload. Most often, the primary function of the payload is to boot the operating system (OS). With the separation of hardware initialization and later boot logic, coreboot is perfect for a wide variety of situations. It can be used for specialized applications that run directly in the firmware, running operating systems from flash, loading custom bootloaders, or implementing firmware standards, like PC BIOS services or UEFI. This flexibility allows coreboot systems to include only the features necessary in the target application, reducing the amount of code and flash space required. Source code All source code for coreboot is stored in git. It is downloaded with the command: git clone https://review"
platform/external/cpu_features,third_party,,androidbp,"cpu_features A cross-platform C library to retrieve CPU features (such as available instructions) at runtime. GitHub-CI Status Linux FreeBSD MacOS Windows amd64 AArch64 ARM MIPS POWER RISCV LOONGARCH s390x Table of Contents Design Rationale Code samples Running sample code What's supported Android NDK's drop in replacement License Build with cmake Community Bindings Design Rationale Simple to use. See the snippets below for examples. Extensible. Easy to add missing features or architectures. Compatible with old compilers and available on many architectures so it can be used widely. To ensure that cpu_features works on as many platforms as possible, we implemented it in a highly portable version of C: C99. Sandbox-compatible. The library uses a variety of strategies to cope with sandboxed environments or when cpuid is unavailable. This is useful when running integration tests in hermetic environments. Thread safe, no memory allocation, and raises no exceptions. cpu_features is suitable"
platform/external/cpuinfo,third_party,,androidbp,"CPU INFOrmation library cpuinfo is a library to detect essential for performance optimization information about host CPU. Features Cross-platform availability: Linux, Windows, macOS, Android, iOS and FreeBSD operating systems x86, x86-64, ARM, and ARM64 architectures Modern C/C++ interface Thread-safe No memory allocation after initialization No exceptions thrown Detection of supported instruction sets , up to AVX512 (x86) and ARMv8.3 extensions Detection of SoC and core information: Processor (SoC) name Vendor and microarchitecture for each CPU core ID ( MIDR on ARM, CPUID leaf 1 EAX value on x86) for each CPU core Detection of cache information : Cache type (instruction/data/unified), size and line size Cache associativity Cores and logical processors (hyper-threads) sharing the cache Detection of topology information (relative between logical processors, cores, and processor packages) Well-tested production-quality code: 60+ mock tests based on data from real devices Includes work-a"
platform/external/crashpad,third_party,,,"Crashpad Crashpad is a crash-reporting system. Documentation Project status Developing Crashpad : instructions for getting the source code, building, testing, and contributing to the project. Crashpad interface documentation Crashpad tool man pages Crashpad overview design Source Code Crashpad’s source code is hosted in a Git repository at https://chromium.googlesource.com/crashpad/crashpad . Other Links Bugs can be reported at the Crashpad issue tracker . The Crashpad bots perform automated builds and tests. crashpad-dev is the Crashpad developers’ mailing list."
platform/external/crcalc,third_party,,androidbp,
platform/external/cronet,third_party,,androidbp,Cronet (HttpEngine) Cronet is Chrome's networking stack packaged into a client networking library for Android. It significantly improves performance thanks to highly optimized code and support of modern protocols like QUIC and HTTP/3. Cronet is imported through copybara from Chromium. Please do not submit any changes to this repoistory or touch the Android.bp as they are auto-generated. Contact cronet-team@ for more information Repository Layout See go/cronet-structure-in-aosp for more additional details AOSP-only android/ only exists in AOSP and is not imported from Chromium. This contains tools and code that is usually developed in AOSP and is not related to Chromium (eg: HttpEngine API). Third-party code This include the top-level third_party/ . It's important to note that there are some third-party code that lives under first-party code (eg: QUICHE which lives under net/third_party). Those should be moved to the top-level third_party directory at some point but we will only do so o
platform/external/cros/system_api,third_party,,,
platform/external/cros_coreboot,third_party,,,Bug: 280691897
platform/external/cros_depthcharge,third_party,,,Bug: 280691897
platform/external/cros_hostap,third_party,,,Bug: 280691897
platform/external/cros_kernel,third_party,,,Bug: 280691897
platform/external/cros_linux-firmware,third_party,,,Bug: 280691897
platform/external/cros_vboot_reference,third_party,,,Bug: 280691897
platform/external/crosvm,third_party,google_origin,"androidbp,cargo","crosvm - The ChromeOS Virtual Machine Monitor crosvm is a virtual machine monitor (VMM) based on Linux’s KVM hypervisor, with a focus on simplicity, security, and speed. crosvm is intended to run Linux guests, originally as a security boundary for running native applications on the ChromeOS platform. Compared to QEMU, crosvm doesn’t emulate architectures or real hardware, instead concentrating on paravirtualized devices, such as the virtio standard. crosvm is currently used to run Linux/Android guests on ChromeOS devices. Documentation Announcements Developer Mailing List #crosvm on matrix.org Source code API doc , useful for searching API. For contribution, see the contributor guide . Mirror repository is available at GitHub for your convenience, but we don't accept bug reports or pull requests there. Public issue tracker For Googlers: See go/crosvm#filing-bugs ."
platform/external/cryptsetup,third_party,,,"What the ...? Cryptsetup is utility used to conveniently setup disk encryption based on DMCrypt kernel module. These include plain dm-crypt volumes, LUKS volumes, loop-AES and TrueCrypt (including VeraCrypt extension) format. Project also includes veritysetup utility used to conveniently setup DMVerity block integrity checking kernel module. LUKS Design LUKS is the standard for Linux hard disk encryption. By providing a standard on-disk-format, it does not only facilitate compatibility among distributions, but also provides secure management of multiple user passwords. In contrast to existing solution, LUKS stores all setup necessary setup information in the partition header, enabling the user to transport or migrate his data seamlessly. Why LUKS? compatiblity via standardization, secure against low entropy attacks, support for multiple keys, effective passphrase revocation, free. Project home page . Frequently asked questions (FAQ) Download All release tarballs and release notes are h"
platform/external/curl,third_party,,androidbp,"curl is a command-line tool for transferring data specified with URL syntax. Learn how to use curl by reading the manpage or everything curl . Find out how to install curl by reading the INSTALL document . libcurl is the library curl is using to do its job. It is readily available to be used by your software. Read the libcurl manpage to learn how. Open Source curl is Open Source and is distributed under an MIT-like license . Contact Contact us on a suitable mailing list or use GitHub issues / pull requests / discussions . All contributors to the project are listed in the THANKS document . Commercial support For commercial support, maybe private and dedicated help with your problems or applications using (lib)curl visit the support page . Website Visit the curl website for the latest news and downloads. Source code Download the latest source from the Git server: git clone https://github.com/curl/curl.git Security problems Report suspected security problems via our HackerOne page and not"
platform/external/dagger2,third_party,,androidbp,"Dagger A fast dependency injector for Java and Android. Dagger is a compile-time framework for dependency injection. It uses no reflection or runtime bytecode generation, does all its analysis at compile-time, and generates plain Java source code. Dagger is actively maintained by Google. Snapshot releases are auto-deployed to Sonatype's central Maven repository on every clean build with the version HEAD-SNAPSHOT . The current version builds upon previous work done at Square . Documentation You can find the dagger documentation here which has extended usage instructions and other useful information. More detailed information can be found in the API documentation . You can also learn more from the original proposal , this talk by Greg Kick , and on the dagger-discuss@googlegroups.com mailing list. Installation Bazel First, import the Dagger repository into your WORKSPACE file using http_archive . Note: The http_archive must point to a tagged release of Dagger, not just any commit. The ve"
platform/external/dbus,third_party,,androidbp,
platform/external/dbus-binding-generator,third_party,,,
platform/external/deqp,third_party,,androidbp,"VK-GL-CTS README This repository contains Khronos Conformance Testing Suite called VK-GL-CTS which originated from dEQP (drawElements Quality Program). VK-GL-CTS contains tests for several graphics APIs, including OpenGL, OpenGL ES, EGL, Vulkan, and Vulkan SC. Documentation Up-to-date documentation for VK-GL-CTS is available at: The VK-GL-CTS wiki for Khronos members The VK-GL-CTS wiki for non-Khronos members The .qpa logs generated by the conformance tests may contain embedded PNG images of the results. These can be viewed with scripts/qpa_image_viewer.html , by opening the file with a web browser and following its instructions, or using the Cherry tool. Khronos Vulkan Conformance Tests This repository includes Khronos Vulkan CTS under external/vulkancts directory. For more information see Vulkan CTS README . Khronos OpenGL / OpenGL ES Conformance Tests This repository includes Khronos OpenGL / OpenGL ES CTS under external/openglcts directory. For more information see OpenGL / OpenGL"
platform/external/deqp-deps/SPIRV-Headers,third_party,,androidbp,"SPIR-V Headers This repository contains machine-readable files for the SPIR-V Registry . This includes: Header files for various languages. JSON files describing the grammar for the SPIR-V core instruction set and the extended instruction sets. The XML registry file. A tool to build the headers from the JSON grammar. Headers are provided in the include directory, with up-to-date headers in the unified1 subdirectory. Older headers are provided according to their version. In contrast, the XML registry file has a linear history, so it is not tied to SPIR-V specification versions. How is this repository updated? When a new version or revision of the SPIR-V specification is published, the SPIR-V Working Group will push new commits onto master, updating the files under include . The SPIR-V XML registry file is updated by Khronos whenever a new enum range is allocated. Pull requests can be made to request allocation of new enum ranges in the XML registry file register a new magic number for a"
platform/external/deqp-deps/SPIRV-Tools,third_party,,androidbp,"SPIR-V Tools NEWS 2023-01-11: Development occurs on the main branch. Overview The SPIR-V Tools project provides an API and commands for processing SPIR-V modules. The project includes an assembler, binary module parser, disassembler, validator, and optimizer for SPIR-V. Except for the optimizer, all are based on a common static library. The library contains all of the implementation details, and is used in the standalone tools whilst also enabling integration into other code bases directly. The optimizer implementation resides in its own library, which depends on the core library. The interfaces have stabilized: We don't anticipate making a breaking change for existing features. SPIR-V is defined by the Khronos Group Inc. See the SPIR-V Registry for the SPIR-V specification, headers, and XML registry. Downloads More downloads Versioning SPIRV-Tools See CHANGES for a high level summary of recent changes, by version. SPIRV-Tools project version numbers are of the form v year . index and"
platform/external/deqp-deps/amber,third_party,,androidbp,"Amber Amber is a multi-API shader test framework. Amber lets you capture and communicate shader bugs with the fluidity and ease of a scripting flow: No graphics API programming is required. Supports Vulkan graphics API WIP: Supports Dawn graphics API A single text string (or file) maps to a single graphics API pipeline test case. The text includes: Input data, including buffers and images. Shaders. Expectations for the result of running the pipeline. Shaders can be expressed in binary form (as hex), in SPIR-V assembly, or in a higher level shader language. After executing the pipeline, result buffers and images can be saved to output files. Amber is influenced by Talvos and VkRunner . The VkScript syntax matches the format used by VkRunner. This is not an officially supported Google product. Writing Amber Tests Working with Amber involves writing input test files. Some example files can be see in the tests/cases folder. The main input format is Amberscript . New features are added to A"
platform/external/deqp-deps/glslang,third_party,,androidbp,"News OGLCompiler and HLSL stub libraries have been fully removed from the build. OVERRIDE_MSVCCRT has been removed in favor of CMAKE_MSVC_RUNTIME_LIBRARY Users are encouraged to utilize the standard approach via CMAKE_MSVC_RUNTIME_LIBRARY . Glslang Components and Status There are several components: Reference Validator and GLSL/ESSL -> AST Front End An OpenGL GLSL and OpenGL|ES GLSL (ESSL) front-end for reference validation and translation of GLSL/ESSL into an internal abstract syntax tree (AST). Status : Virtually complete, with results carrying similar weight as the specifications. HLSL -> AST Front End An HLSL front-end for translation of an approximation of HLSL to glslang's AST form. Status : Partially complete. Semantics are not reference quality and input is not validated. This is in contrast to the DXC project , which receives a much larger investment and attempts to have definitive/reference-level semantics. See issue 362 and issue 701 for current status. AST -> SPIR-V Back En"
platform/external/desugar,third_party,,androidbp,
platform/external/devlib,third_party,,,
platform/external/dexmaker,third_party,,androidbp,"A Java-language API for doing compile time or runtime code generation targeting the Dalvik VM. Unlike cglib or ASM , this library creates Dalvik .dex files instead of Java .class files. It has a small, close-to-the-metal API. This API mirrors the Dalvik bytecode specification giving you tight control over the bytecode emitted. Code is generated instruction-by-instruction; you bring your own abstract syntax tree if you need one. And since it uses Dalvik's dx tool as a backend, you get efficient register allocation and regular/wide instruction selection for free. Class Proxies Dexmaker includes a stock code generator for class proxies . If you just want to do AOP or class mocking, you don't need to mess around with bytecodes. Mockito Mocks Dexmaker includes class proxy support for Mockito . Add the mockito and the dexmaker .jar files to your Android test project's libs/ directory and you can use Mockito in your Android unit tests. This requires Mockito 1.10.5 or newer. Runtime Code Gener"
platform/external/dhcpcd,third_party,,,
platform/external/dhcpcd-6.8.2,third_party,,,
platform/external/dlmalloc,third_party,,androidbp,b/26444982
platform/external/dng_sdk,third_party,,androidbp,b/25605799
platform/external/dnsmasq,third_party,,,
platform/external/doclava,third_party,,androidbp,
platform/external/dokka,third_party,,androidbp,"dokka Note : This is Google's fork of Dokka, customized for Android API reference docs on developer.android.com and other Google products. Dokka is a documentation engine for Kotlin, performing the same function as javadoc for Java. Just like Kotlin itself, Dokka fully supports mixed-language Java/Kotlin projects. It understands standard Javadoc comments in Java files and KDoc comments in Kotlin files, and can generate documentation in multiple formats including standard Javadoc, HTML and Markdown. Using Dokka Using the Gradle plugin buildscript { repositories { jcenter () } dependencies { classpath ""org.jetbrains.dokka:dokka-gradle-plugin:${dokka_version}"" } } apply plugin : 'org.jetbrains.dokka' The plugin adds a task named “dokka” to the project. Minimal dokka configuration: dokka { outputFormat = 'html' outputDirectory = ""$buildDir/javadoc"" } Output formats The available configuration options are shown below: dokka { moduleName = 'data' outputFormat = 'html' outputDirectory = ""$bui"
platform/external/donuts,third_party,,,
platform/external/dosfstools,third_party,,,
platform/external/double-conversion,third_party,,androidbp,"https://github.com/google/double-conversion This project (double-conversion) provides binary-decimal and decimal-binary routines for IEEE doubles. The library consists of efficient conversion routines that have been extracted from the V8 JavaScript engine. The code has been refactored and improved so that it can be used more easily in other projects. There is extensive documentation in double-conversion/string-to-double.h and double-conversion/double-to-string.h . Other examples can be found in test/cctest/test-conversions.cc . Building This library can be built with scons or cmake . The checked-in Makefile simply forwards to scons, and provides a shortcut to run all tests: make make test Scons The easiest way to install this library is to use scons . It builds the static and shared library, and is set up to install those at the correct locations: scons install Use the DESTDIR option to change the target directory: scons DESTDIR=alternative_directory install Cmake To use cmake run cmak"
platform/external/downloader,third_party,,,Bug: 179417865
platform/external/doxygen,third_party,,,
platform/external/drm_gralloc,third_party,,,
platform/external/drm_hwcomposer,third_party,,androidbp,"drm_hwcomposer Patches to drm_hwcomposer are very much welcome, we really want this to be the universal HW composer implementation for Android and similar platforms. So please bring on porting patches, bugfixes, improvements for documentation and new features. A short list of contribution guidelines: Submit changes via gitlab merge requests on gitlab.freedesktop.org. drm_hwcomposer is Apache 2.0 Licensed and we require contributions to follow the developer's certificate of origin: http://developercertificate.org/ . When submitting new code please follow the naming conventions documented in the generated documentation. Also please make full use of all the helpers and convenience macros provided by drm_hwcomposer. The below command can help you with formatting of your patches: git diff | clang-format-diff-19 -p 1 -style=file Hardware specific changes should be tested on relevant platforms before committing. If you need inspiration, please checkout our TODO issues . Happy hacking!"
platform/external/droiddriver,third_party,,,droiddriver DroidDriver is an Android UI testing library. Java Docs DroidDriver examples Contributing to droiddriver Making releases
platform/external/dropbear,third_party,,,
platform/external/drrickorang,third_party,,,
platform/external/dtc,third_party,,androidbp,"Device Tree Compiler and libfdt The source tree contains the Device Tree Compiler (dtc) toolchain for working with device tree source and binary files and also libfdt, a utility library for reading and manipulating the binary format. dtc and libfdt are maintained by: David Gibson <david@gibson.dropbear.id.au> Python library A Python library wrapping libfdt is also available. To build this you will need to install swig and Python development files. On Debian distributions: $ sudo apt-get install swig python3-dev The library provides an Fdt class which you can use like this: $ PYTHONPATH=../pylibfdt python3 >>> import libfdt >>> fdt = libfdt.Fdt(open('test_tree1.dtb', mode='rb').read()) >>> node = fdt.path_offset('/subnode@1') >>> print(node) 124 >>> prop_offset = fdt.first_property_offset(node) >>> prop = fdt.get_property_by_offset(prop_offset) >>> print('%s=%s' % (prop.name, prop.as_str())) compatible=subnode1 >>> node2 = fdt.path_offset('/') >>> print(fdt.getprop(node2, 'compatible')."
platform/external/dwarves,third_party,,androidbp,Owner: android-kernel-team@google.com
platform/external/dynamic_depth,third_party,,androidbp,Bug: 139309277
platform/external/e2fsprogs,third_party,,androidbp,
platform/external/easymock,third_party,,androidbp,
platform/external/eclipse-basebuilder,third_party,,,
platform/external/eclipse-windowbuilder,third_party,,,
platform/external/edid-decode,third_party,,androidbp,Bug: 359896707
platform/external/effcee,third_party,,,"Effcee Effcee is a C++ library for stateful pattern matching of strings, inspired by LLVM's FileCheck command. Effcee: Is a library, so it can be used for quickly running tests in your own process. Is largely compatible with FileCheck, so tests and test-writing skills are transferable. Has few dependencies: The C++11 standard library, and RE2 for regular expression matching. Example The following is from examples/main.cc : #include <iostream> #include <sstream> #include ""effcee/effcee.h"" // Checks standard input against the list of checks provided as command line // arguments. // // Example: // cat <<EOF >sample_data.txt // Bees // Make // Delicious Honey // EOF // effcee-example <sample_data.txt ""CHECK: Bees"" ""CHECK-NOT:Sting"" ""CHECK: Honey"" int main ( int argc , char * argv []) { // Read the command arguments as a list of check rules. std :: ostringstream checks_stream ; for ( int i = 1 ; i < argc ; ++ i ) { checks_stream << argv [ i ] << ""\n"" ; } // Read stdin as the input to match."
platform/external/egl-registry,third_party,,,Bug: 288198329
platform/external/eglib,third_party,,,
platform/external/eigen,third_party,,androidbp,"Eigen is a C++ template library for linear algebra: matrices, vectors, numerical solvers, and related algorithms. For more information go to http://eigen.tuxfamily.org/ . For pull request , bug reports , and feature requests , go to https://gitlab.com/libeigen/eigen ."
platform/external/elfcopy,third_party,,,
platform/external/elfutils,third_party,,androidbp,
platform/external/emboss,third_party,,androidbp,"Emboss Emboss is a tool for generating code that reads and writes binary data structures. It is designed to help write code that communicates with hardware devices such as GPS receivers, LIDAR scanners, or actuators. What does Emboss do ? Emboss takes specifications of binary data structures, and produces code that will efficiently and safely read and write those structures. Currently, Emboss only generates C++ code, but the compiler is structured so that writing new back ends is relatively easy -- contact emboss-dev@google.com if you think Emboss would be useful, but your project uses a different language. When should I use Emboss? If you're sitting down with a manual that looks something like this or this , Emboss is meant for you. When should I not use Emboss? Emboss is not designed to handle text-based protocols; if you can use minicom or telnet to connect to your device, and manually enter commands and see responses, Emboss probably won't help you. Emboss is intended for cases whe"
platform/external/embunit,third_party,,,
platform/external/emma,third_party,,androidbp,
platform/external/epid-sdk,third_party,,androidbp,"Intel(R) EPID SDK The Intel(R) Enhanced Privacy ID Software Development Kit Intel(R) EPID SDK enables adding Intel(R) EPID support to applications and platforms. Intel(R) EPID is a cryptographic protocol which enables the remote authentication of a trusted platform whilst preserving the user's privacy. For a given public key there are many (e.g., millions) of private keys. The key holders form a group. Any key holder may sign against the one public key. No one can tell which private key signed the data. This is the privacy property. You can use Intel(R) EPID as a foundational building block for a multitude of security solutions. Prerequisites Python SCons Parts A C/C++ compiler supported by Parts What's New in This Release See CHANGELOG.md . Documentation See doc/index.html to browse the html documentation. License See LICENSE.txt . Math Primitives The source code used for math primitives in the Intel(R) EPID SDK is a subset of the Intel(R) IPP Cryptography library (version 2017 Update"
platform/external/epson-inkjet-printer-escpr,third_party,,,Bug: 436095022
platform/external/erofs-utils,third_party,,androidbp,Bug: 163095736
platform/external/error_prone,third_party,,androidbp,
platform/external/escapevelocity,third_party,,androidbp,"EscapeVelocity summary EscapeVelocity is a templating engine that can be used from Java. It is a reimplementation of a subset of functionality from Apache Velocity . This is not an official Google product. For a fuller explanation of Velocity's functioning, see its User Guide If EscapeVelocity successfully produces a result from a template evaluation, that result should be the exact same string that Velocity produces. If not, that is a bug. EscapeVelocity has no facilities for HTML escaping and it is not appropriate for producing HTML output that might include portions of untrusted input. Motivation Velocity has a convenient templating language. It is easy to read, and it has widespread support from tools such as editors and coding websites. However, using Velocity can prove difficult. Its use to generate Java code in the AutoValue annotation processor required many workarounds . The way it dynamically loads classes as part of its standard operation makes it hard to shade it, which in"
platform/external/esd,third_party,,,
platform/external/ethtool,third_party,,androidbp,Bug: 137536855
platform/external/executorch,third_party,,androidbp,"ExecuTorch ExecuTorch is an end-to-end solution for enabling on-device inference capabilities across mobile and edge devices including wearables, embedded devices and microcontrollers. It is part of the PyTorch Edge ecosystem and enables efficient deployment of PyTorch models to edge devices. Key value propositions of ExecuTorch are: Portability: Compatibility with a wide variety of computing platforms, from high-end mobile phones to highly constrained embedded systems and microcontrollers. Productivity: Enabling developers to use the same toolchains and Developer Tools from PyTorch model authoring and conversion, to debugging and deployment to a wide variety of platforms. Performance: Providing end users with a seamless and high-performance experience due to a lightweight runtime and utilizing full hardware capabilities such as CPUs, NPUs, and DSPs. For a comprehensive technical overview of ExecuTorch and step-by-step tutorials, please visit our documentation website for the latest re"
platform/external/exfatprogs,third_party,,androidbp,"exfatprogs As new exfat filesystem is merged into linux-5.7 kernel, exfatprogs is created as an official userspace utilities that contain all of the standard utilities for creating and fixing and debugging exfat filesystem in linux system. The goal of exfatprogs is to provide high performance and quality at the level of exfat utilities in windows. And this software is licensed under the GNU General Public License Version 2. Building exfatprogs Install prerequisite packages: For Ubuntu: sudo apt-get install autoconf libtool pkg-config For Fedora, RHEL: sudo yum install autoconf automake libtool Build steps: cd into the exfatprogs directory: ./autogen.sh ./configure make make install Using exfatprogs - mkfs.exfat: Build a exfat filesystem on a device or partition(e.g. /dev/hda1, dev/sda1). Usage example: 1. No option(default) : cluster size adjustment as per device size, quick format. mkfs.exfat /dev/sda1 2. To change cluster size(KB or MB or Byte) user want mkfs.exfat -c 1048576 /dev/sd"
platform/external/exoplayer,third_party,,androidbp,Bug: 162952352
platform/external/expat,third_party,,androidbp,
platform/external/extfuse,third_party,,,Bug: 159118089
platform/external/eyes-free,third_party,,,
platform/external/f2fs-tools,third_party,,androidbp,
platform/external/faad,third_party,,,
platform/external/failsafe,third_party,,,Bug: 509273825
platform/external/fastrpc,third_party,,,Bug: 144318980
platform/external/fat32lib,third_party,,,
platform/external/fbjni,third_party,,androidbp,"fbjni The Facebook JNI helpers library is designed to simplify usage of the Java Native Interface . The helpers were implemented to ease the integration of cross-platform mobile code on Android, but there are no Android specifics in the design. It can be used with any Java VM that supports JNI. struct JMyClass : JavaClass < JMyClass > { static constexpr auto kJavaDescriptor = ""Lcom/example/MyClass;"" ; // Automatic inference of Java method descriptors. static std :: string concatenate ( alias_ref < JClass > clazz , // Automatic conversion to std::string. std :: string prefix ) { // Call methods easily. static const auto getSuffix = clazz -> getStaticMethod < JString ()>( ""getSuffix"" ); // Manage JNI references automatically. local_ref < JString > jstr = getSuffix ( clazz ); // Automatic exception translation between Java and C++ (both ways). // No need to check exception state after each call. result += jstr -> toStdString (); // Automatic conversion from std::string. return result ; }"
platform/external/fdlibm,third_party,,androidbp,
platform/external/fec,third_party,,androidbp,
platform/external/federated-compute,third_party,,androidbp,"Federated Compute Platform This repository hosts code for executing federated programs and computations. Definitions A federated computation is a set of processing steps that run on a server and set of clients, where each step is either local processing of values on the client or server or transport which moves values via broadcast (server-to-clients) select (client-server response) aggregate (clients-to-server). A federated computation invoked by a central coordinator returns one or more aggregates. A federated program is a set of processing steps run by a central coordinator that include one or more invocations of federated computation, transformations of computation results, and releases of aggregate values to the engineer/analyst who invoked the program. To learn more about these concepts, check out: Federated learning comic book from Google AI Federated Learning: Collaborative Machine Learning without Centralized Training Data Federated Analytics: Collaborative Data Science withou"
platform/external/fff,third_party,,,"Fake Function Framework (fff) A Fake Function Framework for C fff is a micro-framework for creating fake C functions for tests. Because life is too short to spend time hand-writing fake functions for testing. Hello fake world! Say you are testing an embedded user interface and you have a function that you want to create a fake for: // UI.c ... void DISPLAY_init (); ... Here's how you would define a fake function for this in your test suite: // test.c(pp) #include ""fff.h"" DEFINE_FFF_GLOBALS ; FAKE_VOID_FUNC ( DISPLAY_init ); And the unit test might look something like this: TEST_F ( GreeterTests , init_initialises_display ) { UI_init (); ASSERT_EQ ( DISPLAY_init_fake . call_count , 1 ); } So what has happened here? The first thing to note is that the framework is header only, all you need to do to use it is download fff.h and include it in your test suite. The magic is in the FAKE_VOID_FUNC . This expands a macro that defines a function returning void which has zero arguments. It also d"
platform/external/ffmpeg,third_party,,,
platform/external/fft2d,third_party,,androidbp,Bug: 199275786
platform/external/fhir/spec/r4,third_party,,androidbp,Bug: 393180809
platform/external/fio,third_party,,,
platform/external/firebase-messaging,third_party,,androidbp,Bug: 199275786
platform/external/flac,third_party,,androidbp,"Free Lossless Audio Codec (FLAC) FLAC is open source software that can reduce the amount of storage space needed to store digital audio signals without needing to remove information in doing so. The files read and produced by this software are called FLAC files. As these files (which follow the FLAC format ) can be read from and written to by other software as well, this software is often referred to as the FLAC reference implementation. FLAC has been developed by volunteers. If you want to help out, see CONTRIBUTING.md for more information. Components FLAC is comprised of libFLAC, a library which implements reference encoders and decoders for native FLAC and Ogg FLAC, and a metadata interface libFLAC++, a C++ object wrapper library around libFLAC flac , a command-line program for encoding and decoding files metaflac , a command-line program for viewing and editing FLAC metadata user and API documentation The libraries (libFLAC, libFLAC++) are licensed under Xiph.org's BSD-like license"
platform/external/flashbench,third_party,,,
platform/external/flashrom,third_party,,androidbp,Bug: 346988262
platform/external/flatbuffers,third_party,google_origin,"androidbp,rust_dir","FlatBuffers FlatBuffers is a cross platform serialization library architected for maximum memory efficiency. It allows you to directly access serialized data without parsing/unpacking it first, while still having great forwards/backwards compatibility. Quick Start Build the compiler for flatbuffers ( flatc ) Use cmake to create the build files for your platform and then perform the compilation (Linux example). cmake -G ""Unix Makefiles"" make -j Define your flatbuffer schema ( .fbs ) Write the schema to define the data you want to serialize. See monster.fbs for an example. Generate code for your language(s) Use the flatc compiler to take your schema and generate language-specific code: ./flatc --cpp --rust monster.fbs Which generates monster_generated.h and monster_generated.rs files. Serialize data Use the generated code, as well as the FlatBufferBuilder to construct your serialized buffer. ( C++ example ) Transmit/store/save Buffer Use your serialized buffer however you want. Send it t"
platform/external/flex,third_party,,,"This is flex, the fast lexical analyzer generator. flex is a tool for generating scanners: programs which recognize lexical patterns in text. The flex codebase is kept in Git on GitHub. Use GitHub's issues and pull request features to file bugs and submit patches. There are several mailing lists available as well: flex-announce@lists.sourceforge.net - where posts will be made announcing new releases of flex. flex-help@lists.sourceforge.net - where you can post questions about using flex flex-devel@lists.sourceforge.net - where you can discuss development of flex itself Find information on subscribing to the mailing lists at: http://sourceforge.net/mail/?group_id=97492 The flex distribution contains the following files which may be of interest: README - This file. NEWS - current version number and list of user-visible changes. INSTALL - basic installation information. ABOUT-NLS - description of internationalization support in flex. COPYING - flex's copyright and license. doc/ - user doc"
platform/external/fmtlib,third_party,,androidbp,"{fmt} is an open-source formatting library providing a fast and safe alternative to C stdio and C++ iostreams. If you like this project, please consider donating to one of the funds that help victims of the war in Ukraine: https://www.stopputin.net/ . Documentation Cheat Sheets Q&A: ask questions on StackOverflow with the tag fmt . Try {fmt} in Compiler Explorer . Features Simple format API with positional arguments for localization Implementation of C++20 std::format and C++23 std::print Format string syntax similar to Python's format Fast IEEE 754 floating-point formatter with correct rounding, shortness and round-trip guarantees using the Dragonbox algorithm Portable Unicode support Safe printf implementation including the POSIX extension for positional arguments Extensibility: support for user-defined types High performance: faster than common standard library implementations of (s)printf , iostreams, to_string and to_chars , see Speed tests and Converting a hundred million integer"
platform/external/fonttools,third_party,,androidbp,
platform/external/free-image,third_party,,,
platform/external/freetype,third_party,,androidbp,
platform/external/fsck_msdos,third_party,,androidbp,
platform/external/fsverity-utils,third_party,,androidbp,"fsverity-utils Introduction This is fsverity-utils, a set of userspace utilities for fs-verity. fs-verity is a Linux kernel feature that does transparent on-demand integrity/authenticity verification of the contents of read-only files, using a hidden Merkle tree (hash tree) associated with the file. It is similar to dm-verity, but implemented at the file level rather than at the block device level. See the kernel documentation for more information about fs-verity, including which filesystems support it. fsverity-utils currently contains just one program, fsverity . The fsverity program allows you to set up fs-verity protected files. In addition, the file digest computation and signing functionality of fsverity is optionally exposed through a C library libfsverity . See libfsverity.h for the API of this library. Building and installing To build fsverity-utils, first install the needed build dependencies. For example, on Debian-based systems, run: sudo apt - get install libssl - dev Open"
platform/external/ganymed-ssh2,third_party,,,
platform/external/gcc-demangle,third_party,,,
platform/external/gdata,third_party,,,
platform/external/gemmlowp,third_party,,androidbp,"gemmlowp: a small self-contained low-precision GEMM library This is not a full linear algebra library, only a GEMM library: it only does general matrix multiplication (“GEMM”). The meaning of “low precision” is detailed in this document: doc/low-precision.md Some of the general design is explained in doc/design.md . Warning: This library goes very slow if compiled incorrectly; see below. Disclaimer This is not an official Google product (experimental or otherwise), it is just code that happens to be owned by Google. Mailing list gemmlowp-related discussion, about either development or usage, is welcome on this Google Group (mailing list / forum): https://groups.google.com/forum/#!forum/gemmlowp Portability, target platforms/architectures Should be portable to any platform with some C++11 and POSIX support, while we have optional optimized code paths for specific architectures. Required: C++11 (a small conservative subset of it) Required for some features: Some POSIX interfaces: pthread"
platform/external/genext2fs,third_party,,,
platform/external/gentoo/integration,third_party,,,
platform/external/gentoo/overlays/gentoo,third_party,,,
platform/external/gentoo/portage,third_party,,,
platform/external/geojson-jackson,third_party,,androidbp,"GeoJson POJOs for Jackson A small package of all GeoJson POJOs (Plain Old Java Objects) for serializing and deserializing of objects via JSON Jackson Parser. Usage If you know what kind of object you expect from a GeoJson file you can directly read it like this: FeatureCollection featureCollection = new ObjectMapper (). readValue ( inputStream , FeatureCollection . class ); If you want to read any GeoJson file read the value as GeoJsonObject and then test for the contents via instanceOf: GeoJsonObject object = new ObjectMapper (). readValue ( inputStream , GeoJsonObject . class ); if ( object instanceof Polygon ) { ... } else if ( object instanceof Feature ) { ... } and so on. Or you can use the GeoJsonObjectVisitor to visit the right method: GeoJsonObject object = new ObjectMapper (). readValue ( inputStream , GeoJsonObject . class ); object . accept ( visitor ); Writing Json is even easier. You just have to create the GeoJson objects and pass them to the Jackson ObjectMapper. Feature"
platform/external/geonames,third_party,,,Bug: 199275786
platform/external/gflags,third_party,,androidbp,"The documentation of the gflags library is available online at https://gflags.github.io/gflags/ . 11 November 2018 I've just released gflags 2.2.2. This maintenance release improves lives of Bazel users (no more “config.h” leaking into global include paths), fixes build with recent MinGW versions, and silences a number of static code analyzer and compiler warnings. The build targets exported by the CMake configuration of this library are now also prefixed by the package name “gflags::” following a more recent (unwritten) CMake convention. The unprefixed target names are still supported to avoid that dependent projects have to be modified due to this change in imported target names. Please report any further issues with this release using the GitHub issue tracker. 11 July 2017 I've just released gflags 2.2.1. This maintenance release primarily fixes build issues on Windows and false alarms reported by static code analyzers. Please report any further issues with this release using the Gi"
platform/external/gfxstream-protocols,third_party,,,Bug: 218705747
platform/external/ggml-org/llama.cpp,third_party,,,Bug: 519145938
platform/external/giflib,third_party,,androidbp,
platform/external/glide,third_party,,androidbp,"Glide Glide is a fast and efficient open source media management framework for Android that wraps media decoding, memory and disk caching, and resource pooling into a simple and easy to use interface. Glide supports fetching, decoding, and displaying video stills, images, and animated GIFs. Glide includes a flexible api that allows developers to plug in to almost any network stack. By default Glide uses a custom HttpUrlConnection based stack, but also includes utility libraries plug in to Google‘s Volley project or Square’s OkHttp library instead. Glide's primary focus is on making scrolling any kind of a list of images as smooth and fast as possible, but Glide is also effective for almost any case where you need to fetch, resize, and display a remote image. Download You can download a jar from GitHub's release page . Or use Gradle: repositories { mavenCentral () } dependencies { compile 'com.github.bumptech.glide:glide:3.3.+' compile 'com.android.support:support-v4:19.1.0' } Or Maven:"
platform/external/gmmlib,third_party,,androidbp,Bug: 342493484
platform/external/gmock,third_party,,,gmock has moved to external/googletest.
platform/external/go-cmp,third_party,,androidbp,"Package for equality of Go values This package is intended to be a more powerful and safer alternative to reflect.DeepEqual for comparing whether two values are semantically equal. The primary features of cmp are: When the default behavior of equality does not suit the needs of the test, custom equality functions can override the equality operation. For example, an equality function may report floats as equal so long as they are within some tolerance of each other. Types that have an Equal method may use that method to determine equality. This allows package authors to determine the equality operation for the types that they define. If no custom equality functions are used and no Equal method is defined, equality is determined by recursively comparing the primitive kinds on both values, much like reflect.DeepEqual . Unlike reflect.DeepEqual , unexported fields are not compared by default; they result in panics unless suppressed by using an Ignore option (see cmpopts.IgnoreUnexported )"
platform/external/go-creachadair-shell,third_party,,androidbp,shell http://godoc.org/bitbucket.org/creachadair/shell The shell package implements basic shell command-line splitting.
platform/external/go-creachadair-stringset,third_party,,androidbp,stringset http://godoc.org/bitbucket.org/creachadair/stringset The stringset package implements a lightweight set-of-strings type based around Go's built-in map type.
platform/external/go-etree,third_party,,androidbp,"etree The etree package is a lightweight, pure go package that expresses XML in the form of an element tree. Its design was inspired by the Python ElementTree module. Some of the package's capabilities and features: Represents XML documents as trees of elements for easy traversal. Imports, serializes, modifies or creates XML documents from scratch. Writes and reads XML to/from files, byte slices, strings and io interfaces. Performs simple or complex searches with lightweight XPath-like query APIs. Auto-indents XML using spaces or tabs for better readability. Implemented in pure go; depends only on standard go libraries. Built on top of the go encoding/xml package. Creating an XML document The following example creates an XML document from scratch using the etree package and outputs its indented contents to stdout. doc := etree.NewDocument() doc.CreateProcInst(""xml"", `version=""1.0"" encoding=""UTF-8""`) doc.CreateProcInst(""xml-stylesheet"", `type=""text/xsl"" href=""style.xsl""`) people := doc."
platform/external/go-subcommands,third_party,,androidbp,"subcommands Subcommands is a Go package that implements a simple way for a single command to have many subcommands, each of which takes arguments and so forth. This is not an official Google product. Usage Set up a ‘print’ subcommand: import ( ""context"" ""flag"" ""fmt"" ""os"" ""strings"" ""github.com/google/subcommands"" ) type printCmd struct { capitalize bool } func (*printCmd) Name() string { return ""print"" } func (*printCmd) Synopsis() string { return ""Print args to stdout."" } func (*printCmd) Usage() string { return `print [-capitalize] <some text>: Print args to stdout. ` } func (p *printCmd) SetFlags(f *flag.FlagSet) { f.BoolVar(&p.capitalize, ""capitalize"", false, ""capitalize output"") } func (p *printCmd) Execute(_ context.Context, f *flag.FlagSet, _ ...interface{}) subcommands.ExitStatus { for _, arg := range f.Args() { if p.capitalize { arg = strings.ToUpper(arg) } fmt.Printf(""%s "", arg) } fmt.Println() return subcommands.ExitSuccess } Register using the default Commander, also use som"
platform/external/golang-glog,third_party,,,"glog Leveled execution logs for Go. This is an efficient pure Go implementation of leveled logs in the manner of the open source C++ package glog . By binding methods to booleans it is possible to use the log package without paying the expense of evaluating the arguments to the log. Through the -vmodule flag, the package also provides fine-grained control over logging at the file level. The comment from glog.go introduces the ideas: Package glog implements logging analogous to the Google-internal C++ INFO/ERROR/V setup. It provides the functions Info, Warning, Error, Fatal, plus formatting variants such as Infof. It also provides V-style loggingcontrolled by the -v and -vmodule=file=2 flags. Basic examples: glog.Info(""Prepare to repel boarders"") glog.Fatalf(""Initialization failed: %s"", err) See the documentation for the V function for an explanation of these examples: if glog.V(2) { glog.Info(""Starting transaction..."") } glog.V(2).Infoln(""Processed"", nItems, ""elements"") The repository"
platform/external/golang-groupcache,third_party,,,Bug: 190448457
platform/external/golang-klauspost-compress,third_party,,,"compress This package provides various compression algorithms. zstandard compression and decompression in pure Go. S2 is a high performance replacement for Snappy. Optimized deflate packages which can be used as a dropin replacement for gzip , zip and zlib . snappy is a drop-in replacement for github.com/golang/snappy offering better compression and concurrent streams. huff0 and FSE implementations for raw entropy encoding. gzhttp Provides client and server wrappers for handling gzipped requests efficiently. pgzip is a separate package that provides a very fast parallel gzip implementation. changelog Feb 5th, 2024 - 1.17.6 zstd: Fix incorrect repeat coding in best mode https://github.com/klauspost/compress/pull/923 s2: Fix DecodeConcurrent deadlock on errors https://github.com/klauspost/compress/pull/925 Jan 26th, 2024 - v1.17.5 flate: Fix reset with dictionary on custom window encodes https://github.com/klauspost/compress/pull/912 zstd: Add Frame header encoding and stripping https://"
platform/external/golang-pkg-xattr,third_party,,,"xattr Extended attribute support for Go (linux + darwin + freebsd + netbsd + solaris). “Extended attributes are name:value pairs associated permanently with files and directories, similar to the environment strings associated with a process. An attribute may be defined or undefined. If it is defined, its value may be empty or non-empty.” See more... SetWithFlags allows to additionally pass system flags to be forwarded to the underlying calls. FreeBSD and NetBSD do not support this and the parameter will be ignored. The L variants of all functions ( LGet/LSet/... ) are identical to Get/Set/... except that they do not reference a symlink that appears at the end of a path. See GoDoc for details. Example const path = ""/tmp/myfile"" const prefix = ""user."" if err := xattr.Set(path, prefix+""test"", []byte(""test-attr-value"")); err != nil { log.Fatal(err) } var list []string if list, err = xattr.List(path); err != nil { log.Fatal(err) } var data []byte if data, err = xattr.Get(path, prefix+""test"""
platform/external/golang-protobuf,third_party,,androidbp,"Go support for Protocol Buffers This project hosts the Go implementation for protocol buffers , which is a language-neutral, platform-neutral, extensible mechanism for serializing structured data. The protocol buffer language is a language for specifying the schema for structured data. This schema is compiled into language specific bindings. This project provides both a tool to generate Go code for the protocol buffer language, and also the runtime implementation to handle serialization of messages in Go. See the protocol buffer developer guide for more information about protocol buffers themselves. This project is comprised of two components: Code generator: The protoc-gen-go tool is a compiler plugin to protoc , the protocol buffer compiler. It augments the protoc compiler so that it knows how to generate Go specific code for a given .proto file . Runtime library: The protobuf module contains a set of Go packages that form the runtime implementation of protobufs in Go. This provides"
platform/external/golang-x-net,third_party,,,Bug: 189597693
platform/external/golang-x-oauth2,third_party,,,Bug: 189829372
platform/external/golang-x-sync,third_party,,androidbp,"Go Sync This repository provides Go concurrency primitives in addition to the ones provided by the language and “sync” and “sync/atomic” packages. Download/Install The easiest way to install is to run go get -u golang.org/x/sync . You can also manually git clone the repository to $GOPATH/src/golang.org/x/sync . Report Issues / Send Patches This repository uses Gerrit for code changes. To learn how to submit changes to this repository, see https://golang.org/doc/contribute.html . The main issue tracker for the sync repository is located at https://github.com/golang/go/issues . Prefix your issue with “x/sync:” in the subject line, so it is easy to find."
platform/external/golang-x-sys,third_party,,androidbp,"sys This repository holds supplemental Go packages for low-level interactions with the operating system. Download/Install The easiest way to install is to run go get -u golang.org/x/sys . You can also manually git clone the repository to $GOPATH/src/golang.org/x/sys . Report Issues / Send Patches This repository uses Gerrit for code changes. To learn how to submit changes to this repository, see https://golang.org/doc/contribute.html . The main issue tracker for the sys repository is located at https://github.com/golang/go/issues . Prefix your issue with “x/sys:” in the subject line, so it is easy to find."
platform/external/golang-x-text,third_party,,,Bug: 189593770
platform/external/golang-x-tools,third_party,,androidbp,"Go Tools This repository provides the golang.org/x/tools module, comprising various tools and packages mostly for static analysis of Go programs, some of which are listed below. Use the “Go reference” link above for more information about any package. It also contains the golang.org/x/tools/gopls module, whose root package is a language-server protocol (LSP) server for Go. An LSP server analyses the source code of a project and responds to requests from a wide range of editors such as VSCode and Vim, allowing them to support IDE-like functionality. Selected commands: cmd/goimports formats a Go program like go fmt and additionally inserts import statements for any packages required by the file after it is edited. cmd/callgraph prints the call graph of a Go program. cmd/digraph is a utility for manipulating directed graphs in textual notation. cmd/stringer generates declarations (including a String method) for “enum” types. cmd/toolstash is a utility to simplify working with multiple ver"
platform/external/google-api-go-client,third_party,,,Bug: 190384014
platform/external/google-api-services-storage,third_party,,,
platform/external/google-auth-library-java,third_party,,,Google Auth Library Open source authentication client library for Java. API Documentation This project consists of 3 artifacts: google-auth-library-credentials : contains base classes and interfaces for Google credentials google-auth-library-appengine : contains App Engine credentials. This artifact depends on the App Engine SDK. google-auth-library-oauth2-http : contains a wide variety of credentials as well as utility methods to create them and to get Application Default Credentials Table of contents: Quickstart google-auth-library-oauth2-http Application Default Credentials ImpersonatedCredentials Workload Identity Federation Accessing resources from AWS Accessing resources from Azure Accessing resources from an OIDC identity provider Accessing resources using Executable-sourced credentials Configurable Token Lifetime Workforce Identity Federation Accessing resources using an OIDC or SAML 2.0 identity provider Accessing resources using external account authorized user workforce cred
platform/external/google-benchmark,third_party,,androidbp,"Benchmark A library to benchmark code snippets, similar to unit tests. Example: #include <benchmark/benchmark.h> static void BM_SomeFunction ( benchmark :: State & state ) { // Perform setup here for ( auto _ : state ) { // This code gets timed SomeFunction (); } } // Register the function as a benchmark BENCHMARK ( BM_SomeFunction ); // Run the benchmark BENCHMARK_MAIN (); Getting Started To get started, see Requirements and Installation . See Usage for a full example and the User Guide for a more comprehensive feature overview. It may also help to read the Google Test documentation as some of the structural aspects of the APIs are similar. Resources Discussion group IRC channels: libera #benchmark Additional Tooling Documentation Assembly Testing Documentation Building and installing Python bindings Requirements The library can be used with C++03. However, it requires C++14 to build, including compiler and standard library support. See dependencies.md for more details regarding suppo"
platform/external/google-breakpad,third_party,,androidbp,"Breakpad Breakpad is a set of client and server components which implement a crash-reporting system. Homepage Documentation Bugs Discussion/Questions: google-breakpad-discuss@googlegroups.com Developer/Reviews: google-breakpad-dev@googlegroups.com Tests: Coverage Getting started (from main) First, download depot_tools and ensure that they’re in your PATH . Create a new directory for checking out the source code (it must be named breakpad). mkdir breakpad && cd breakpad Run the fetch tool from depot_tools to download all the source repos. fetch breakpad cd src Build the source. ./ configure && make You can also cd to another directory and run configure from there to build outside the source tree. This will build the processor tools ( src/processor/minidump_stackwalk , src/processor/minidump_dump , etc), and when building on Linux it will also build the client libraries and some tools ( src/tools/linux/dump_syms/dump_syms , src/tools/linux/md2core/minidump-2-core , etc). Optionally, run"
platform/external/google-cloud-go,third_party,,,Bug: 191702209
platform/external/google-cloud-java,third_party,,,Google Cloud Java Client Libraries Java idiomatic client for Google Cloud Platform services. Java on Google Cloud Supported APIs Libraries are available on GitHub and Maven Central for developing Java applications that interact with individual Google Cloud services: Client Release Level Version AI Platform Notebooks API Gateway Access Approval Apigee Connect App Engine Admin API Artifact Registry Asset Inventory Assured Workloads for Government Auto ML BigQuery BigQuery Connection BigQuery Data Transfer Service BigQuery Reservation BigQuery Storage Bigtable Bigtable Hbase Client Billing Billing Budgets Binary Authorization Build CCAI Insights Certificate Authority Service Channel Services Composer Compute Engine Container Analysis DNS Data Catalog Data Fusion Data Loss Prevention Database Migration Service Dataplex Dataproc Dataproc Metastore Datastore Datastream Debugger Deploy Dialogflow API Document AI Domains Essential Contacts API Eventarc Filestore API Firestore Fleet Routing Fun
platform/external/google-diff-match-patch,third_party,,,
platform/external/google-fonts/arbutus-slab,third_party,,androidbp,Bug: 121039455
platform/external/google-fonts/arvo,third_party,,androidbp,Bug: 122326944
platform/external/google-fonts/barlow,third_party,,androidbp,Bug: 152213165
platform/external/google-fonts/big-shoulders-text,third_party,,androidbp,Bug: 152213165
platform/external/google-fonts/carrois-gothic-sc,third_party,,androidbp,
platform/external/google-fonts/coming-soon,third_party,,androidbp,
platform/external/google-fonts/cutive-mono,third_party,,androidbp,
platform/external/google-fonts/dancing-script,third_party,,androidbp,
platform/external/google-fonts/fraunces,third_party,,androidbp,"Fraunces Font Project Fraunces is a display, “Old Style” soft-serif typeface inspired by the mannerisms of early 20th century typefaces such as Windsor , Souvenir, and the Cooper Series. This typeface family is still under development, and will be ready for initial release by early 2020. Variable Axes Fraunces has the following axes: Axis Tag Range Default Description Optical Size opsz 9 to 144 36 Labeled 9, 36, 72, and 144 in instances. Weight wght 100 to 900 400 Labeled Thin, Light, Regular, Semibold, Bold, and Black in instances. Goofy* GOOF* 000 to 100 050 Labeled G000, G050, and G100 in instances. * Final axis name TBD Wonky WONK 0 to 1 1 Binary axis controls substitution of “wonky” characters. Automatically substitutes when opsz > 18. Not listed in instances. opsz (Optical Size) Axis The opsz axis ties together changes in contrast, x-height, spacing, and character widths. As opsz decreases, the x-height increases, spacing opens up, and the characters expand in width. Additionally"
platform/external/google-fonts/karla,third_party,,androidbp,Bug: 152213165
platform/external/google-fonts/lato,third_party,,androidbp,Bug: 122326894
platform/external/google-fonts/lustria,third_party,,androidbp,Bug: 152213165
platform/external/google-fonts/rubik,third_party,,androidbp,Bug: 122303069
platform/external/google-fonts/source-sans-pro,third_party,,androidbp,Bug: 122327511
platform/external/google-fonts/zilla-slab,third_party,,androidbp,Bug: 139309277
platform/external/google-fruit,third_party,,androidbp,"Fruit is a dependency injection framework for C++, loosely inspired by the Guice framework for Java. It uses C++ metaprogramming together with some C++11 features to detect most injection problems at compile-time. It allows to split the implementation code in “components” (aka modules) that can be assembled to form other components. From a component with no requirements it's then possible to create an injector, that provides an instance of the interfaces exposed by the component. See the wiki for more information, including installation instructions, tutorials and reference documentation."
platform/external/google-highway,third_party,,,Bug: 457231668
platform/external/google-java-format,third_party,,androidbp,"google-java-format google-java-format is a program that reformats Java source code to comply with Google Java Style . Using the formatter from the command-line Download the formatter and run it with: java -jar /path/to/google-java-format-${GJF_VERSION?}-all-deps.jar <options> [files...] The formatter can act on whole files, on limited lines ( --lines ), on specific offsets ( --offset ), passing through to standard-out (default) or altered in-place ( --replace ). To reformat changed lines in a specific patch, use google-java-format-diff.py . Note: There is no configurability as to the formatter's algorithm for formatting. This is a deliberate design decision to unify our code formatting on a single format. IntelliJ, Android Studio, and other JetBrains IDEs A google-java-format IntelliJ plugin is available from the plugin repository. To install it, go to your IDE's settings and select the Plugins category. Click the Marketplace tab, search for the google-java-format plugin, and click the"
platform/external/google-smali,third_party,,androidbp,"About smali/baksmali is an assembler/disassembler for the dex format used by dalvik, Android‘s Java VM implementation. The syntax is loosely based on Jasmin’s/dedexer's syntax, and supports the full functionality of the dex format (annotations, debug info, line info, etc.) NOTE : This is a fork of https://github.com/JesusFreke/smali for patches needed by Google as the original repository is currently not maintained. After forking the namespace was changed from org.jf to com.android.tools.smali . The artifacts are released on Google Maven under the following coordinates: com.android.tools.smali:smali:<version> com.android.tools.smali:smali-dexlib2:<version> com.android.tools.smali:smali-baksmali:<version> com.android.tools.smali:smali-util:<version> After the fork the first version released was 3.0.0, which was version 2.5.2 from the original repo with a few patches and the namespace change. Support github Issue tracker - For any bugs/issues/feature requests Some useful links for gettin"
platform/external/google-styleguide,third_party,,,"Google Style Guides Every major open-source project has its own style guide: a set of conventions (sometimes arbitrary) about how to write code for that project. It is much easier to understand a large codebase when all the code in it is in a consistent style. “Style” covers a lot of ground, from “use camelCase for variable names” to “never use global variables” to “never use exceptions.” This project ( google/styleguide ) links to the style guidelines we use for Google code. If you are modifying a project that originated at Google, you may be pointed to this page to see the style guides that apply to that project. This project holds the C++ Style Guide , Objective-C Style Guide , Java Style Guide , Python Style Guide , R Style Guide , Shell Style Guide , HTML/CSS Style Guide , JavaScript Style Guide , AngularJS Style Guide , Common Lisp Style Guide , and Vimscript Style Guide . This project also contains cpplint , a tool to assist with style guide compliance, and google-c-style.el , a"
platform/external/google-tv-pairing-protocol,third_party,,,
platform/external/google-uuid,third_party,,,uuid The uuid package generates and inspects UUIDs based on RFC 4122 and DCE 1.1: Authentication and Security Services. This package is based on the github.com/pborman/uuid package (previously named code.google.com/p/go-uuid). It differs from these earlier packages in that a UUID is a 16 byte array rather than a byte slice. One loss due to this change is the ability to represent an invalid UUID (vs a NIL UUID). Install go get github.com/google/uuid Documentation Full go doc style documentation for the package can be viewed online without installing this package by using the GoDoc site here: http://pkg.go.dev/github.com/google/uuid
platform/external/googleapis,third_party,,androidbp,"Google APIs This repository contains the original interface definitions of public Google APIs that support both REST and gRPC protocols. Reading the original interface definitions can provide a better understanding of Google APIs and help you to utilize them more efficiently. You can also use these definitions with open source tools to generate client libraries, documentation, and other artifacts. Building Bazel The recommended way to build the API client libraries is through Bazel >= 4.2.2. First, install bazel . To build all libraries: bazel build //... To test all libraries: bazel test //... To build one library in all languages: bazel build //google/example/library/v1/... To build the Java package for one library: bazel build //google/example/library/v1:google-cloud-example-library-v1-java Bazel packages exist in all the libraries for Java, Go, Python, Ruby, Node.js, PHP and C#. Overview Google APIs are typically deployed as API services that are hosted under different DNS names. O"
platform/external/googleapis-enterprise-certificate-proxy,third_party,,,"Google Proxies for Enterprise Certificates (Preview) Certificate-based-access If you use certificate-based access to protect your Google Cloud resources, the end user device certificate is one of the credentials that is verified before access to a resource is granted. You can configure Google Cloud to use the device certificates in your operating system key store when verifying access to a resource from the gcloud CLI or Terraform by using the enterprise certificates feature. Google Enterprise Certificate Proxies (ECP) Google Enterprise Certificate Proxies (ECP) are part of the Google Cloud Zero Trust architecture that enables mutual authentication with client-side certificates . This repository contains a set of proxies/modules that can be used by clients or toolings to interact with certificates that are stored in protected key storage systems . To interact the client certificates, application code should not need to use most of these proxies within this repository directly. Instead,"
platform/external/googleapis-gax-go,third_party,,,Bug: 190492228
platform/external/googleapis-go-genproto,third_party,,,Bug: 189597692
platform/external/googleclient,third_party,,,
platform/external/googletest,third_party,,androidbp,"GoogleTest Announcements Live at Head GoogleTest now follows the Abseil Live at Head philosophy . We recommend updating to the latest commit in the main branch as often as possible . We do publish occasional semantic versions, tagged with v${major}.${minor}.${patch} (e.g. v1.15.2 ). Documentation Updates Our documentation is now live on GitHub Pages at https://google.github.io/googletest/ . We recommend browsing the documentation on GitHub Pages rather than directly in the repository. Release 1.15.2 Release 1.15.2 is now available. The 1.15.x branch requires at least C++14. Continuous Integration We use Google's internal systems for continuous integration. Coming Soon We are planning to take a dependency on Abseil . Welcome to GoogleTest , Google's C++ test framework! This repository is a merger of the formerly separate GoogleTest and GoogleMock projects. These were so closely related that it makes sense to maintain and release them together. Getting Started See the GoogleTest User's G"
platform/external/gptfdisk,third_party,,androidbp,
platform/external/gradle-perf-android-large,third_party,,,
platform/external/gradle-perf-android-medium,third_party,,,"WordPress for Android If you‘re just looking to install WordPress for Android, you can find it on Google Play . If you’re a developer wanting to contribute, read on. Build Instructions You first need to generate the local.properties (replace YOUR_SDK_DIR with your actual android SDK directory) file and create the gradle.properties file: $ echo ""sdk.dir=YOUR_SDK_DIR"" > local.properties $ cp ./WordPress/gradle.properties-example ./WordPress/gradle.properties Note: this is the default ./WordPress/gradle.properties file. If you want to use WordPress.com features (login to a WordPress.com account, access the Reader and Stats for example), you'll have to get a WordPress.com OAuth2 ID and secret. Please read the OAuth2 Authentication section. You can now build, install and test the project: $ ./gradlew assembleVanillaDebug # assemble the debug .apk $ ./gradlew installVanillaDebug # install the debug .apk if you have an # emulator or an Android device connected $ ./gradlew cAT # assemble, inst"
platform/external/gradle-profiler,third_party,,,Bug: 409600554
platform/external/grpc-grpc,third_party,,androidbp,"gRPC – An RPC library and framework gRPC is a modern, open source, high-performance remote procedure call (RPC) framework that can run anywhere. gRPC enables client and server applications to communicate transparently, and simplifies the building of connected systems. To start using gRPC To maximize usability, gRPC supports the standard method for adding dependencies to a user‘s chosen language (if there is one). In most languages, the gRPC runtime comes as a package available in a user’s language package manager. For instructions on how to use the language-specific gRPC runtime for a project, please refer to these documents C++ : follow the instructions under the src/cpp directory C#/.NET : NuGet packages Grpc.Net.Client , Grpc.AspNetCore.Server Dart : pub package grpc Go : go get google.golang.org/grpc Java : Use JARs from Maven Central Repository Kotlin : Use JARs from Maven Central Repository Node : npm install @grpc/grpc-js Objective-C : Add gRPC-ProtoRPC dependency to podspec PHP"
platform/external/grpc-grpc-go,third_party,,,Bug: 189597691
platform/external/grpc-grpc-java,third_party,,androidbp,"gRPC-Java - An RPC library and framework Supported Platforms gRPC-Java supports Java 8 and later. Android minSdkVersion 19 (KitKat) and later are supported with Java 8 language desugaring . TLS usage on Android typically requires Play Services Dynamic Security Provider. Please see the Security Readme . Older Java versions are not directly supported, but a branch remains available for fixes and releases. See gRFC P5 JDK Version Support Policy . Java version gRPC Branch 7 1.41.x Getting Started For a guided tour, take a look at the quick start guide or the more explanatory gRPC basics . The examples and the Android example are standalone projects that showcase the usage of gRPC. Download Download the JARs . Or for Maven with non-Android, add to your pom.xml : <dependency> <groupId> io.grpc </groupId> <artifactId> grpc-netty-shaded </artifactId> <version> 1.56.0 </version> <scope> runtime </scope> </dependency> <dependency> <groupId> io.grpc </groupId> <artifactId> grpc-protobuf </artifac"
platform/external/grub,third_party,,,
platform/external/gsc-utils,third_party,google_origin,"androidbp,rust_dir",Bug: 361398570
platform/external/gsoap,third_party,,,
platform/external/gson,third_party,,androidbp,"Gson Gson is a Java library that can be used to convert Java Objects into their JSON representation. It can also be used to convert a JSON string to an equivalent Java object. Gson can work with arbitrary Java objects including pre-existing objects that you do not have source-code of. There are a few open-source projects that can convert Java objects to JSON. However, most of them require that you place Java annotations in your classes; something that you can not do if you do not have access to the source-code. Most also do not fully support the use of Java Generics. Gson considers both of these as very important design goals. :information_source: Gson is currently in maintenance mode; existing bugs will be fixed, but large new features will likely not be added. If you want to add a new feature, please first search for existing GitHub issues, or create a new one to discuss the feature and get feedback. Goals Provide simple toJson() and fromJson() methods to convert Java objects to JSON"
platform/external/gtest,third_party,,androidbp,
platform/external/gturri-aXMLRPC,third_party,,androidbp,"What is aXMLRPC? aXMLRPC is a Java library with a leightweight XML-RPC client. XML-RPC is a specification for making remote procedure calls over the HTTP protocol in an XML format. The specificationc can be found under http://www.xmlrpc.com/spec . You can control the client with some flags to extend its functionality. See the section about flags. How to include it? How to include the aXMLRPC client into your project? There are several ways to do that: Include the source code You can just include all the source code from the src directory into the sourcecode of your project. If you use git yourself, you can use submodules to include the code as a module to yours. So you will always stay up to date with the library. Compile it as library aXMLRPC uses maven, so you can build it using mvn install Use Maven To use it on your Maven project, add it as a dependency on your pom.xml file: <dependency> <groupId> fr.turri </groupId> <artifactId> aXMLRPC </artifactId> <version> X.Y.Z </version> </d"
platform/external/gturri-jISO8601,third_party,,androidbp,"Overview jISO8601 is yet another library made to parse dates in Java. It may still be useful since: It's trivial to use It's lightweight It's compatible with Android It can parse any date compatible with the norm Getting started There are only two public methods: import fr.turri.jiso8601.*; ... Calendar cal = Iso8601Deserializer.toCalendar(""1985-03-04""); Date date = Iso8601Deserializer.toDate(""1985-03-04T12:34:56Z""); Each type of ISO8601 dates are supported (calendar, ordinal and week dates, basic and extended format) as weel as each format of hour and timezone. Installation Using it with maven This package will soon be available on maven central. For now it needs to be build from source. For instance, on Ubuntu: git clone https://github.com/gturri/jiso8601 cd jiso8601 sudo apt-get install maven mvn install Then, in your pom.xml, add <dependency> <groupId> fr.turri </groupId> <artifactId> jISO8601 </artifactId> <version> 0.1 </version> </dependency> Out of scope (for now) Recurring tim"
platform/external/guava,third_party,,androidbp,"Guava: Google Core Libraries for Java Guava is a set of core Java libraries from Google that includes new collection types (such as multimap and multiset), immutable collections, a graph library, and utilities for concurrency, I/O, hashing, primitives, strings, and more! It is widely used on most Java projects within Google, and widely used by many other companies as well. Guava comes in two flavors: The JRE flavor requires JDK 1.8 or higher. If you need support for Android, use the Android flavor . You can find the Android Guava source in the android directory . Adding Guava to your build Guava's Maven group ID is com.google.guava , and its artifact ID is guava . Guava provides two different “flavors”: one for use on a (Java 8+) JRE and one for use on Android or by any library that wants to be compatible with Android. These flavors are specified in the Maven version field as either 33.3.0-jre or 33.3.0-android . For more about depending on Guava, see using Guava in your build . To add"
platform/external/guice,third_party,,androidbp,"Guice Latest release: 4.1 Documentation: User Guide , 4.1 javadocs , Latest javadocs Continuous Integration: Mailing Lists: User Mailing List License: Apache 2.0 Put simply, Guice alleviates the need for factories and the use of new in your Java code. Think of Guice's @Inject as the new new. You will still need to write factories in some cases, but your code will not depend directly on them. Your code will be easier to change, unit test and reuse in other contexts. Guice embraces Java's type safe nature, especially when it comes to features introduced in Java 5 such as generics and annotations. You might think of Guice as filling in missing features for core Java. Ideally, the language itself would provide most of the same features, but until such a language comes along, we have Guice. Guice helps you design better APIs, and the Guice API itself sets a good example. Guice is not a kitchen sink. We justify each feature with at least three use cases. When in doubt, we leave it out. We bu"
platform/external/gvdb,third_party,,,Bug: 298660047
platform/external/gwp_asan,third_party,,androidbp,Bug: 139531572
platform/external/hafnium,third_party,,,"Hafnium Hafnium is the Secure Partition Manager(SPM) reference implementation, following the Arm's Firmware Framework specification . It leverages Arm‘s virtualization extensions in the secure world of Arm’s A class of devices (feature introduced with Armv8.4 FEAT_SEL2) to allow multiple Trusted OSes or Applications to run concurrently, inside the Trusted Execution Environment, each running as a Secure Partition (SP). Its main goal is to control the system access given to Trusted OSes, and serve as a mediator to the rest of the system. For example, it limits the memory use, and handles all system calls from Trusted OS. Thus the SPM can enforce spacial isolation, and enforce some level of access control, protecting other critical system resources such as: the secure monitor, the normal world software stack, the SPM itself and other SPs/Trusted Applications. Other important features are: secure interrupt handling, device assignment, inter-partition communication and with the Normal World"
platform/external/hamcrest,third_party,,androidbp,"Java Hamcrest Licensed under BSD License . What is Hamcrest? Hamcrest is a library of matchers, which can be combined in to create flexible expressions of intent in tests. They've also been used for other purposes. Downloads You can obtain Hamcrest binaries from maven central , or from [google code downloads][]. Extensions For Hamcrest extension projects see the hamcrest extensions page . Documentation Documentation can be found on the Hamcrest site . Reporting Bugs/Issues If you find an issue with Java Hamcrest, please report it via the GitHub issue tracker , after first checking that it hasn't been raised already. Source To build, please read BUILDING.txt Acknowledgements Developers: Joe Walnes Nat Pryce Steve Freeman Contributors: Robert Chatley Tom White Neil Dunn Dan North Magne Rasmussen David Saff Tom Denley Also, thanks to everyone who has worked on DynaMock, nMock, jMock, EasyMock and MiniMock! These libraries inspired Hamcrest."
platform/external/harfbuzz,third_party,,,
platform/external/harfbuzz_ng,third_party,,androidbp,"HarfBuzz HarfBuzz is a text shaping engine. It primarily supports OpenType , but also Apple Advanced Typography . HarfBuzz is used in Android, Chrome, ChromeOS, Firefox, GNOME, GTK+, KDE, Qt, LibreOffice, OpenJDK, XeTeX, PlayStation, Microsoft Edge, Adobe Photoshop, Illustrator, InDesign, Godot Engine, Unreal Engine, and other places. For bug reports, mailing list, and other information please visit: http://harfbuzz.org/ For license information, see COPYING . Documentation For user manual as well as API documentation, check: https://harfbuzz.github.io Download For tarball releases of HarfBuzz, look here . At the same place you will also find Win32/Win64 binary bundles that include libharfbuzz DLL, hb-view.exe , hb-shape.exe , and all dependencies. The canonical source tree is available on github . The API that comes with hb.h will not change incompatibly. Other, peripheral, headers are more likely to go through minor modifications, but again, we do our best to never change API in an in"
platform/external/hcidump,third_party,,,
platform/external/honggfuzz,third_party,,,Bug: 111264136
platform/external/horologist,third_party,,,Bug: 301262658
platform/external/hplip,third_party,,,Bug: 436095022
platform/external/hsqldb,third_party,,,
platform/external/hyphenation,third_party,,,
platform/external/hyphenation-patterns,third_party,,androidbp,
platform/external/iamf_tools,third_party,,androidbp,"iamf-tools What is IAMF? The Immersive Audio Model and Formats (IAMF) standard is defined by the Alliance for Open Media (AOM). What is iamf-tools ? iamf-tools implements tools to help users process and work with the IAMF format. These tools can be used as a complement to the libiamf reference decoder and other tools such as ffmpeg and MP4Box . Encoding IAMF files There are multiple workflows for creating IAMF files, supporting different types of inputs. Encode an ADM-BWF file to IAMF Encode wav files to IAMF using the iamf-tools encoder Merge IAMF files and video into an mp4 file Encode wav files to IAMF using ffmpeg Decoding IAMF files The libiamf reference decoder is available at https://github.com/AOMediaCodec/libiamf/ . Web Demo The web demo hosted in the GitHub Pages of this repo decodes and renders standalone IAMF files to stereo and binaural wav files for preview and comparison. Encoder The encoder can be used to encode a standalone IAMF Sequence ( .iamf ) file from a set of mu"
platform/external/icing,third_party,,androidbp,"Icing Search Library Icing is a fast, embedded, mobile-friendly full-text-search library written in C++. This is not an officially supported Google product."
platform/external/icu,third_party,,androidbp,
platform/external/icu4c,third_party,,,
platform/external/id3lib,third_party,,,
platform/external/igt-gpu-tools,third_party,,androidbp,"IGT GPU Tools Description IGT GPU Tools is a collection of tools for development and testing of the DRM drivers. There are many macro-level test suites that get used against the drivers, including xtest, rendercheck, piglit, and oglconform, but failures from those can be difficult to track down to kernel changes, and many require complicated build procedures or specific testing environments to get useful results. Therefore, IGT GPU Tools includes low-level tools and tests specifically for development and testing of the DRM Drivers. IGT GPU Tools is split into several sections: benchmarks/ This is a collection of useful microbenchmarks that can be used to tune DRM code in relevant ways. The benchmarks require KMS to be enabled. When run with an X Server running, they must be run as root to avoid the authentication requirement. Note that a few other microbenchmarks are in tests (like gem_gtt_speed). tests/ This is a set of automated tests to run against the DRM to validate changes. Many"
platform/external/image_io,third_party,,androidbp,Bug: 139309277
platform/external/ims,third_party,,,
platform/external/ink-stroke-modeler,third_party,,,"Ink Stroke Modeler This library smooths raw freehand input and predicts the input's motion to minimize display latency. It turns noisy pointer input from touch/stylus/etc. into the beautiful stroke patterns of brushes/markers/pens/etc. Be advised that this library was designed to model handwriting, and as such, prioritizes smooth, good-looking curves over precise recreation of the input. This library is designed to have minimal dependencies; the library itself relies only on the C++ Standard Library and Abseil , and the tests use the GoogleTest framework. Build System Bazel Ink Stroke Modeler can be built and the tests run from the GitHub repo root with: bazel test ... To use Ink Stroke Modeler in another Bazel project, put the following in the WORKSPACE file to download the code from GitHub head and set up dependencies: load ( ""@bazel_tools//tools/build_defs/repo:git.bzl"" , ""git_repository"" ) git_repository ( name = ""ink_stroke_modeler"" , remote = ""https://github.com/google/ink-stroke"
platform/external/intel-media-driver,third_party,,androidbp,Bug: 352643499
platform/external/intel-pmt-metadata,third_party,,,Bug: 436095022
platform/external/intellij-plugins,third_party,,,Bug: 372257897
platform/external/iosched,third_party,,,"This is a fork of https://github.com/google/iosched in order to use this project as a benchmark for the Android Gradle plugin. Changes made to the project to run the benchmark as prefixed by [Benchmark] Google I/O Android App Google I/O is a developer conference held each year with two days of deep technical content featuring technical sessions and hundreds of demonstrations from developers showcasing their technologies. This project is the Android app for the conference. The app supports devices running Android 4.0+, and is optimized for phones and tablets of all shapes and sizes. It also contains an Android Wear integration. We have updated the I/O app with material design and the Android 5.0 SDK! For a quick preview of the new tactile surfaces, animated touch feedback, bold use of color, and refreshed iconography, check out this teaser video . The source code in this repository reflects the app as of I/O 2014. With the app, you can: View the conference agenda and edit your personal"
platform/external/iperf3,third_party,,androidbp,"iperf3: A TCP, UDP, and SCTP network bandwidth measurement tool Summary iperf is a tool for active measurements of the maximum achievable bandwidth on IP networks. It supports tuning of various parameters related to timing, protocols, and buffers. For each test it reports the measured throughput / bitrate, loss, and other parameters. This version, sometimes referred to as iperf3, is a redesign of an original version developed at NLANR/DAST. iperf3 is a new implementation from scratch, with the goal of a smaller, simpler code base, and a library version of the functionality that can be used in other programs. iperf3 also has a number of features found in other tools such as nuttcp and netperf, but were missing from the original iperf. These include, for example, a zero-copy mode and optional JSON output. Note that iperf3 is not backwards compatible with the original iperf. Primary development for iperf3 takes place on CentOS Linux, FreeBSD, and macOS. At this time, these are the only of"
platform/external/iproute2,third_party,,androidbp,
platform/external/ipsec-tools,third_party,,,
platform/external/iptables,third_party,,androidbp,
platform/external/iputils,third_party,,androidbp,
platform/external/iw,third_party,,androidbp,
platform/external/jack,third_party,,,
platform/external/jackson-annotations,third_party,,androidbp,"Overview This project contains general purpose annotations for Jackson Data Processor, used on value and handler types. The only annotations not included are ones that require dependency to the Databind package . Project contains versions 2.0 and above: source code for earlier (1.x) versions is available from Jackson-1 SVN repository. Note that with version 1.x these annotations were part of the ‘core jar’. Full Listing of Jackson Annotations details all available annotations; Project Wiki gives more details. Project is licensed under Apache License 2.0 . Usage, general Improvements over typical Java annotations In addition to regular usage (see below), there are couple of noteworthy improvements Jackson does: Mix-in annotations allow associating annotations on third-party classes ‘‘without modifying classes’’. Jackson annotations support full inheritance: meaning that you can ‘‘override annotation definitions’’, and not just class annotations but also method/field annotations! Maven,"
platform/external/jackson-core,third_party,,androidbp,"Overview This project contains core low-level incremental (“streaming”) parser and generator abstractions used by Jackson Data Processor . It also includes the default implementation of handler types (parser, generator) that handle JSON format. The core abstractions are not JSON specific, although naming does contain ‘JSON’ in many places, due to historical reasons. Only packages that specifically contain word ‘json’ are JSON-specific. This package is the base on which Jackson data-binding package builds on. It is licensed under Apache License 2.0 . For additional/alternative licensing questions, please contact info@fasterxml.com : affordable commercial licenses available for use cases like Android app development. Alternate data format implementations (like Smile (binary JSON) , XML , CSV ) and CBOR also build on this base package, implementing the core interfaces, making it possible to use standard data-binding package regardless of underlying data format. Project contains versions 2"
platform/external/jackson-databind,third_party,,androidbp,"Overview This project contains the general-purpose data-binding functionality and tree-model for Jackson Data Processor . It builds on core streaming parser/generator package, and uses Jackson Annotations for configuration. Project is licensed under Apache License 2.0 . While the original use case for Jackson was JSON data-binding, it can now be used for other data formats as well, as long as parser and generator implementations exist. Naming of classes uses word ‘JSON’ in many places even though there is no actual hard dependency to JSON format. Get it! Maven Functionality of this package is contained in Java package com.fasterxml.jackson.databind , and can be used using following Maven dependency: <properties> ... <!-- Use the latest version whenever possible. --> <jackson.version> 2.10.0 </jackson.version> ... </properties> <dependencies> ... <dependency> <groupId> com.fasterxml.jackson.core </groupId> <artifactId> jackson-databind </artifactId> <version> ${jackson.version} </versio"
platform/external/jacoco,third_party,,androidbp,"JaCoCo Java Code Coverage Library JaCoCo is a free Java code coverage library distributed under the Eclipse Public License. Check the project homepage for downloads, documentation and feedback. Please use our mailing list for questions regarding JaCoCo which are not already covered by the extensive documentation . Note: We do not answer general questions in the project's issue tracker. Please use our mailing list for this."
platform/external/jakarta.inject,third_party,,androidbp,Bug: 383313386
platform/external/jarjar,third_party,,androidbp,
platform/external/java-diff-utils,third_party,,,Bug: 509273825
platform/external/javaparser,third_party,,androidbp,"JavaParser This project contains a set of libraries implementing a Java 1.0 - Java 12 Parser with advanced analysis functionalities. Our main site is at JavaParser.org Setup The project binaries are available in Maven Central. We strongly advise users to adopt Maven, Gradle or another build system for their projects. If you are not familiar with them we suggest taking a look at the maven quickstart projects ( javaparser-maven-sample , javasymbolsolver-maven-sample ). Just add the following to your maven configuration or tailor to your own dependency management system. Please refer to the Migration Guide when upgrading from 2.5.1 to 3.0.0+ Maven : <dependency> <groupId> com.github.javaparser </groupId> <artifactId> javaparser-symbol-solver-core </artifactId> <version> 3.14.9 </version> </dependency> Gradle : implementation 'com.github.javaparser:javaparser-symbol-solver-core:3.14.9' Since Version 3.5.10, the JavaParser project includes the JavaSymbolSolver. While JavaParser generates an"
platform/external/javapoet,third_party,,androidbp,"JavaPoet JavaPoet is a Java API for generating .java source files. Source file generation can be useful when doing things such as annotation processing or interacting with metadata files (e.g., database schemas, protocol formats). By generating code, you eliminate the need to write boilerplate while also keeping a single source of truth for the metadata. Example Here's a (boring) HelloWorld class: package com . example . helloworld ; public final class HelloWorld { public static void main ( String [] args ) { System . out . println ( ""Hello, JavaPoet!"" ); } } And this is the (exciting) code to generate it with JavaPoet: MethodSpec main = MethodSpec . methodBuilder ( ""main"" ) . addModifiers ( Modifier . PUBLIC , Modifier . STATIC ) . returns ( void . class ) . addParameter ( String []. class , ""args"" ) . addStatement ( ""$T.out.println($S)"" , System . class , ""Hello, JavaPoet!"" ) . build (); TypeSpec helloWorld = TypeSpec . classBuilder ( ""HelloWorld"" ) . addModifiers ( Modifier . PUBLIC"
platform/external/javasqlite,third_party,,androidbp,
platform/external/javassist,third_party,,androidbp,"Java bytecode engineering toolkit Javassist version 3 Copyright (C) 1999-2018 by Shigeru Chiba, All rights reserved. Javassist (JAVA programming ASSISTant) makes Java bytecode manipulation simple. It is a class library for editing bytecodes in Java; it enables Java programs to define a new class at runtime and to modify a class file when the JVM loads it. Unlike other similar bytecode editors, Javassist provides two levels of API: source level and bytecode level. If the users use the source- level API, they can edit a class file without knowledge of the specifications of the Java bytecode. The whole API is designed with only the vocabulary of the Java language. You can even specify inserted bytecode in the form of source text; Javassist compiles it on the fly. On the other hand, the bytecode-level API allows the users to directly edit a class file as other editors. This software is distributed under the Mozilla Public License Version 1.1, the GNU Lesser General Public License Version 2"
platform/external/jazzer-api,third_party,,androidbp,"Website | Blog | Twitter Jazzer is a coverage-guided, in-process fuzzer for the JVM platform developed by Code Intelligence . It is based on libFuzzer and brings many of its instrumentation-powered mutation features to the JVM. Jazzer currently supports the following platforms: Linux x86_64 macOS 12+ x86_64 & arm64 Windows x86_64 Quick start You can use Docker to try out Jazzer's Autofuzz mode, in which it automatically generates arguments to a given Java function and reports unexpected exceptions and detected security issues: docker run -it cifuzz/jazzer-autofuzz \ com.mikesamuel:json-sanitizer:1.2.0 \ com.google.json.JsonSanitizer::sanitize \ --autofuzz_ignore=java.lang.ArrayIndexOutOfBoundsException Here, the first two arguments are the Maven coordinates of the Java library and the fully qualified name of the Java function to be fuzzed in “method reference” form. The optional --autofuzz_ignore flag takes a list of uncaught exception classes to ignore. After a few seconds, Jazzer sho"
platform/external/jcommander,third_party,,androidbp,b/27552463
platform/external/jctools,third_party,,,Bug: 509273825
platform/external/jdiff,third_party,,androidbp,
platform/external/jemalloc,third_party,,,
platform/external/jemalloc_new,third_party,,androidbp,Bug: 68660095
platform/external/jenkins-hash,third_party,,,
platform/external/jetbrains/JetBrainsRuntime,third_party,,,"Welcome to JetBrains Runtime! JetBrains Runtime is a fork of OpenJDK available for Windows, Mac OS X, and Linux. It supports enhanced class redefinition ( DCEVM ), features optional JCEF , a framework for embedding Chromium-based browsers, includes a number of improvements in font rendering, keyboards support, windowing/focus subsystems, HiDPI, accessibility, and performance, provides better desktop integration and bugfixes not yet present in OpenJDK. NOTE : This is a development branch that is periodically synchronized with the OpenJDK master branch. Release builds are based on these branches: jbr11 (JDK 11) jbr17 (JDK 17) Download the latest releases of JetBrains Runtime to use with JetBrains IDEs. The full list can be found on the releases page . Releases based on JDK 17 IDE Version Latest JBR Date Released 2023.1 17.0.6-b829.5 01-Mar-2023 2022.3 17.0.6-b653.34 28-Feb-2023 2022.2 17.0.6-b469.82 06-Mar-2023 Releases based on JDK 11 IDE Version Latest JBR Date Released 2022.1 11_0_16-"
platform/external/jetbrains/intellij-kotlin,third_party,,,Bug: 178736707
platform/external/jetbrains/intellij-rust,third_party,,,Bug: 267772127
platform/external/jetbrains/jcef,third_party,,androidbp,"The Java Chromium Embedded Framework (JCEF) is a simple framework for embedding Chromium-based browsers in other applications using the Java programming language. Quick Links Building JCEF - https://bitbucket.org/chromiumembedded/java-cef/wiki/BranchesAndBuilding Support Forum - http://magpcss.org/ceforum/viewforum.php?f=17 Downloads - https://github.com/jcefmaven/jcefbuild Maven/Gradle Artifacts - https://github.com/jcefmaven/jcefmaven Donations - http://www.magpcss.org/ceforum/donate.php Introduction CEF is a BSD-licensed open source project founded by Marshall Greenblatt in 2008 and based on the Google Chromium project. Unlike the Chromium project itself, which focuses mainly on Google Chrome application development, CEF focuses on facilitating embedded browser use cases in third-party applications. CEF insulates the user from the underlying Chromium and Blink code complexity by offering production-quality stable APIs, release branches tracking specific Chromium releases, and binary"
platform/external/jetbrains/jdk8u,third_party,,,"JetBrains Runtime JetBrains Runtime is a runtime environment for running IntelliJ Platform -based products on Windows, macOS, and Linux. It is based on the OpenJDK project , with some modifications, including: Subpixel anti-aliasing Enhanced font rendering on Linux HiDPI support Ligatures Some fixes for native crashes not presented in official build Other small enhancements JetBrains Runtime is not a certified build of OpenJDK. Please, use at your own risk. Downloads Windows-x86 Windows-x64 macOS Linux-x86 Linux-x64 How JetBrains Runtime is organised Workspaces github.com/JetBrains/jdk8u github.com/JetBrains/jdk8u_corba github.com/JetBrains/jdk8u_hotspot github.com/JetBrains/jdk8u_jaxp github.com/JetBrains/jdk8u_jaxws github.com/JetBrains/jdk8u_jdk github.com/JetBrains/jdk8u_langtools github.com/JetBrains/jdk8u_nashorn Usually, we do not modify any of the repositories except jdk module. Other repositories are needed for build purposes. Getting sources OSX, Linux: git config --global co"
platform/external/jetbrains/jdk8u_corba,third_party,,,
platform/external/jetbrains/jdk8u_hotspot,third_party,,,
platform/external/jetbrains/jdk8u_jaxp,third_party,,,
platform/external/jetbrains/jdk8u_jaxws,third_party,,,
platform/external/jetbrains/jdk8u_jdk,third_party,,,
platform/external/jetbrains/jdk8u_jfx,third_party,,,Bug: 112037160
platform/external/jetbrains/jdk8u_langtools,third_party,,,
platform/external/jetbrains/jdk8u_nashorn,third_party,,,
platform/external/jetbrains/kotlin,third_party,,,Bug: 35037482
platform/external/jetpack-camera-app,third_party,,androidbp,"Jetpack Camera App 📸 Jetpack Camera App (JCA) is a camera app, focused on features used by app developers, and built entirely with CameraX, Kotlin and Jetpack Compose. It follows Android design and development best practices and it's intended to be a useful reference for developers and OEMs looking to validate their camera feature implementations. Development Environment ⚒️ This project uses the gradle build system, and can be imported directly into Android Studio. Currently, Jetpack Camera App is built using the Android Gradle Plugin 8.4, which is only compatible with Android Studio Jellyfish or newer. Architecture 📐 JCA is built with modern android development (MAD) principles in mind, including architecture and testing best practices . The app is split into multiple modules, with a clear separation between the UI and data layers. Testing 🧪 Thorough testing is a key directive of JCA. We use Compose Test and UI Automator to write instrumentation tests that run on-device. These tests c"
platform/external/jetty,third_party,,,
platform/external/jhead,third_party,,,
platform/external/jimfs,third_party,,androidbp,"Jimfs Jimfs is an in-memory file system for Java 7 and above, implementing the java.nio.file abstract file system APIs. Getting started The latest release is 1.1 . It is available in Maven Central as com.google.jimfs:jimfs:1.1 : <dependency> <groupId> com.google.jimfs </groupId> <artifactId> jimfs </artifactId> <version> 1.1 </version> </dependency> Basic use The simplest way to use Jimfs is to just get a new FileSystem instance from the Jimfs class and start using it: import com . google . common . jimfs . Configuration ; import com . google . common . jimfs . Jimfs ; ... // For a simple file system with Unix-style paths and behavior: FileSystem fs = Jimfs . newFileSystem ( Configuration . unix ()); Path foo = fs . getPath ( ""/foo"" ); Files . createDirectory ( foo ); Path hello = foo . resolve ( ""hello.txt"" ); // /foo/hello.txt Files . write ( hello , ImmutableList . of ( ""hello world"" ), StandardCharsets . UTF_8 ); What's supported? Jimfs supports almost all the APIs under java.nio.f"
platform/external/jipp,third_party,,,Bug: 509273825
platform/external/jline,third_party,,androidbp,
platform/external/jmdns,third_party,,,
platform/external/jmonkeyengine,third_party,,,
platform/external/jmustache,third_party,,,Bug: 509273825
platform/external/jpeg,third_party,,,
platform/external/jsilver,third_party,,androidbp,
platform/external/jsmn,third_party,,androidbp,"JSMN jsmn (pronounced like ‘jasmine’) is a minimalistic JSON parser in C. It can be easily integrated into resource-limited or embedded projects. You can find more information about JSON format at json.org Library sources are available at https://github.com/zserge/jsmn The web page with some information about jsmn can be found at http://zserge.com/jsmn.html Philosophy Most JSON parsers offer you a bunch of functions to load JSON data, parse it and extract any value by its name. jsmn proves that checking the correctness of every JSON packet or allocating temporary objects to store parsed JSON fields often is an overkill. JSON format itself is extremely simple, so why should we complicate it? jsmn is designed to be robust (it should work fine even with erroneous data), fast (it should parse data on the fly), portable (no superfluous dependencies or non-standard C extensions). And of course, simplicity is a key feature - simple code style, simple algorithm, simple integration into other p"
platform/external/json-schema-validator,third_party,,androidbp,"Stack Overflow | Google Group | Gitter Chat | Subreddit | Youtube | Documentation | Contribution Guide | This is a Java implementation of the JSON Schema Core Draft v4, v6, v7, v2019-09 and v2020-12 specification for JSON schema validation. This implementation supports Customizing Meta-Schemas, Vocabularies, Keywords and Formats . In addition, it also works for OpenAPI 3.0 request/response validation with some configuration flags . For users who want to collect information from a JSON node based on the schema, the walkers can help. The JSON parser used is the Jackson parser. As it is a key component in our light-4j microservices framework to validate request/response against OpenAPI specification for light-rest-4j and RPC schema for light-hybrid-4j at runtime, performance is the most important aspect in the design. JSON Schema Specification compatibility Information on the compatibility support for each version, including known issues, can be found in the Compatibility with JSON Schema"
platform/external/jsoncpp,third_party,,androidbp,"JsonCpp JSON is a lightweight data-interchange format. It can represent numbers, strings, ordered sequences of values, and collections of name/value pairs. JsonCpp is a C++ library that allows manipulating JSON values, including serialization and deserialization to and from strings. It can also preserve existing comment in unserialization/serialization steps, making it a convenient format to store user input files. Documentation JsonCpp documentation is generated using Doxygen . A note on backward-compatibility 1.y.z is built with C++11. 0.y.z can be used with older compilers. 00.11.z can be used both in old and new compilers. Major versions maintain binary-compatibility. Special note The branch 00.11.z is a new branch, its major version number 00 is to show that it is different from 0.y.z and 1.y.z , the main purpose of this branch is to make a balance between the other two branches. Thus, users can use some new features in this new branch that introduced in 1.y.z, but can hardly appl"
platform/external/jsoup,third_party,,androidbp,"jsoup: Java HTML Parser jsoup is a Java library that makes it easy to work with real-world HTML and XML. It offers an easy-to-use API for URL fetching, data parsing, extraction, and manipulation using DOM API methods, CSS, and xpath selectors. jsoup implements the WHATWG HTML5 specification, and parses HTML to the same DOM as modern browsers. scrape and parse HTML from a URL, file, or string find and extract data , using DOM traversal or CSS selectors manipulate the HTML elements , attributes, and text clean user-submitted content against a safe-list, to prevent XSS attacks output tidy HTML jsoup is designed to deal with all varieties of HTML found in the wild; from pristine and validating, to invalid tag-soup; jsoup will create a sensible parse tree. See jsoup.org for downloads and the full API documentation . Example Fetch the Wikipedia homepage, parse it to a DOM , and select the headlines from the In the News section into a list of Elements : Document doc = Jsoup . connect ( ""https"
platform/external/jsoup-1p-stubs,third_party,,androidbp,Bug: 357762254
platform/external/jspecify,third_party,,androidbp,"JSpecify An artifact of well-specified annotations to power static analysis checks and JVM language interop. Developed by consensus of the partner organizations listed at our main web site, jspecify.org . Our current focus is on annotations for nullness analysis. Status Version 0.3 is relatively safe to depend on in your code. Or you can read a more detailed answer . Things to read See jspecify.org/docs/start-here ."
platform/external/jsr305,third_party,,androidbp,
platform/external/jsr330,third_party,,androidbp,b/27552463
platform/external/junit,third_party,,androidbp,"JUnit 4 JUnit is a simple framework to write repeatable tests. It is an instance of the xUnit architecture for unit testing frameworks. For more information, please visit: Wiki Download and Install guide Getting Started"
platform/external/junit-params,third_party,,androidbp,"JUnitParams Parameterised tests that don't suck Example @RunWith ( JUnitParamsRunner . class ) public class PersonTest { @Test @Parameters ({ ""17, false"" , ""22, true"" }) public void personIsAdult ( int age , boolean valid ) throws Exception { assertThat ( new Person ( age ). isAdult (), is ( valid )); } } See more examples Latest News 2015-01-23 JUnitParams 1.0.4 released. Check release info. more here About JUnitParams project adds a new runner to JUnit and provides much easier and readable parametrised tests for JUnit >=4.6. Main differences to standard JUnit Parametrised runner: more explicit - params are in test method params, not class fields less code - you don't need a constructor to set up parameters you can mix parametrised with non-parametrised methods in one class params can be passed as a CSV string or from a parameters provider class parameters provider class can have as many parameters providing methods as you want, so that you can group different cases you can have a tes"
platform/external/jxmpp,third_party,,,Bug: 436095022
platform/external/kernel-headers,third_party,,,"Android kernel headers This project contains the original kernel headers that are used to generate Bionic's “cleaned-up” user-land headers. They are mostly covered by the GPLv2 + exception, and thus cannot be distributed as part of the platform itself. The cleaned up headers do not contain copyrightable information and are distributed with bionic. Regenerating the bionic headers Note that if you‘re actually just trying to expose device-specific headers to build your device drivers, you shouldn’t modify these headers or bionic. Instead use TARGET_DEVICE_KERNEL_HEADERS and friends as described in config.mk . Otherwise see the bionic/libc/kernel docs for how to actually take an update. Manually modified headers The modified/scsi directory contains a set of manually updated headers. The scsi kernel headers were never properly made to into uapi versions, so this directory contains the unmodified scsi headers that are imported into bionic. The generation script will indicate if these files h"
platform/external/keyattestation,third_party,,,Bug: 509273825
platform/external/kmod,third_party,,androidbp,"kmod - Linux kernel module handling Information Mailing list: linux-modules@vger.kernel.org (no subscription needed) https://lore.kernel.org/linux-modules/ Signed packages: http://www.kernel.org/pub/linux/utils/kernel/kmod/ Git: git://git.kernel.org/pub/scm/utils/kernel/kmod/kmod.git http://git.kernel.org/pub/scm/utils/kernel/kmod/kmod.git https://git.kernel.org/pub/scm/utils/kernel/kmod/kmod.git Gitweb: http://git.kernel.org/?p=utils/kernel/kmod/kmod.git https://github.com/kmod-project/kmod Irc: #kmod on irc.freenode.org License: LGPLv2.1+ for libkmod, testsuite and helper libraries GPLv2+ for tools/* OVERVIEW kmod is a set of tools to handle common tasks with Linux kernel modules like insert, remove, list, check properties, resolve dependencies and aliases. These tools are designed on top of libkmod, a library that is shipped with kmod. See libkmod/README for more details on this library and how to use it. The aim is to be compatible with tools, configurations and indexes from module"
platform/external/kotlin-compose-compiler,third_party,,androidbp,Bug: 340243044
platform/external/kotlin.metadata,third_party,,androidbp,Bug: 383596474
platform/external/kotlinc,third_party,,androidbp,
platform/external/kotlinpoet,third_party,,androidbp,"KotlinPoet KotlinPoet is a Kotlin and Java API for generating .kt source files. square.github.io/kotlinpoet License Copyright 2017 Square, Inc. Licensed under the Apache License, Version 2.0 (the ""License""); you may not use this file except in compliance with the License. You may obtain a copy of the License at https://www.apache.org/licenses/LICENSE-2.0 Unless required by applicable law or agreed to in writing, software distributed under the License is distributed on an ""AS IS"" BASIS, WITHOUT WARRANTIES OR CONDITIONS OF ANY KIND, either express or implied. See the License for the specific language governing permissions and limitations under the License."
platform/external/kotlinx.atomicfu,third_party,,androidbp,"AtomicFU Note on Beta status: the plugin is in its active development phase and changes from release to release. We do provide a compatibility of atomicfu-transformed artifacts between releases, but we do not provide strict compatibility guarantees on plugin API and its general stability between Kotlin versions. Atomicfu is a multiplatform library that provides the idiomatic and efficient way of using atomic operations in Kotlin. Table of contents Requirements Features Example Quickstart Apply plugin to a project Gradle configuration Maven configuration Usage constraints Transformation modes Atomicfu compiler plugin Options for post-compilation transformation JVM options JS options More features Arrays of atomic values User-defined extensions on atomics Locks Tracing operations Kotlin/Native support Requirements Starting from version 0.23.1 of the library your project is required to use: Gradle 7.0 or newer Kotlin 1.7.0 or newer Features Complete multiplatform support: JVM, Native, JS"
platform/external/kotlinx.coroutines,third_party,,androidbp,"kotlinx.coroutines Library support for Kotlin coroutines with multiplatform support. This is a companion version for the Kotlin 2.0.0 release. suspend fun main () = coroutineScope { launch { delay ( 1000 ) println ( ""Kotlin Coroutines World!"" ) } println ( ""Hello"" ) } Play with coroutines online here Modules core — common coroutines across all platforms: launch and async coroutine builders returning Job and Deferred light-weight futures with cancellation support; Dispatchers object with Main dispatcher for Android/Swing/JavaFx (which require the corresponding artifacts in runtime) and Darwin (included out of the box), and Default dispatcher for background coroutines; delay and yield top-level suspending functions; Flow — cold asynchronous stream with flow builder and comprehensive operator set ( filter , map , etc); Channel , Mutex , and Semaphore communication and synchronization primitives; coroutineScope , supervisorScope , withContext , and withTimeout scope builders; MainScope() f"
platform/external/kotlinx.metadata,third_party,,androidbp,Bug: 159272084
platform/external/kotlinx.serialization,third_party,,androidbp,"Kotlin multiplatform / multi-format reflectionless serialization Kotlin serialization consists of a compiler plugin, that generates visitor code for serializable classes, runtime library with core serialization API and support libraries with various serialization formats. Supports Kotlin classes marked as @Serializable and standard collections. Provides JSON , Protobuf , CBOR , Hocon and Properties formats. Complete multiplatform support: JVM, JS and Native. Table of contents Introduction and references Setup Gradle 1) Setting up the serialization plugin 2) Dependency on the JSON library Android Multiplatform (Common, JS, Native) Maven Bazel Additional links Kotlin Serialization Guide Full API reference Submitting issues and PRs Building this library Introduction and references Here is a small example. import kotlinx . serialization .* import kotlinx . serialization . json .* @Serializable data class Project ( val name : String , val language : String ) fun main () { // Serializing obj"
platform/external/ksoap2,third_party,,androidbp,
platform/external/ksp,third_party,,androidbp,"Kotlin Symbol Processing API Welcome to KSP! Kotlin Symbol Processing (KSP) is an API that you can use to develop lightweight compiler plugins. KSP provides a simplified compiler plugin API that leverages the power of Kotlin while keeping the learning curve at a minimum. Compared to KAPT, annotation processors that use KSP can run up to 2x faster. Most of the documentation of KSP can be found on kotlinlang.org . Here are some handy links: Overview Quickstart Libraries that support KSP Why KSP? Examples How KSP models Kotlin code Reference for Java annotation processor authors Incremental processing notes Multiple round processing notes KSP on multiplatform projects Running KSP from command line FAQ Feedback and Bug Reporting Please let us know what you think about KSP by filing a Github issue or connecting with our team in the #ksp channel in the Kotlin Slack workspace ! If you are interested in sending PRs, please also check out the Contributor guide . Ongoing and Future Works Here ar"
platform/external/ktfmt,third_party,,androidbp,"ktfmt ktfmt is a program that pretty-prints (formats) Kotlin code, based on google-java-format . The minimum supported runtime version is JDK 11, released September 2018. Demo Before Formatting Formatted by ktfmt For comparison, the same code formatted by ktlint and IntelliJ: Formatted by ktlint Formatted by IntelliJ Playground We have a live playground where you can easily see how ktfmt would format your code. Give it a try! https://facebook.github.io/ktfmt/ Using the formatter IntelliJ, Android Studio, and other JetBrains IDEs A ktfmt IntelliJ plugin is available from the plugin repository. To install it, go to your IDE's settings and select the Plugins category. Click the Marketplace tab, search for the ktfmt plugin, and click the Install button. The plugin will be disabled by default. To enable it in the current project, go to File → Settings... → ktfmt Settings (or IntelliJ IDEA → Preferences... → Editor → ktfmt Settings on macOS) and check the Enable ktfmt checkbox. A notificatio"
platform/external/ktlint,third_party,,,"Features: No configuration. Which means no decisions to make, nothing to argue about and no special files to manage. While this might sound extreme, keep in mind that ktlint tries to capture (reflect) official code style from kotlinlang.org and Android Kotlin Style Guide (+ we respect you .editorconfig and support additional ruleset |s). Built-in formatter. So that you wouldn't have to fix all style violations by hand. Customizable output. plain (+ plain?group_by_file ), json and checkstyle reporters are available out-of-the-box. It's also easy to create your own . A single executable jar with all dependencies included. Standard rules 4 spaces for indentation (unless a different indent_size value is set in .editorconfig (see EditorConfig section for more)); No semicolons (unless used to separate multiple statements on the same line); No wildcard / unused import s; No consecutive blank lines; No blank lines before } ; No trailing whitespaces; No Unit returns ( fun fn {} instead of fun f"
platform/external/kythe,third_party,,androidbp,Bug: 135923310
platform/external/lame,third_party,,,
platform/external/lcc,third_party,,,
platform/external/leakcanary2,third_party,,androidbp,"LeakCanary 🐤 A memory leak detection library for Android. square.github.io/leakcanary 🙏 If you like LeakCanary you can show support by starring ⭐ this repository. License Copyright 2015 Square, Inc. Licensed under the Apache License, Version 2.0 (the ""License""); you may not use this file except in compliance with the License. You may obtain a copy of the License at http://www.apache.org/licenses/LICENSE-2.0 Unless required by applicable law or agreed to in writing, software distributed under the License is distributed on an ""AS IS"" BASIS, WITHOUT WARRANTIES OR CONDITIONS OF ANY KIND, either express or implied. See the License for the specific language governing permissions and limitations under the License."
platform/external/leveldb,third_party,,androidbp,"LevelDB is a fast key-value storage library written at Google that provides an ordered mapping from string keys to string values. Authors: Sanjay Ghemawat ( sanjay@google.com ) and Jeff Dean ( jeff@google.com ) Features Keys and values are arbitrary byte arrays. Data is stored sorted by key. Callers can provide a custom comparison function to override the sort order. The basic operations are Put(key,value) , Get(key) , Delete(key) . Multiple changes can be made in one atomic batch. Users can create a transient snapshot to get a consistent view of data. Forward and backward iteration is supported over the data. Data is automatically compressed using the Snappy compression library . External activity (file system operations etc.) is relayed through a virtual interface so users can customize the operating system interactions. Documentation LevelDB library documentation is online and bundled with the source code. Limitations This is not a SQL database. It does not have a relational data mo"
platform/external/lfi/disarm,third_party,,,Bug: 509273825
platform/external/lfi/fadec,third_party,,,Bug: 509273825
platform/external/lfi/lfi-bind,third_party,,,Bug: 509273825
platform/external/lfi/lfi-runtime,third_party,,,Bug: 509273825
platform/external/lfi/lfi-verifier,third_party,,,Bug: 509273825
platform/external/lfi/rlbox,third_party,,,Bug: 509273825
platform/external/lfi/rlbox-lfi,third_party,,,Bug: 509273825
platform/external/libabigail,third_party,,,"This libabigail repository is unmaintained Android no longer uses libabigail and has instead moved to STG. As a result, this repository is unmaintained and has only historical value. If you are looking for an ABI monitoring solution, we can recommend STG. STG : The Symbol-Type Graph project This was created by and is maintained by Android developers. It contains fast, reliable tools for ABI extraction and comparison. Its native file format is version control friendly. If you are looking for libabigail, please refer to the upstream project. libabigail : The ABI Generic Analysis and Instrumentation Library This was last merged here at commit e8a012b6e19b on 2022-06-22."
platform/external/libaom,third_party,,androidbp,"README.md AV1 Codec Library Contents Building the lib and applications Prerequisites Get the code Basics Configuration options Dylib builds Debugging Cross compiling Sanitizer support MSVC builds Xcode builds Emscripten builds Extra Build Flags Build with VMAF support Testing the library Basics Unit tests Example tests Encoder tests IDE hosted tests Downloading test data Adding a new test data file Additional test data Sharded testing Running tests directly Running tests via CMake Coding style License header Submitting patches Login cookie Contributor agreement Testing your code Commit message hook Upload your change Incorporating Reviewer Comments Submitting your change Viewing change status Support Bug reports Building the library and applications Prerequisites CMake . See CMakeLists.txt for the minimum version required. Git . A modern C compiler. gcc 6+, clang 7+, Microsoft Visual Studio 2019+ or the latest version of MinGW-w64 (clang64 or ucrt toolchains) are recommended. A C++ com"
platform/external/libavc,third_party,,androidbp,"LIBAVC Getting Started Document LibAVC build steps Supports: aarch32/aarch64 on Linux. aarch32/aarch64 on Android. x86_32/x86_64 on Linux. Native Builds Use the following commands for building on the target machine $ cd external/libavc $ mkdir build $ cd build $ cmake .. $ make Cross-compiler based builds Building for x86_32 on a x86_64 Linux machine $ cd external/libavc $ mkdir build $ cd build $ CFLAGS=""-m32"" CXXFLAGS=""-m32"" LDFLAGS=""-m32"" cmake .. $ make Building for aarch32/aarch64 Update ‘CMAKE_C_COMPILER’, ‘CMAKE_CXX_COMPILER’, ‘CMAKE_C_COMPILER_AR’, and ‘CMAKE_CXX_COMPILER_AR’ in CMAKE_TOOLCHAIN_FILE passed below $ cd external/libavc $ mkdir build $ cd build For aarch64 $ cmake .. -DCMAKE_TOOLCHAIN_FILE=../cmake/toolchains/aarch64_toolchain.cmake $ make For aarch32 $ cmake .. -DCMAKE_TOOLCHAIN_FILE=../cmake/toolchains/aarch32_toolchain.cmake $ make Building for android NOTE: This assumes that you are building on a machine that has Android NDK . $ cd external/libavc $ mkdir build"
platform/external/libbackup,third_party,,androidbp,
platform/external/libbpf,third_party,,androidbp,"libbpf This is the official home of the libbpf library. Please use this Github repository for building and packaging libbpf and when using it in your projects through Git submodule. Libbpf authoritative source code is developed as part of bpf-next Linux source tree under tools/lib/bpf subdirectory and is periodically synced to Github. As such, all the libbpf changes should be sent to BPF mailing list , please don't open PRs here unless you are changing Github-specific parts of libbpf (e.g., Github-specific Makefile). Libbpf and general BPF usage questions Libbpf documentation can be found here . It's an ongoing effort and has ways to go, but please take a look and consider contributing as well. Please check out libbpf-bootstrap and the companion blog post for the examples of building BPF applications with libbpf. libbpf-tools are also a good source of the real-world libbpf-based tracing tools. See also “BPF CO-RE reference guide” for the coverage of practical aspects of building BPF CO"
platform/external/libbrillo,third_party,,androidbp,"libbrillo: platform utility library libbrillo is a shared library meant to hold common utility code that we deem useful for platform projects. It supplements the functionality provided by libbase/libchrome since that project, by design, only holds functionality that Chromium (the browser) needs. As a result, this tends to be more OS-centric code. AOSP Usage This project is also used by Update Engine which is maintained in AOSP. However, AOSP doesn't use this codebase directly, it maintains its own libbrillo fork . To help keep the projects in sync, we have a gsubtree set up on our GoB: https://chromium.googlesource.com/chromiumos/platform2/libbrillo/ This allows AOSP to cherry pick or merge changes directly back into their fork."
platform/external/libburnia/libburn,third_party,,,Bug: 509273825
platform/external/libburnia/libisoburn,third_party,,,Bug: 509273825
platform/external/libburnia/libisofs,third_party,,,Bug: 509273825
platform/external/libc-test,third_party,,,Owner : enh Bug : 30878287
platform/external/libcamera,third_party,,,Bug: 436095022
platform/external/libcap,third_party,,androidbp,
platform/external/libcap-ng,third_party,,androidbp,"libcap-ng The libcap-ng library should make programming with POSIX capabilities easier. The library has some utilities to help you analyse a system for apps that may have too much privileges. The included utilities are designed to let admins and developers spot apps from various ways that may be running with too much privilege. For example, any investigation should start with network facing apps since they would be prime targets for intrusion. The netcap program will check all running apps that have listening socket and display the results. Sample output from netcap: ppid pid acct command type port capabilities 1 2295 root nasd tcp 8000 full 2323 2383 root dnsmasq tcp 53 net_admin, net_raw + 1 2286 root sshd tcp 22 full 1 2365 root cupsd tcp 631 full 1 2286 root sshd tcp6 22 full 1 2365 root cupsd tcp6 631 full 2323 2383 root dnsmasq udp 53 net_admin, net_raw + 2323 2383 root dnsmasq udp 67 net_admin, net_raw + 1 2365 root cupsd udp 631 full After checking the networking apps, you shou"
platform/external/libchrome,third_party,,androidbp,
platform/external/libchrome-gestures,third_party,,androidbp,Bug: 254465942
platform/external/libchromeos,third_party,,,"Bug: 25417586

(DEAD) Code migrated to platform/external/libbrillo"
platform/external/libchromeos-rs,third_party,google_origin,"androidbp,cargo",libchromeos-rs - The Rust crate for common Chrome OS code libchromeos-rs contains Rust code that can be reused across any Chrome OS project. It's the Rust equivalent of libbrillo . Current modules include: syslog - an adaptor for using the generic log crate with syslog vsock - wrappers for dealing with AF_VSOCK sockets
platform/external/libconfig,third_party,,androidbp,libconfig C/C++ library for processing structured configuration files. Visit the libconfig project page for distribution tarballs and other info.
platform/external/libconstrainedcrypto,third_party,,androidbp,b/27293141
platform/external/libcppbor,third_party,,androidbp,"LibCppBor: A Modern C++ CBOR Parser and Generator LibCppBor provides a natural and easy-to-use syntax for constructing and parsing CBOR messages. It does not (yet) support all features of CBOR, nor (yet) support validation against CDDL schemata, though both are planned. CBOR features that aren't supported include: Indefinite length values Semantic tagging Floating point LibCppBor requires C++-17. CBOR representation LibCppBor represents CBOR data items as instances of the Item class or, more precisely, as instances of subclasses of Item , since Item is a pure interface. The subclasses of Item correspond almost one-to-one with CBOR major types, and are named to match the CDDL names to which they correspond. They are: Uint corresponds to major type 0, and can hold unsigned integers up through (2^64 - 1). Nint corresponds to major type 1. It can only hold values from -1 to -(2^63 - 1), since it‘s internal representation is an int64_t. This can be fixed, but it seems unlikely that applicat"
platform/external/libcups,third_party,,androidbp,"README - Apple CUPS v2.3.6 - 2022-05-25 Note: Apple CUPS is the version of CUPS that is shipped with macOS and iOS. For the current version of CUPS that is used on other operating systems, see https://openprinting.github.io/cups for details. INTRODUCTION CUPS is a standards-based, open source printing system developed by Apple Inc. for macOS® and other UNIX®-like operating systems. CUPS uses the Internet Printing Protocol (“IPP”) and provides System V and Berkeley command-line interfaces, a web interface, and a C API to manage printers and print jobs. It supports printing to both local (parallel, serial, USB) and networked printers, and printers can be shared from one computer to another, even over the Internet! Internally, CUPS uses PostScript Printer Description (“PPD”) files to describe printer capabilities and features and a wide variety of generic and device- specific programs to convert and print many types of files. Sample drivers are included with CUPS to support many Dymo, EPS"
platform/external/libcupsfilters,third_party,,,Bug: 436095022
platform/external/libcxx,third_party,,androidbp,
platform/external/libcxx_35a,third_party,,,
platform/external/libcxxabi,third_party,,androidbp,
platform/external/libcxxabi_35a,third_party,,,
platform/external/libcxxrt,third_party,,,
platform/external/libdaemon,third_party,,,
platform/external/libdav1d,third_party,,androidbp,"dav1d dav1d is an AV1 cross-platform d ecoder, open-source, and focused on speed and correctness. It is now battle-tested and production-ready and can be used everywhere. The canonical repository URL for this repo is https://code.videolan.org/videolan/dav1d This project was partially funded by the Alliance for Open Media / AOM . Goal and Features The goal of this project is to provide a decoder for most platforms , and achieve the highest speed possible to overcome the temporary lack of AV1 hardware decoder. It supports all features from AV1, including all subsampling and bit-depth parameters. In the future, this project will host simple tools or simple wrappings (like, for example, an MFT transform) . License dav1d is released under a very liberal license, a contrario from the other VideoLAN projects, so that it can be embedded anywhere, including non-open-source software; or even drivers, to allow the creation of hybrid decoders. The reasoning behind this decision is the same as for"
platform/external/libdisplay-info,third_party,,androidbp,"libdisplay-info EDID and DisplayID library. Goals: Provide a set of high-level, easy-to-use, opinionated functions as well as low-level functions to access detailed information. Simplicity and correctness over performance and resource usage. Well-tested and fuzzed. Documentation is available on the website . Using The public API headers are categorised as either high-level or low-level API as per the comments in the header files. Users of libdisplay-info should prefer high-level API over low-level API when possible. If high-level API lacks needed features, please propose additions to the high-level API upstream before using low-level API to get what you need. If the additions are rejected, you are welcome to use the low-level API. This policy is aimed to propagate best practises when interpreting EDID and DisplayID information which can often be cryptic or even inconsistent. libdisplay-info uses semantic versioning . The public API is not yet stable. Contributing Open issues and merge"
platform/external/libdivsufsort,third_party,,androidbp,"libdivsufsort libdivsufsort is a software library that implements a lightweight suffix array construction algorithm. News 2015-03-21: The project has moved from Google Code to GitHub Introduction This library provides a simple and an efficient C API to construct a suffix array and a Burrows-Wheeler transformed string from a given string over a constant-size alphabet. The algorithm runs in O(n log n) worst-case time using only 5n+O(1) bytes of memory space, where n is the length of the string. Build requirements An ANSI C Compiler (e.g. GNU GCC) CMake version 2.4.2 or newer CMake-supported build tool Building on GNU/Linux Get the source code from GitHub. You can either use git to clone the repository git clone https://github.com/y-256/libdivsufsort.git or download a zip file directly Create a build directory in the package source directory. $ cd libdivsufsort $ mkdir build $ cd build Configure the package for your system. If you want to install to a different location, change the -DCMAK"
platform/external/libdrm,third_party,,"androidbp,rust_dir",
platform/external/libedit,third_party,,,
platform/external/libepoxy,third_party,,androidbp,"Epoxy is a library for handling OpenGL function pointer management for you. It hides the complexity of dlopen() , dlsym() , glXGetProcAddress() , eglGetProcAddress() , etc. from the app developer, with very little knowledge needed on their part. They get to read GL specs and write code using undecorated function names like glCompileShader() . Don‘t forget to check for your extensions or versions being present before you use them, just like before! We’ll tell you what you forgot to check for instead of just segfaulting, though. Features Automatically initializes as new GL functions are used. GL 4.6 core and compatibility context support. GLES 1/2/3 context support. Knows about function aliases so (e.g.) glBufferData() can be used with GL_ARB_vertex_buffer_object implementations, along with GL 1.5+ implementations. EGL, GLX, and WGL support. Can be mixed with non-epoxy GL usage. Building mkdir _build && cd _build meson ninja sudo ninja install Dependencies for Debian: meson libegl1-mesa-"
platform/external/libese,third_party,,androidbp,"libese Document last updated: 13 Jan 2017 Introduction libese provides a minimal transport wrapper for communicating with embedded secure elements. Embedded secure elements typically adhere to smart card standards whose translation is not always smooth when migrated to an always connected bus, like SPI. The interfaces exposed by libese should enable higher level “terminal” implementations to be written on top and/or a service which provides a similar interface. Behind the interface, libese should help smooth over the differences between eSEs and smart cards use in the hardware adapter implementations. Additionally, a T=1 implementation is supplied, as it appears to be the most common wire transport for these chips. Usage Public client interface for Embedded Secure Elements. Prior to use in a file, import all necessary variables with: ESE_INCLUDE_HW(SOME_HAL_IMPL); Instantiate in a function with: ESE_DECLARE(my_ese, SOME_HAL_IMPL); or struct EseInterface my_ese = ESE_INITIALIZER(SOME_HA"
platform/external/libevent,third_party,,androidbp,"0. BUILDING AND INSTALLATION (Briefly) Autoconf $ ./configure $ make $ make verify # (optional) $ sudo make install CMake (General) The following Libevent specific CMake variables are as follows (the values being the default). # Type of the library to build (SHARED or STATIC) # Default is: SHARED for MSVC, otherwise BOTH EVENT__LIBRARY_TYPE:STRING=DEFAULT # Installation directory for CMake files EVENT_INSTALL_CMAKE_DIR:PATH=lib/cmake/libevent # Enable running gcov to get a test coverage report (only works with # GCC/CLang). Make sure to enable -DCMAKE_BUILD_TYPE=Debug as well. EVENT__COVERAGE:BOOL=OFF # Defines if Libevent should build without the benchmark executables EVENT__DISABLE_BENCHMARK:BOOL=OFF # Define if Libevent should build without support for a debug mode EVENT__DISABLE_DEBUG_MODE:BOOL=OFF # Define if Libevent should not allow replacing the mm functions EVENT__DISABLE_MM_REPLACEMENT:BOOL=OFF # Define if Libevent should build without support for OpenSSL encryption EVENT__DI"
platform/external/libexif,third_party,,androidbp,
platform/external/libffi,third_party,,androidbp,"Status libffi-3.3 was released on November 23, 2019. Check the libffi web page for updates: URL:http://sourceware.org/libffi/ . What is libffi? Compilers for high level languages generate code that follow certain conventions. These conventions are necessary, in part, for separate compilation to work. One such convention is the “calling convention”. The “calling convention” is essentially a set of assumptions made by the compiler about where function arguments will be found on entry to a function. A “calling convention” also specifies where the return value for a function is found. Some programs may not know at the time of compilation what arguments are to be passed to a function. For instance, an interpreter may be told at run-time about the number and types of arguments used to call a given function. Libffi can be used in such programs to provide a bridge from the interpreter program to compiled code. The libffi library provides a portable, high level programming interface to various"
platform/external/libfuse,third_party,,androidbp,"libfuse About FUSE (Filesystem in Userspace) is an interface for userspace programs to export a filesystem to the Linux kernel. The FUSE project consists of two components: the fuse kernel module (maintained in the regular kernel repositories) and the libfuse userspace library (maintained in this repository). libfuse provides the reference implementation for communicating with the FUSE kernel module. A FUSE file system is typically implemented as a standalone application that links with libfuse. libfuse provides functions to mount the file system, unmount it, read requests from the kernel, and send responses back. libfuse offers two APIs: a “high-level”, synchronous API, and a “low-level” asynchronous API. In both cases, incoming requests from the kernel are passed to the main program using callbacks. When using the high-level API, the callbacks may work with file names and paths instead of inodes, and processing of a request finishes when the callback function returns. When using the"
platform/external/libgav1,third_party,,androidbp,"libgav1 -- an AV1 decoder libgav1 is a Main profile (0), High profile (1) & Professional profile (2) compliant AV1 decoder. More information on the AV1 video format can be found at aomedia.org . Contents Building Prerequisites Compile Testing Development Contributing Style Comments DSP structure Bugs Discussion"
platform/external/libgdx,third_party,,,"libGDX is a cross-platform Java game development framework based on OpenGL (ES) that works on Windows, Linux, Mac OS X, Android, your WebGL enabled browser and iOS. Getting Started Setup your development environment (Eclipse, Intellij IDEA, NetBeans) Create a libGDX project Import, Run, Debug and Package your project Eclipse Intellij IDEA NetBeans Commandline Read the Wiki Downloads As we switched to Gradle, there's no need to download libGDX itself anymore. For those of you who still prefer the old way of doing things, you can get libGDX from the official download site . Documentation The Wiki contains all the information you'll need to write a libGDX game. You can contribute to the Wiki directly here on GitHub! We also provide Javadocs online. The Javadocs are also bundled as source Jars with every libGDX distribution for consumption in your favorite IDE. News & Community You can follow the latest news about libGDX on the blog . Follow @badlogicgames for real-time updates. You can ge"
platform/external/libgsm,third_party,,androidbp,
platform/external/libhevc,third_party,,androidbp,"LIBHEVC Getting Started Document LibHEVC build steps Supports: aarch32/aarch64 on Linux. aarch32/aarch64 on Android. x86_32/x86_64 on Linux. Native Builds Use the following commands for building on the target machine $ cd external/libhevc $ mkdir build $ cd build $ cmake .. $ make Cross-compiler based builds Building for x86_32 on a x86_64 Linux machine $ cd external/libhevc $ mkdir build $ cd build $ CFLAGS=""-m32"" CXXFLAGS=""-m32"" LDFLAGS=""-m32"" cmake .. $ make Building for aarch32/aarch64 Update ‘CMAKE_C_COMPILER’, ‘CMAKE_CXX_COMPILER’, ‘CMAKE_C_COMPILER_AR’, and ‘CMAKE_CXX_COMPILER_AR’ in CMAKE_TOOLCHAIN_FILE passed below $ cd external/libhevc $ mkdir build $ cd build For aarch64 $ cmake .. -DCMAKE_TOOLCHAIN_FILE=../cmake/toolchains/aarch64_toolchain.cmake $ make For aarch32 $ cmake .. -DCMAKE_TOOLCHAIN_FILE=../cmake/toolchains/aarch32_toolchain.cmake $ make"
platform/external/libiio,third_party,,,Bug: 162952352
platform/external/libiota,third_party,,,
platform/external/libjpeg-turbo,third_party,,androidbp,"Background libjpeg-turbo is a JPEG image codec that uses SIMD instructions to accelerate baseline JPEG compression and decompression on x86, x86-64, Arm, PowerPC, and MIPS systems, as well as progressive JPEG compression on x86, x86-64, and Arm systems. On such systems, libjpeg-turbo is generally 2-6x as fast as libjpeg, all else being equal. On other types of systems, libjpeg-turbo can still outperform libjpeg by a significant amount, by virtue of its highly-optimized Huffman coding routines. In many cases, the performance of libjpeg-turbo rivals that of proprietary high-speed JPEG codecs. libjpeg-turbo implements both the traditional libjpeg API as well as the less powerful but more straightforward TurboJPEG API. libjpeg-turbo also features colorspace extensions that allow it to compress from/decompress to 32-bit and big-endian pixel buffers (RGBX, XBGR, etc.), as well as a full-featured Java interface. libjpeg-turbo was originally based on libjpeg/SIMD, an MMX-accelerated derivative"
platform/external/libjxl,third_party,,,Bug: 457231668
platform/external/libkmsxx,third_party,,androidbp,"kms++ - C++ library for kernel mode setting kms++ is a C++17 library for kernel mode setting. Also included are some simple utilities for KMS and python bindings for kms++. Utilities kmstest - set modes and planes and show test pattern on crtcs/planes, and test page flips kmsprint - print information about DRM objects kmsview - view raw images kmscube - rotating 3D cube on crtcs/planes kmscapture - show captured frames from a camera on screen Dependencies: libdrm Python 3.x (for python bindings) Build instructions: meson setup build ninja -C build Cross compiling instructions: meson build --cross-file=<path-to-meson-cross-file> ninja -C build Here is my cross file for arm32 (where ${BROOT} is path to my buildroot output dir): [binaries] c = ['ccache', '${BROOT}/host/bin/arm-buildroot-linux-gnueabihf-gcc'] cpp = ['ccache', '${BROOT}/host/bin/arm-buildroot-linux-gnueabihf-g++'] ar = '${BROOT}/host/bin/arm-buildroot-linux-gnueabihf-ar' strip = '${BROOT}/host/bin/arm-buildroot-linux-gnueab"
platform/external/liblc3,third_party,,androidbp,"Low Complexity Communication Codec (LC3) LC3 and LC3 Plus are audio codecs designed for low-latency audio transport. LC3 is specified by the Bluetooth Special Interset Group for the LE Audio protocol LC3 Plus is defined by ETSI TS 103 634 In addition to LC3, following features of LC3 Plus are proposed: Frame duration of 2.5 and 5ms. High-Resolution mode, 48 KHz, and 96 kHz sampling rates. Overview The directory layout is as follows : include: Library interface src: Source files tools: Standalone encoder/decoder tools python: Python wrapper test: Unit testing framework fuzz: Roundtrip fuzz testing harness build: Building outputs bin: Compilation output How to build The default toolchain used is GCC. Invoke make to build the library. $ make - j Compiled library liblc3.so will be found in bin directory. LC3 Plus features can be selectively disabled : LC3_PLUS=0 disable the support of 2.5ms and 5ms frame durations. LC3_PLUS_HR=0 turns off the support of the High-Resolution mode. Only Bluet"
platform/external/libldac,third_party,,androidbp,
platform/external/liblzf,third_party,,,
platform/external/libmicrohttpd,third_party,,androidbp,
platform/external/libmnl,third_party,,,Bug: 509273825
platform/external/libmojo,third_party,,,This repository was migrated into libchrome.
platform/external/libmonet,third_party,,androidbp,Bug: 210903235
platform/external/libmpeg2,third_party,,androidbp,
platform/external/libmtp,third_party,,,
platform/external/libnetfilter_conntrack,third_party,,androidbp,
platform/external/libnfc-nci,third_party,,,
platform/external/libnfc-nxp,third_party,,,
platform/external/libnfnetlink,third_party,,androidbp,
platform/external/libnl,third_party,,androidbp,
platform/external/libnl-headers,third_party,,,
platform/external/libogg,third_party,,androidbp,"Ogg Ogg project codecs use the Ogg bitstream format to arrange the raw, compressed bitstream into a more robust, useful form. For example, the Ogg bitstream makes seeking, time stamping and error recovery possible, as well as mixing several sepearate, concurrent media streams into a single physical bitstream. What's here This source distribution includes libogg and nothing else. Other modules (eg, the modules libvorbis, vorbis-tools for the Vorbis music codec, libtheora for the Theora video codec) contain the codec libraries for use with Ogg bitstreams. Directory: src The source for libogg, a BSD-license inplementation of the public domain Ogg bitstream format include Library API headers doc Ogg specification and libogg API documents win32 Win32 projects and build automation Contact The Ogg homepage is located at https://www.xiph.org/ogg/ . Up to date technical documents, contact information, source code and pre-built utilities may be found there. Building Building from tarball distrib"
platform/external/libopenapv,third_party,,androidbp,"OpenAPV (Open Advanced Professional Video Codec) OpenAPV provides the reference implementation of the APV codec which can be used to record professional-grade video and associated metadata without quality degradation. OpenAPV is free and open source software provided by LICENSE . The OpenAPV supports the following features: fully compliant with 422-10 and 400-10 profile of APV codec Low complexity by optimization for ARM NEON and x86(64bit) SEE/AVX CPU Supports tile-based multi-threading Supports Various metadata including HDR10/10+ and user-defined format Constant QP (CQP), average bitrate (ABR), and constant rate factor (CRF) are supported APV codec The APV codec is a professional video codec, which was developed in response to the need for professional level high quality video recording and post production. The primary purpose of the APV codec is for use in professional video recording and editing workflows for various types of content. APV codec utilizes technologies known to be ov"
platform/external/libopus,third_party,,androidbp,
platform/external/liboqs,third_party,,androidbp,"CircleCI : , TravisCI : liboqs liboqs is an open source C library for quantum-safe cryptographic algorithms. liboqs Overview Status Supported Algorithms Key encapsulation mechanisms Signature schemes Limitations and Security Platform limitations Quickstart Linux/macOS Windows Cross compilation Documentation Contributing License Acknowledgements Overview liboqs provides: a collection of open source implementations of quantum-safe key encapsulation mechanism (KEM) and digital signature algorithms; the full list can be found below a common API for these algorithms a test harness and benchmarking routines liboqs is part of the Open Quantum Safe (OQS) project, which aims to develop and integrate into applications quantum-safe cryptography to facilitate deployment and testing in real world contexts. In particular, OQS provides prototype integrations of liboqs into protocols like TLS, X.509, and S/MIME, through our OpenSSL 3 Provider and we provide a variety of other post-quantum-enabled demo"
platform/external/libpalmrejection,third_party,,androidbp,Bug: 216210262
platform/external/libpcap,third_party,,androidbp,"LIBPCAP 1.x.y by The Tcpdump Group To report a security issue please send an e-mail to security@tcpdump.org . To report bugs and other problems, contribute patches, request a feature, provide generic feedback etc please see the guidelines for contributing . The documentation directory has README files about specific operating systems and options. Anonymous Git is available via: https://github.com/the-tcpdump-group/libpcap.git This directory contains source code for libpcap, a system-independent interface for user-level packet capture. libpcap provides a portable framework for low-level network monitoring. Applications include network statistics collection, security monitoring, network debugging, etc. Since almost every system vendor provides a different interface for packet capture, and since we‘ve developed several tools that require this functionality, we’ve created this system-independent API to ease in porting and to alleviate the need for several system-dependent packet capture mo"
platform/external/libpciaccess,third_party,,androidbp,"xorg/lib/libpciaccess - Generic PCI access library Documentation of the libpciaccess API's can be generated from the sources via the doxygen command. Information about porting Xorg drivers to libpciaccess is located at: https://www.x.org/wiki/PciReworkHowto For historical reference, the original proposal for this work is at: https://www.x.org/wiki/PciReworkProposal All questions regarding this software should be directed at the Xorg mailing list: https://lists.x.org/mailman/listinfo/xorg The primary development code repository can be found at: https://gitlab.freedesktop.org/xorg/lib/libpciaccess Please submit bug reports and requests to merge patches there. For patch submission instructions, see: https://www.x.org/wiki/Development/Documentation/SubmittingPatches"
platform/external/libphonenumber,third_party,,androidbp,
platform/external/libpng,third_party,,androidbp,
platform/external/libppd,third_party,,,Bug: 436095022
platform/external/libppp,third_party,,,
platform/external/libprotobuf-mutator,third_party,,androidbp,"libprotobuf-mutator Overview libprotobuf-mutator is a library to randomly mutate protobuffers . It could be used together with guided fuzzing engines, such as libFuzzer . Quick start on Debian/Ubuntu Install prerequisites: sudo apt-get update sudo apt-get install protobuf-compiler libprotobuf-dev binutils cmake \ ninja-build liblzma-dev libz-dev pkg-config autoconf libtool Compile and test everything: mkdir build cd build cmake .. -GNinja -DCMAKE_C_COMPILER=clang -DCMAKE_CXX_COMPILER=clang++ -DCMAKE_BUILD_TYPE=Debug ninja check Clang is only needed for libFuzzer integration. By default, the system-installed version of protobuf is used. However, on some systems, the system version is too old. You can pass LIB_PROTO_MUTATOR_DOWNLOAD_PROTOBUF=ON to cmake to automatically download and build a working version of protobuf. Installation: ninja sudo ninja install This installs the headers, pkg-config, and static library. By default the headers are put in /usr/local/include/libprotobuf-mutator"
platform/external/libseccomp-helper,third_party,,,
platform/external/libselinux,third_party,,,
platform/external/libsepol,third_party,,,
platform/external/libsrtp2,third_party,,androidbp,"Introduction to libSRTP This package provides an implementation of the Secure Real-time Transport Protocol (SRTP), the Universal Security Transform (UST), and a supporting cryptographic kernel. The SRTP API is documented in include/srtp.h, and the library is in libsrtp2.a (after compilation). This document describes libSRTP, the Open Source Secure RTP library from Cisco Systems, Inc. RTP is the Real-time Transport Protocol, an IETF standard for the transport of real-time data such as telephony, audio, and video, defined by RFC 3550 . Secure RTP (SRTP) is an RTP profile for providing confidentiality to RTP data and authentication to the RTP header and payload. SRTP is an IETF Standard, defined in RFC 3711 , and was developed in the IETF Audio/Video Transport (AVT) Working Group. This library supports all of the mandatory features of SRTP, but not all of the optional features. See the Supported Features section for more detailed information. This document is also used to generate the doc"
platform/external/libssh2,third_party,,,
platform/external/libtextclassifier,third_party,,androidbp,
platform/external/libtraceevent,third_party,,androidbp,Bug: 227522263
platform/external/libtracefs,third_party,,androidbp,Bug: 227522878
platform/external/libudev-zero,third_party,,,Bug: 436095022
platform/external/libultrahdr,third_party,,androidbp,"Introduction libultrahdr is an image compression library that uses gain map technology to store and distribute HDR images. Conceptually on the encoding side, the library accepts SDR and HDR rendition of an image and from these a Gain Map (quotient between the two renditions) is computed. The library then uses backward compatible means to store the base image (SDR), gain map image and some associated metadata. Legacy readers that do not support handling the gain map image and/or metadata, will display the base image. Readers that support the format combine the base image with the gain map and render a high dynamic range image on compatible displays. For additional information, see android hdr-image-format guide . Build from source using CMake This software suite has been built and tested on platforms: Android Linux macOS Windows Refer to building.md for complete instructions. Using libultrahdr A detailed description of libultrahdr encode and decode api is included in ultrahdr_api.h and"
platform/external/libunwind,third_party,,,
platform/external/libunwind_llvm,third_party,,androidbp,
platform/external/liburing,third_party,,androidbp,Bug: 193475142
platform/external/libusb,third_party,,androidbp,
platform/external/libusb-compat,third_party,,,
platform/external/libusb_aah,third_party,,,
platform/external/libutf,third_party,,androidbp,
platform/external/libuv,third_party,,,
platform/external/libva,third_party,,androidbp,"Libva Project Libva is an implementation for VA-API (Video Acceleration API) VA-API is an open-source library and API specification, which provides access to graphics hardware acceleration capabilities for video processing. It consists of a main library and driver-specific acceleration backends for each supported hardware vendor. If you would like to contribute to libva, check our Contributing guide . We also recommend taking a look at the ‘janitorial’ bugs in our list of open issues as these bugs can be solved without an extensive knowledge of libva. We would love to help you start contributing! Doxygen files are regularly updated through Github Pages and can be accessed directly through github pages libva The libva development team can be reached via github issues. Build and Install Libva This build documentation was tested under clear Ubuntu Server 18.04 (with gcc-7.3.0, gcc-8.1.0 and clang-6.0 compilers) but it should work on another OS distributions with various versions of gcc an"
platform/external/libva-utils,third_party,,androidbp,"Libva-utils Project libva-utils is a collection of utilities and examples to exercise VA-API in accordance with the libva project. --enable-tests (default = no) provides a suite of unit-tests based on Google Test Framework. A driver implementation is necessary to properly operate. VA-API is an open-source library and API specification, which provides access to graphics hardware acceleration capabilities for video processing. It consists of a main library and driver-specific acceleration backends for each supported hardware vendor. If you would like to contribute to libva, check our Contributing guide . We also recommend taking a look at the ‘janitorial’ bugs in our list of open issues as these bugs can be solved without an extensive knowledge of libva-utils. We would love to help you start contributing! The libva-utils development team can be reached via github issues. Build and Install Libva-utils Install Libva You could refer to https://github.com/intel/libva to install Libva Build L"
platform/external/libvncserver,third_party,,,
platform/external/libvorbis,third_party,,,
platform/external/libvpx,third_party,,androidbp,
platform/external/libvterm,third_party,,,
platform/external/libweave,third_party,,,"Overview libWeave is the library with device side implementation of Weave protocol. Sources Sources are located in git repository at https://weave.googlesource.com/weave/libweave/ Install Repo Make sure you have a bin/ directory in your home directory and that it is included in your path: mkdir ~/bin PATH=~/bin:$PATH Download the Repo tool and ensure that it is executable: curl https://storage.googleapis.com/git-repo-downloads/repo > ~/bin/repo chmod a+x ~/bin/repo Checkout code mkdir ~/weave cd ~/weave repo init -u https://weave.googlesource.com/weave/manifest repo sync This checks out libweave and its dependencies into the ~/weave directory. libweave Directory structure Path Description include/ Includes to be used by device code src/ Implementation sources examples/ Example of device code third_party/ Dependencies Makefile, *.mk files Build files Quick start on Debian/Ubuntu Install prerequisites sudo apt-get update sudo apt-get install \ autoconf \ automake \ binutils \ cmake \ g++"
platform/external/libwebm,third_party,,androidbp,Bug: 173644001
platform/external/libwebsockets,third_party,,androidbp,"Libwebsockets Libwebsockets is a simple-to-use, MIT-license, pure C library providing client and server for http/1 , http/2 , websockets , MQTT and other protocols in a security-minded, lightweight, configurable, scalable and flexible way. It's easy to build and cross-build via cmake and is suitable for tasks from embedded RTOS through mass cloud serving. It supports a lot of lightweight ancilliary implementations for things like JSON, CBOR, JOSE, COSE, and supports OpenSSL and MbedTLS v2 and v3 out of the box for everything. It's very gregarious when it comes to event loop sharing, supporting libuv, libevent, libev, sdevent, glib and uloop, as well as custom event libs. 100+ independent minimal examples for various scenarios, CC0-licensed (public domain) for cut-and-paste, allow you to get started quickly. There are a lot of READMEs on a variety of topics. We do a huge amount of CI testing per push , currently 582 builds on 30 platforms. You can see the lws CI rack and read about how"
platform/external/libxaac,third_party,,androidbp,"Introduction to libxaac Extended HE-AAC, the latest innovation member of the MPEG AAC codec family, is ideally suited for adaptive bit rate streaming and digital radio applications. Extended HE-AAC bridges the gap between speech and audio coding and ensures consistent high-quality audio for all signal types, including speech, music, and mixed material. It is the required audio codec for DRM (Digital Radio Mondiale). When it comes to coding, the codec is incredibly effective, generating high-quality audio for music and speech at bitrates as low as 6 kbit/s for mono and 12 kbit/s for stereo services. By switching to extremely low bitrate streams, Extended HE-AAC streaming apps and streaming radio players can provide uninterrupted playback even during very congested network conditions. As the Extended High Efficiency AAC Profile is a logical evolution of the MPEG Audio's popular AAC Family profiles, the codec supports AAC-LC, HE-AACv1 (AAC+) and HE-AACv2 (eAAC+) audio object type encoding"
platform/external/libxcam,third_party,,,"libXCam Copyright (C) 2014-2019 Intel Corporation libxcam core source code under the terms of Apache License, Version 2.0 Description: libXCam is a project for extended camera features and focus on image quality improvement and video analysis. There are lots features supported in image pre-processing, image post-processing and smart analysis. This library makes GPU/CPU/ISP working together to improve image quality. OpenCL is used to improve performance in different platforms. Features: Image processing features Advanced features Automotive surround view(360) stitching (OpenCL/CPU/GLES) Support bowl view 3D model stitching by 4 video input. Enable geometry remap for WFoV camera calibration(intrinsic and extrinsic data). Quality and performance improved (OpenCL/CPU/GLES). CPU version upstreamed into AOSP for automotive surround view. Enable Vulkan to improve performance. 360 video stitching (Equirectangular mode via OpenCL) Support 2-fisheye (>180 degree) video stream stitching. Performa"
platform/external/libxkbcommon,third_party,,androidbp,"libxkbcommon libxkbcommon is a keyboard keymap compiler and support library which processes a reduced subset of keymaps as defined by the XKB (X Keyboard Extension) specification. It also contains a module for handling Compose and dead keys and a separate library for listing available keyboard layouts. Quick Guide See Quick Guide . Building libxkbcommon is built with Meson : meson setup build ninja -C build ninja -C build test # Run the tests. To build for use with Wayland, you can disable X11 support while still using the X11 keyboard configuration resource files thusly: meson setup build \ -Denable-x11=false \ -Dxkb-config-root=/usr/share/X11/xkb \ -Dx-locale-root=/usr/share/X11/locale ninja -C build API While libxkbcommon's API is somewhat derived from the classic XKB API as found in X11/extensions/XKB.h and friends, it has been substantially reworked to expose fewer internal details to clients. See the API Documentation . Dataset libxkbcommon does not distribute a keymap dataset it"
platform/external/libxml2,third_party,,androidbp,"libxml2 libxml2 is an XML toolkit implemented in C, originally developed for the GNOME Project. Official releases can be downloaded from https://download.gnome.org/sources/libxml2/ The git repository is hosted on GNOME's GitLab server: https://gitlab.gnome.org/GNOME/libxml2 Bugs should be reported at https://gitlab.gnome.org/GNOME/libxml2/-/issues . Please report security issues to our bug tracker as well. Make sure to mark the issue as confidential . Documentation is available at https://gitlab.gnome.org/GNOME/libxml2/-/wikis License This code is released under the MIT License, see the Copyright file. Build instructions libxml2 can be built with GNU Autotools, CMake, meson or several other build systems in platform-specific subdirectories. Autotools (for POSIX systems like Linux, BSD, macOS) If you build from a Git tree, you have to install Autotools and start by generating the configuration files with: ./autogen.sh [configuration options] If you build from a source tarball, extract t"
platform/external/libxslt,third_party,,,
platform/external/libyaml,third_party,,,Bug: 436095022
platform/external/libyuv,third_party,,androidbp,"libyuv is an open source project that includes YUV scaling and conversion functionality. Scale YUV to prepare content for compression, with point, bilinear or box filter. Convert to YUV from webcam formats for compression. Convert to RGB formats for rendering/effects. Rotate by 90/180/270 degrees to adjust for mobile devices in portrait mode. Optimized for SSSE3/AVX2 on x86/x64. Optimized for Neon/SVE2/SME on Arm. Optimized for MSA on Mips. Optimized for RVV on RISC-V. Development See Getting started for instructions on how to get started developing. You can also browse the docs directory for more documentation."
platform/external/licenseclassifier,third_party,,,"License Classifier Introduction The license classifier is a library and set of tools that can analyze text to determine what type of license it contains. It searches for license texts in a file and compares them to an archive of known licenses. These files could be, e.g., LICENSE files with a single or multiple licenses in it, or source code files with the license text in a comment. A “confidence level” is associated with each result indicating how close the match was. A confidence level of 1.0 indicates an exact match, while a confidence level of 0.0 indicates that no license was able to match the text. Usage One-time setup Use the license_serializer tool to regenerate the licenses.db archive. The archive contains preprocessed license texts for quicker comparisons against unknown texts. $ go run tools / license_serializer / license_serializer . go - output licenses Identifying licenses Use the identify_license command line tool to identify the license(s) within a file. $ go run tools"
platform/external/linux-firmware,third_party,,,"About the linux-firmware project Please be aware that this project is not just a local Android project. It is actually intended to (roughly--see NOTES below) match up with the upstream git repository hosted at: https://gitlab.com/kernel-firmware/linux-firmware.git Mirrored at: https://git.kernel.org/pub/scm/linux/kernel/git/firmware/linux-firmware.git/ See also the upstream README.md . The local Android project is managed with Copybara , though used in a slightly non-standard way. In order to fit into Android‘s infrastructure that tracks licensing and also to let us to update each firmware individually, our Copybara script doesn’t act on the whole repo. Instead it acts on smaller groups of upstream files and keeps each group in its own directory. Each group is a logical set of files that someone may want to include in an Android product. All files in a given group must share the same license. If two files normally go together but share different licenses then they'll need separate grou"
platform/external/linux-kselftest,third_party,,androidbp,
platform/external/linux-tools-perf,third_party,,,See system/extras/simpleperf/ instead.
platform/external/lisa,third_party,,,"NOTE : This is still a work in progress project, suitable for: developers, contributors and testers. None of the provided tests have been extensively evaluated as of January 2017. Introduction The LISA project provides a toolkit that supports regression testing and interactive analysis of Linux kernel behavior. LISA stands for Linux Integrated/Interactive System Analysis. LISA's goal is to help Linux kernel developers to measure the impact of modifications in core parts of the kernel. The focus is on the scheduler (e.g. EAS), power management and thermal frameworks. However LISA is generic and can be used for other purposes too. LISA has a “host”/“target” model. LISA itself runs on a host machine, and uses the devlib toolkit to interact with the target via SSH, ADB or telnet. LISA is flexible with regard to the target OS; its only expectation is a Linux kernel-based system. Android, GNU/Linux and busybox style systems have all been used. LISA provides features to describe workloads (no"
platform/external/littlemock,third_party,,,
platform/external/lld,third_party,,,
platform/external/lldb,third_party,,,Not yet needed
platform/external/lldb-utils,third_party,,,
platform/external/llvm,third_party,,androidbp,
platform/external/llvm-libc,third_party,,androidbp,Bug: 321313756
platform/external/llvm_35a,third_party,,,
platform/external/lmfit,third_party,,,
platform/external/login-items-ae,third_party,,,
platform/external/lohit-fonts,third_party,,,
platform/external/lottie,third_party,,androidbp,"Lottie for Android, iOS , React Native , Web , and Windows Lottie is a mobile library for Android and iOS that parses Adobe After Effects animations exported as json with Bodymovin and renders them natively on mobile! For the first time, designers can create and ship beautiful animations without an engineer painstakingly recreating it by hand. They say a picture is worth 1,000 words so here are 13,000: Sponsors Lottie is maintained and improved on nights and weekends. If you use Lottie in your app, please consider sponsoring it to help ensure that we can continue to improve the project we love. Click the sponsor button above to learn more Lead Sponsors View documentation, FAQ, help, examples, and more at airbnb.io/lottie Download Gradle is the only supported build configuration, so just add the dependency to your project build.gradle file: dependencies { implementation 'com.airbnb.android:lottie:$lottieVersion' } The latest Lottie version is: The latest stable Lottie-Compose version is"
platform/external/ltp,third_party,,androidbp,
platform/external/ltrace,third_party,,,
platform/external/lua,third_party,,androidbp,Bug: 120607669
platform/external/lvm2,third_party,,,
platform/external/lz4,third_party,,,"LZ4 - Extremely fast compression LZ4 is lossless compression algorithm, providing compression speed > 500 MB/s per core, scalable with multi-cores CPU. It features an extremely fast decoder, with speed in multiple GB/s per core, typically reaching RAM speed limits on multi-core systems. Speed can be tuned dynamically, selecting an “acceleration” factor which trades compression ratio for faster speed. On the other end, a high compression derivative, LZ4_HC, is also provided, trading CPU time for improved compression ratio. All versions feature the same decompression speed. LZ4 is also compatible with dictionary compression , both at API and CLI levels. It can ingest any input file as dictionary, though only the final 64KB are used. This capability can be combined with the Zstandard Dictionary Builder , in order to drastically improve compression performance on small files. LZ4 library is provided as open-source software using BSD 2-Clause license. Branch Status dev Benchmarks The benchm"
platform/external/lzma,third_party,,androidbp,7-Zip on GitHub 7-Zip website: 7-zip.org
platform/external/lzop,third_party,,,
platform/external/marisa-trie,third_party,,androidbp,"README Project name marisa-trie Project summary MARISA: Matching Algorithm with Recursively Implemented StorAge Latest version 0.2.6 Description Matching Algorithm with Recursively Implemented StorAge (MARISA) is a static and space-efficient trie data structure. And libmarisa is a C++ library to provide an implementation of MARISA. Also, the package of libmarisa contains a set of command line tools for building and operating a MARISA-based dictionary. A MARISA-based dictionary supports not only lookup but also reverse lookup, common prefix search and predictive search. Lookup is to check whether or not a given string exists in a dictionary. Reverse lookup is to restore a key from its ID. Common prefix search is to find keys from prefixes of a given string. Predictive search is to find keys starting with a given string. The biggest advantage of libmarisa is that its dictionary size is considerably more compact than others. See below for the dictionary size of other implementations. Inpu"
platform/external/markdown,third_party,,,
platform/external/mbedtls,third_party,,,"README for Mbed TLS Mbed TLS is a C library that implements cryptographic primitives, X.509 certificate manipulation and the SSL/TLS and DTLS protocols. Its small code footprint makes it suitable for embedded systems. Mbed TLS includes a reference implementation of the PSA Cryptography API . This is currently a preview for evaluation purposes only. Configuration Mbed TLS should build out of the box on most systems. Some platform specific options are available in the fully documented configuration file include/mbedtls/mbedtls_config.h , which is also the place where features can be selected. This file can be edited manually, or in a more programmatic way using the Python 3 script scripts/config.py (use --help for usage instructions). Compiler options can be set using conventional environment variables such as CC and CFLAGS when using the Make and CMake build system (see below). We provide some non-standard configurations focused on specific use cases in the configs/ directory. You can r"
platform/external/mdnsresponder,third_party,,androidbp,
platform/external/mesa3d,third_party,,"androidbp,rustfmt",
platform/external/messageformat,third_party,,,
platform/external/mime-support,third_party,,androidbp,Bug: 138443287
platform/external/minidns,third_party,,,Bug: 436095022
platform/external/minigbm,third_party,,"androidbp,rust_dir",
platform/external/minijail,third_party,google_origin,"androidbp,rust_dir","Minijail The Minijail homepage is https://google.github.io/minijail/ . The main source repo is https://chromium.googlesource.com/chromiumos/platform/minijail . There might be other copies floating around, but this is the official one! Contents What is it? Getting the code Building Release process Additional tools Contact GitHub Pages homepage Talks and presentations Example usage Change root to any user Drop root while keeping some capabilities Historical notes"
platform/external/mksh,third_party,,androidbp,
platform/external/ml_dtypes,third_party,,,Bug: 414635660
platform/external/mmc-utils,third_party,,androidbp,
platform/external/mobile-data-download,third_party,,androidbp,Bug: 236694189
platform/external/mobly-bundled-snippets,third_party,,androidbp,"Mobly Bundled Snippets is a set of Snippets to allow Mobly tests to control Android devices by exposing a simplified version of the public Android API suitable for testing. We are adding more APIs as we go. If you have specific needs for certain groups of APIs, feel free to file a request in Issues . Note: this is not an official Google product. Usage Compile and install the bundled snippets ./gradlew assembleDebug adb install -d -r -g ./build/outputs/apk/debug/mobly-bundled-snippets-debug.apk Use the Mobly snippet shell to interact with the bundled snippets snippet_shell.py com.google.android.mobly.snippet.bundled >>> print(s.help()) Known methods: bluetoothDisable() returns void // Disable bluetooth with a 30s timeout. ... wifiDisable() returns void // Turns off Wi-Fi with a 30s timeout. wifiEnable() returns void // Turns on Wi-Fi with a 30s timeout. ... To use these snippets within Mobly tests, load it on your AndroidDevice objects after registering android_device module: def setup_"
platform/external/mobly-snippet-lib,third_party,,androidbp,"Getting Started with Snippets for Mobly Mobly Snippet Lib is a library for triggering device-side code from host-side Mobly tests. This tutorial teaches you how to use the snippet lib to trigger custom device-side actions. Note: Mobly and the snippet lib are not official Google products. Prerequisites These examples and tutorials assume basic familiarity with the Mobly framework, so please follow the Mobly tutorial before doing this one. You should know how to create an Android app and build it with gradle. If not, follow the Android app tutorial . Overview The Mobly Snippet Lib allows you to write Java methods that run on Android devices, and trigger the methods from inside a Mobly test case. The Java methods invoked this way are called snippets . The snippet code can either be written in its own standalone apk, or as a product flavor of an existing apk. This allows you to write snippets that instrument or automate another app. Under The Hood A snippet is launched by an am instrument"
platform/external/mock,third_party,,,
platform/external/mockftpserver,third_party,,androidbp,
platform/external/mockito,third_party,,androidbp,
platform/external/mockito-kotlin,third_party,,androidbp,"Mockito-Kotlin A small library that provides helper functions to work with Mockito in Kotlin. Install Mockito-Kotlin is available on Maven Central and JCenter. For Gradle users, add the following to your build.gradle , replacing x.x.x with the latest version: testImplementation ""org.mockito.kotlin:mockito-kotlin:x.x.x"" Example A test using Mockito-Kotlin typically looks like the following: @Test fun doAction_doesSomething (){ /* Given */ val mock = mock < MyClass > { on { getText () } doReturn ""text"" } val classUnderTest = ClassUnderTest ( mock ) /* When */ classUnderTest . doAction () /* Then */ verify ( mock ). doSomething ( any ()) } For more info and samples, see the Wiki . Building Mockito-Kotlin is built with Gradle. ./gradlew build builds the project ./gradlew publishToMavenLocal installs the maven artifacts in your local repository ./gradlew assemble && ./gradlew test runs the test suite (See Testing below) Versioning Mockito-Kotlin roughly follows SEMVER; version names are par"
platform/external/mockwebserver,third_party,,androidbp,
platform/external/modelcontextprotocol/kotlin-sdk,third_party,,,Bug: 426599742
platform/external/modp_b64,third_party,,androidbp,
platform/external/moltenvk,third_party,,,"MoltenVK Copyright (c) 2015-2024 The Brenwill Workshop Ltd. Table of Contents Introduction to MoltenVK Developing Vulkan Applications on macOS, iOS, tvOS, and visionOS Using the Vulkan SDK Using MoltenVK Directly Fetching MoltenVK Source Code Building MoltenVK Building With Xcode Building From the Command Line Hiding Vulkan API Symbols Accessing Metal Private API Calls Install MoltenVK to Replace The Vulkan SDK libMoltenVK.dylib Running MoltenVK Demo Applications Using MoltenVK in Your Application MoltenVK and Vulkan Compliance Getting Support Contributing to MoltenVK Development Introduction to MoltenVK MoltenVK is a layered implementation of Vulkan 1.2 graphics and compute functionality, that is built on Apple's Metal graphics and compute framework on macOS , iOS , tvOS , and visionOS . MoltenVK allows you to use Vulkan graphics and compute functionality to develop modern, cross-platform, high-performance graphical games and applications, and to run them across many platforms, includ"
platform/external/moshi,third_party,,androidbp,"Moshi Moshi is a modern JSON library for Android, Java and Kotlin. It makes it easy to parse JSON into Java and Kotlin classes: Note: The Kotlin examples of this README assume use of either Kotlin code gen or KotlinJsonAdapterFactory for reflection. Plain Java-based reflection is unsupported on Kotlin classes. String json = ...; Moshi moshi = new Moshi . Builder (). build (); JsonAdapter < BlackjackHand > jsonAdapter = moshi . adapter ( BlackjackHand . class ); BlackjackHand blackjackHand = jsonAdapter . fromJson ( json ); System . out . println ( blackjackHand ); val json : String = ... val moshi : Moshi = Moshi . Builder (). build () val jsonAdapter : JsonAdapter < BlackjackHand > = moshi . adapter < BlackjackHand >() val blackjackHand = jsonAdapter . fromJson ( json ) println ( blackjackHand ) And it can just as easily serialize Java or Kotlin objects as JSON: BlackjackHand blackjackHand = new BlackjackHand ( new Card ( '6' , SPADES ), Arrays . asList ( new Card ( '4' , CLUBS ), new"
platform/external/mp4parser,third_party,,androidbp,
platform/external/mp4v2,third_party,,,
platform/external/mpdecimal,third_party,,androidbp,Bug: 390479029
platform/external/mpg123,third_party,,,
platform/external/ms-tpm-20-ref,third_party,,androidbp,"Official TPM 2.0 Reference Implementation (by Microsoft) This is the official TCG reference implementation of the TPM 2.0 Specification . The project contains complete source code of the reference implementation with a Microsoft Visual Studio solution and Linux autotools build scripts. See the definition of the SPEC_VERSION , SPEC_YEAR and SPEC_DAY_OF_YEAR values in the TpmTypes.h header for the exact revision/date of the TPM 2.0 specification, which the given source tree snapshot corresponds to. The reference implementation can be directly used via the TPM 2.0 simulator that emulates a TPM 2.0 device and can be accessed via a custom TCP based protocol. The simplest way to work with the simulator is to use a TSS library for the programming language of your choice - C#/.Net, C++, Java, Python, JavaScript/Node.js are currently supported. The C language TSS implementing the TCG's TSS API specifiaction is available here . Windows build Windows build is implemented as a Visual Studio 2017 s"
platform/external/mtools,third_party,,androidbp,Bug: 180112530
platform/external/mtpd,third_party,,,
platform/external/musl,third_party,,androidbp,Bug: 191701391
platform/external/n2,third_party,,"androidbp,cargo,rs_file","n2, an alternative ninja implementation n2 (pronounced “into”) implements enough of Ninja to successfully build some projects that build with Ninja. Compared to Ninja, n2 missing some features but is faster to build and has a better UI; see a more detailed comparison . Here's a small demo of n2 building some of Clang. Install $ cargo install --git https://github.com/evmar/n2 # (installs into ~/.cargo/bin/) $ n2 -C some/build/dir some-target Using with CMake When CMake generates Ninja files it attempts run a program named ninja with some particular Ninja behaviors. In particular, it attempts to inform Ninja/n2 that its generated build files are up to date so that the build system doesn't attempt to rebuild them. n2 can emulate the expected CMake behavior when invoked as ninja . To do this you create a symlink named ninja somewhere in your $PATH , such that CMake can discover it. UNIX: ln -s path/to/n2 ninja Windows(cmd): mklink ninja.exe path\to\n2 Windows(PowerShell): New-Item -Type Sy"
platform/external/nanohttpd,third_party,,androidbp,"NanoHTTPD – a tiny web server in Java NanoHTTPD is a light-weight HTTP server designed for embedding in other applications, released under a Modified BSD licence. It is being developed at Github and uses Apache Maven for builds & unit testing: Build status: Coverage Status: Current central released version: Quickstart We'll create a custom HTTP server project using Maven for build/dep system. This tutorial assumes you are using a Unix variant and a shell. First, install Maven and Java SDK if not already installed. Then run: mvn compile mvn exec:java -pl webserver -Dexec.mainClass=""fi.iki.elonen.SimpleWebServer"" You should now have a HTTP file server running on http://localhost:8080/ . Custom web app Let's raise the bar and build a custom web application next: mvn archetype:generate -DgroupId=com.example -DartifactId=myHellopApp -DinteractiveMode=false cd myHellopApp Edit pom.xml , and add this between <dependencies>: <dependency> <groupId>org.nanohttpd</groupId> <!-- <groupId>com.nanoh"
platform/external/nanopb-c,third_party,,androidbp,"Nanopb - Protocol Buffers for Embedded Systems Nanopb is a small code-size Protocol Buffers implementation in ansi C. It is especially suitable for use in microcontrollers, but fits any memory restricted system. Homepage: https://jpa.kapsi.fi/nanopb/ Documentation: https://jpa.kapsi.fi/nanopb/docs/ Downloads: https://jpa.kapsi.fi/nanopb/download/ Forum: https://groups.google.com/forum/#!forum/nanopb Using the nanopb library To use the nanopb library, you need to do two things: Compile your .proto files for nanopb, using protoc . Include pb_encode.c , pb_decode.c and pb_common.c in your project. The easiest way to get started is to study the project in “examples/simple”. It contains a Makefile, which should work directly under most Linux systems. However, for any other kind of build system, see the manual steps in README.txt in that folder. Using the Protocol Buffers compiler (protoc) The nanopb generator is implemented as a plugin for the Google‘s own protoc compiler. This has the adva"
platform/external/nanoprintf,third_party,,,"nanoprintf nanoprintf is an unencumbered implementation of snprintf and vsnprintf for embedded systems that, when fully enabled, aim for C11 standard compliance. The primary exceptions are double (they get casted to float ), scientific notation ( %e , %g , %a ), and the conversions that require wcrtomb to exist. C23 binary integer output is optionally supported as per N2630 . Safety extensions for snprintf and vsnprintf can be optionally configured to return trimmed or fully-empty strings on buffer overflow events. Additionally, nanoprintf can be used to parse printf-style format strings to extract the various parameters and conversion specifiers, without doing any actual text formatting. nanoprintf makes no memory allocations and uses less than 100 bytes of stack. It compiles to between ~760-2500 bytes of object code on a Cortex-M0 architecture, depending on configuration. All code is written in a minimal dialect of C99 for maximal compiler compatibility, compiles cleanly at the highe"
platform/external/nasm,third_party,,,
platform/external/naver-fonts,third_party,,,
platform/external/ncurses,third_party,,,Bug: 173536531
platform/external/neon_2_sse,third_party,,,"The NEON_2_SSE.h file is intended to simplify ARM->IA32 porting. It makes the correspondence (or a real port) between ARM NEON intrinsics (as defined in “arm_neon.h”) header and x86 SSE (up to SSE4.2) intrinsic functions as defined in corresponding x86 compilers headers files. To take advantage of this file just include it in your project that uses ARM NEON intinsics instead of “arm_neon.h”, compile it as usual and enjoy the result. For significant performance improvement in some cases you might need to define USE_SSE4 in your project settings. Otherwise SIMD up to SSSE3 to be used. If NEON2SSE_DISABLE_PERFORMANCE_WARNING macro is defined, then the performance warnings are disabled. For more information and license please read the NEON_2_SSE.h content."
platform/external/netcat,third_party,,,
platform/external/netperf,third_party,,,
platform/external/neven,third_party,,androidbp,
platform/external/newfs_msdos,third_party,,androidbp,Bug: 110053628
platform/external/nfacct,third_party,,,
platform/external/ninja,third_party,,androidbp,
platform/external/nist-pkits,third_party,,androidbp,
platform/external/nist-sip,third_party,,androidbp,
platform/external/nos/host/android,third_party,,androidbp,"Android components for Nugget Android communicates with Nugget apps in order to implement security related HALs. Currently, those HALs are Keymaster, Weaver and OemLock. Services Apps that define a protobuf service will have an app interface class autogenerated. These classes will wrap a NuggetClient . The generator can be found in the generator directory. Asynchronous communication Work in progress. Currently, everything is synchronous and just exposes the call_application() function from the Nugget transport API. In future, asynchronous calls may be desired. Support for this could be added in: Nugget transport API NuggetClient on top of call_application() Generated services citadel This directory contains the components to support Citadel connected to Android."
platform/external/nos/host/generic,third_party,,androidbp,Generic host components for Nugget Nugget will be used in different contexts and with different hosts. This repo contains the components that can be shared between those hosts. nugget The nugget directory contains items that are shared between the host and the firmware. Those include: shared headers service protos libnos libnos is a C++ library for communication with a Nugget device. It offers an interface to manage a connection and exchange data and a generator for RPC stubs based on service protos. libnos_datagram libnos_datagram is a C library for exchanging datagrams with a Nugget device. This directory only contains the API of the library as the different platforms will need to implement it differently. libnos_transport libnos_transport is a C library for communicating with a Nugget device via the transport API. This is built on top of the libnos_datagram library for exchanging datagrams.
platform/external/nos/test/system-test-harness,third_party,,androidbp,Citadel Test Harness This project houses the code needed to run tests from a host connected to the citdadel chip. Requirements Software bazel build-essential gcc-arm-none-eabi Hardware FPGA test setup with ultradebug or Citadel test board Quickstart The command to run the tests from a host machine is: bazel run runtests On Android run: mmma -j nproc external/nos Make sure verity is disabled and the system partion is remounted then run: adb sync adb citadel_integration_tests
platform/external/noto-fonts,third_party,,androidbp,
platform/external/nsjail,third_party,,androidbp,"Overview What forms of isolation does it provide Which use-cases are supported Isolation of network services (inetd style) Isolation with access to a private, cloned interface (requires root/setuid) Isolation of local processes Isolation of local processes (and re-running them, if necessary) Examples of use Bash in a minimal file-system with uid==0 and access to /dev/urandom only /usr/bin/find in a minimal file-system (only /usr/bin/find accessible from /usr/bin) Using /etc/subuid Even more contrained shell (with seccomp-bpf policies) Configuration file More info Launching in Docker Contact This is NOT an official Google product. Overview NsJail is a process isolation tool for Linux. It utilizes Linux namespace subsystem, resource limits, and the seccomp-bpf syscall filters of the Linux kernel. It can help you with (among other things): Isolating networking services (e.g. web, time, DNS), by isolating them from the rest of the OS Hosting computer security challenges (so-called CTFs ) C"
platform/external/nullaway,third_party,,androidbp,"NullAway: Fast Annotation-Based Null Checking for Java NullAway is a tool to help eliminate NullPointerException s (NPEs) in your Java code. To use NullAway, first add @Nullable annotations in your code wherever a field, method parameter, or return value may be null . Given these annotations, NullAway performs a series of type-based, local checks to ensure that any pointer that gets dereferenced in your code cannot be null . NullAway is similar to the type-based nullability checking in the Kotlin and Swift languages, and the Checker Framework and Eradicate null checkers for Java. NullAway is fast . It is built as a plugin to Error Prone and can run on every single build of your code. In our measurements, the build-time overhead of running NullAway is usually less than 10%. NullAway is also practical : it does not prevent all possible NPEs in your code, but it catches most of the NPEs we have observed in production while imposing a reasonable annotation burden, giving a great “bang for"
platform/external/oauth,third_party,,androidbp,
platform/external/obex,third_party,,androidbp,Bug: 219989416
platform/external/objenesis,third_party,,androidbp,
platform/external/oboe,third_party,,androidbp,"Oboe Oboe is a C++ library which makes it easy to build high-performance audio apps on Android. It was created primarily to allow developers to target a simplified API that works across multiple API levels back to API level 16 (Jelly Bean). Features Compatible with API 16 onwards - runs on 99% of Android devices Chooses the audio API (OpenSL ES on API 16+ or AAudio on API 27+) which will give the best audio performance on the target Android device Automatic latency tuning Modern C++ allowing you to write clean, elegant code Workarounds for some known issues Used by popular apps and frameworks Documentation Getting Started Guide Full Guide to Oboe API reference History of Audio features/bugs by Android version Migration guide for apps using OpenSL ES Frequently Asked Questions (FAQ) Wiki Our roadmap - Vote on a feature/issue by adding a thumbs up to the first comment. Community Reddit: r/androidaudiodev StackOverflow: #oboe Testing OboeTester app for measuring latency, glitches, etc. Ob"
platform/external/obstack,third_party,,androidbp,Bug: 201358331
platform/external/oj-libjdwp,third_party,,androidbp,Bug: 62821960
platform/external/okhttp,third_party,,androidbp,"OkHttp An HTTP & SPDY client for Android and Java applications. For more information see the website and the wiki . Download Download the latest JAR or grab via Maven: <dependency> <groupId> com.squareup.okhttp </groupId> <artifactId> okhttp </artifactId> <version> 2.6.0 </version> </dependency> or Gradle: compile 'com.squareup.okhttp:okhttp:2.6.0' Snapshots of the development version are available in Sonatype's snapshots repository . MockWebServer A library for testing HTTP, HTTPS, HTTP/2.0, and SPDY clients. MockWebServer coupling with OkHttp is essential for proper testing of SPDY and HTTP/2.0 so that code can be shared. Download Download the latest JAR or grab via Maven: <dependency> <groupId> com.squareup.okhttp </groupId> <artifactId> mockwebserver </artifactId> <version> 2.6.0 </version> <scope> test </scope> </dependency> or Gradle: testCompile 'com.squareup.okhttp:mockwebserver:2.6.0' License Licensed under the Apache License, Version 2.0 (the ""License""); you may not use this"
platform/external/okhttp4,third_party,,,Bug: 178481700
platform/external/okio,third_party,,androidbp,"Okio See the project website for documentation and APIs. Okio is a library that complements java.io and java.nio to make it much easier to access, store, and process your data. It started as a component of OkHttp , the capable HTTP client included in Android. It's well-exercised and ready to solve new problems. License Copyright 2013 Square, Inc. Licensed under the Apache License, Version 2.0 (the ""License""); you may not use this file except in compliance with the License. You may obtain a copy of the License at http://www.apache.org/licenses/LICENSE-2.0 Unless required by applicable law or agreed to in writing, software distributed under the License is distributed on an ""AS IS"" BASIS, WITHOUT WARRANTIES OR CONDITIONS OF ANY KIND, either express or implied. See the License for the specific language governing permissions and limitations under the License."
platform/external/one-true-awk,third_party,,androidbp,"The One True Awk This is the version of awk described in The AWK Programming Language , Second Edition, by Al Aho, Brian Kernighan, and Peter Weinberger (Addison-Wesley, 2024, ISBN-13 978-0138269722, ISBN-10 0138269726). What's New? This version of Awk handles UTF-8 and comma-separated values (CSV) input. Strings Functions that process strings now count Unicode code points, not bytes; this affects length , substr , index , match , split , sub , gsub , and others. Note that code points are not necessarily characters. UTF-8 sequences may appear in literal strings and regular expressions. Arbitrary characters may be included with \u followed by 1 to 8 hexadecimal digits. Regular expressions Regular expressions may include UTF-8 code points, including \u . CSV The option --csv turns on CSV processing of input: fields are separated by commas, fields may be quoted with double-quote ( "" ) characters, quoted fields may contain embedded newlines. Double-quotes in fields have to be doubled and e"
platform/external/open-dice,third_party,,androidbp,"Open Profile for DICE This repository contains the specification for the Open Profile for DICE along with production-quality code. This profile is a specialization of the Hardware Requirements for a Device Identifier Composition Engine and DICE Layering Architecture specifications published by the Trusted Computing Group (TCG). For readers already familiar with those specs, notable distinctives of this profile include: Separate CDIs for attestation and sealing use cases Categorized inputs, including values related to verified boot Certified UDS values X.509 or CBOR certificates Mailing List You can find us (and join us!) at https://groups.google.com/g/open-profile-for-dice . We're happy to answer questions and discuss proposed changes or features. Specification The specification can be found here . It is versioned using a major.minor scheme. Compatibility is maintained across minor versions but not necessarily across major versions. Code Production quality, portable C code is included."
platform/external/open-vcdiff,third_party,,,
platform/external/opencensus-go,third_party,,,Bug: 189829727
platform/external/opencensus-java,third_party,,androidbp,"Warning OpenCensus and OpenTracing have merged to form OpenTelemetry , which serves as the next major version of OpenCensus and OpenTracing. OpenTelemetry has now reached feature parity with OpenCensus, with tracing and metrics SDKs available in .NET, Golang, Java, NodeJS, and Python. All OpenCensus Github repositories, except census-instrumentation/opencensus-python , will be archived on July 31st, 2023 . We encourage users to migrate to OpenTelemetry by this date. To help you gradually migrate your instrumentation to OpenTelemetry, bridges are available in Java, Go, Python, and JS. Read the full blog post to learn more . OpenCensus - A stats collection and distributed tracing framework :exclamation: The opencensus-contrib-log-correlation-log4j2 Java client library is part of the OpenCensus project. CVE-2021-44228 and CVE-2021-45046 disclosed security vulnerabilities in the Apache Log4j 2 version 2.15 or below. The recent version v0.28.3 depends on Log4j 2.11.1. A number of previous v"
platform/external/opencl/llvm-project,third_party,,,Bug: 436095022
platform/external/opencore,third_party,,,OpenCORE Media Framework
platform/external/opencv,third_party,,,
platform/external/opencv3,third_party,,,OpenCV: Open Source Computer Vision Library Resources Homepage: http://opencv.org Docs: http://docs.opencv.org Q&A forum: http://answers.opencv.org Issue tracking: http://code.opencv.org Contributing Please read before starting work on a pull request: http://code.opencv.org/projects/opencv/wiki/How_to_contribute Summary of guidelines: One pull request per issue; Choose the right base branch; Include tests and documentation; Clean up “oops” commits before submitting; Follow the coding style guide.
platform/external/openfst,third_party,,,
platform/external/openmp_llvm,third_party,,,
platform/external/openocd,third_party,,,Bug: 152808360
platform/external/openscreen,third_party,,androidbp,"Open Screen Library The Open Screen Library implements the Open Screen Protocol and the Chromecast protocols (discovery, application control, and media streaming). Information about the Open Screen Protocol and its specification can be found on GitHub . Getting the code Installing depot_tools Library dependencies are managed using gclient , from the depot_tools repo. To get gclient, run the following command in your terminal: git clone https :// chromium . googlesource . com / chromium / tools / depot_tools . git Then add the depot_tools folder to your PATH environment variable. Note that openscreen does not use other features of depot_tools like repo or drover . However, some git-cl functions do work, like git cl try , git cl format , git cl lint , and git cl upload. Checking out code From the parent directory of where you want the openscreen checkout (e.g., ~/my_project_dir ), configure gclient and check out openscreen with the following commands: cd ~/ my_project_dir gclient config"
platform/external/openssh,third_party,,androidbp,"Portable OpenSSH OpenSSH is a complete implementation of the SSH protocol (version 2) for secure remote login, command execution and file transfer. It includes a client ssh and server sshd , file transfer utilities scp and sftp as well as tools for key generation ( ssh-keygen ), run-time key storage ( ssh-agent ) and a number of supporting programs. This is a port of OpenBSD's OpenSSH to most Unix-like operating systems, including Linux, OS X and Cygwin. Portable OpenSSH polyfills OpenBSD APIs that are not available elsewhere, adds sshd sandboxing for more operating systems and includes support for OS-native authentication and auditing (e.g. using PAM). Documentation The official documentation for OpenSSH are the man pages for each tool: ssh(1) sshd(8) ssh-keygen(1) ssh-agent(1) scp(1) sftp(1) ssh-keyscan(8) sftp-server(8) Stable Releases Stable release tarballs are available from a number of download mirrors . We recommend the use of a stable release for most users. Please read the re"
platform/external/openssl,third_party,,,"This OpenSSL repository is unmaintained Android no longer uses OpenSSL and has instead moved to BoringSSL. As a result this repository is unmaintained. It should not be used. Most applications can move to using BoringSSL as long as they are not using deprecated APIs. For more information about BoringSSL, see these references: Upstream BoringSSL repository : The official BoringSSL repository. Android's BoringSSL project : Android's copy of BoringSSL."
platform/external/openthread,third_party,,androidbp,"What is OpenThread? OpenThread released by Google is... ...an open-source implementation of the Thread networking protocol. Google Nest has released OpenThread to make the technology used in Nest products more broadly available to developers to accelerate the development of products for the connected home. ...OS and platform agnostic , with a narrow platform abstraction layer and a small memory footprint, making it highly portable. It supports both system-on-chip (SoC) and network co-processor (NCP) designs. ...a Thread Certified Component , implementing all features defined in the Thread 1.4.0 specification , including all Thread networking layers (IPv6, 6LoWPAN, IEEE 802.15.4 with MAC security, Mesh Link Establishment, Mesh Routing) and device roles, as well as Border Router support. More information about Thread can be found at threadgroup.org . Thread is a registered trademark of the Thread Group, Inc. Who supports OpenThread? Getting started All end-user documentation and guides a"
platform/external/openvpn,third_party,,,
platform/external/openwrt-prebuilts,third_party,,androidbp,Bug: 201358034
platform/external/openxr-sdk,third_party,,,Bug: 509273825
platform/external/oprofile,third_party,,,
platform/external/optee/apps,third_party,,,Bug: 137537335
platform/external/opus-experimental,third_party,,,Bug: 436095022
platform/external/oss-fuzz,third_party,,,Bug: 141203588
platform/external/ot-br-posix,third_party,,androidbp,"OpenThread Border Router Per the Thread Specification , a Thread Border Router connects a Thread network to other IP-based networks, such as Wi-Fi or Ethernet. A Thread network requires a Border Router to connect to other networks. A Thread Border Router minimally supports the following functions: End-to-end IP connectivity via routing between Thread devices and other external IP networks External Thread Commissioning (for example, a mobile phone) to authenticate and join a Thread device to a Thread network OpenThread's implementation of a Border Router is called OpenThread Border Router (OTBR). OTBR is a Thread Certified Component on the Raspberry Pi 3B with a Nordic nRF52840 NCP. OTBR includes a number of features, including: Web UI for configuration and management Thread Border Agent to support an External Commissioner DHCPv6 Prefix Delegation to obtain IPv6 prefixes for a Thread network NAT64 for connecting to IPv4 networks DNS64 to allow Thread devices to initiate communications b"
platform/external/ow2-asm,third_party,,androidbp,Bug: 259118989
platform/external/owasp/java-encoder,third_party,,androidbp,"OWASP Java Encoder Project Contextual Output Encoding is a computer programming technique necessary to stop Cross-Site Scripting. This project is a Java 1.8+ simple-to-use drop-in high-performance encoder class with little baggage. For more detailed documentation on the OWASP Javca Encoder please visit https://owasp.org/www-project-java-encoder/ . Start using the OWASP Java Encoders You can download a JAR from Maven Central . JSP tags and EL functions are available in the encoder-jsp, also available: encoder-jakarta-jsp - Servlet Spec 5.0 encoder-jsp - Servlet Spec 3.0 The jars are also available in Central: <dependency> <groupId> org.owasp.encoder </groupId> <artifactId> encoder </artifactId> <version> 1.3.0 </version> </dependency> <!-- using Servlet Spec 5 in the jakarta.servlet package use: --> <dependency> <groupId> org.owasp.encoder </groupId> <artifactId> encoder-jakarta-jsp </artifactId> <version> 1.3.0 </version> </dependency> <!-- using the Legacy Servlet Spec in the javax.se"
platform/external/owasp/sanitizer,third_party,,androidbp,
platform/external/pandora/avatar,third_party,,androidbp,See https://developers.google.com/pandora/guides/avatar/android-guide
platform/external/pandora/bt-test-interfaces,third_party,,androidbp,"Pandora Bluetooth test interfaces Pandora Bluetooth test interfaces provide a common abstraction for Bluetooth testing tools to interact with all Bluetooth implementations, exposing all standard Bluetooth capabilities over gRPC . They are built using the following requirements and style guide . A test interface is defined for each Bluetooth profile. Supported profiles Host : Interface for general methods (reset, connection, advertise...). Security : Interface to trigger Bluetooth Host security pairing procedures. A2DP : Interface for the Advanced Audio Distribution Profile."
platform/external/pandora/mmi2grpc,third_party,,,mmi2grpc Install git submodule update -- init pip install [- e ] bt - test - interfaces / python pip install [- e ] . Rebuild gRPC Bluetooth test interfaces pip install grpcio - tools == 1.46 . 3 ./ bt - test - interfaces / python / _build / grpc . py
platform/external/parameter-framework,third_party,,androidbp,
platform/external/patchelf,third_party,,,Bug: 289141809
platform/external/pciutils,third_party,,androidbp,Bug: 346990074
platform/external/pcollections,third_party,,,Bug: 509273825
platform/external/pcre,third_party,,androidbp,"PCRE2 - Perl-Compatible Regular Expressions The PCRE2 library is a set of C functions that implement regular expression pattern matching using the same syntax and semantics as Perl 5. PCRE2 has its own native API, as well as a set of wrapper functions that correspond to the POSIX regular expression API. The PCRE2 library is free, even for building proprietary software. It comes in three forms, for processing 8-bit, 16-bit, or 32-bit code units, in either literal or UTF encoding. PCRE2 was first released in 2015 to replace the API in the original PCRE library, which is now obsolete and no longer maintained. As well as a more flexible API, the code of PCRE2 has been much improved since the fork. Download As well as downloading from the GitHub site , you can download PCRE2 or the older, unmaintained PCRE1 library from an unofficial mirror at SourceForge. You can check out the PCRE2 source code via Git or Subversion: git clone https://github.com/PCRE2Project/pcre2.git svn co https://github"
platform/external/pdfium,third_party,,androidbp,"PDFium Prerequisites PDFium uses the same build tooling as Chromium. See the platform-specific Chromium build instructions to get started, but replace Chromium's “Get the code” instructions with PDFium's . Chromium Linux build instructions Chromium Mac build instructions Chromium Windows build instructions CPU Architectures supported The default architecture for Windows, Linux, and Mac is “ x64 ”. On Windows, “ x86 ” is also supported. GN parameter “ target_cpu = ""x86"" ” can be used to override the default value. If you specify Android build, the default CPU architecture will be “ arm ”. It is expected that there are still some places lurking in the code which will not function properly on big-endian architectures. Bugs and/or patches are welcome, however providing this support is not a priority at this time. Google employees Run: download_from_google_storage --config and follow the authentication instructions. Note that you must authenticate with your @google.com credentials . Enter “"
platform/external/perf_data_converter,third_party,,,"Introduction The perf_to_profile binary can be used to turn a perf.data file, which is generated by the linux profiler, perf, into a profile.proto file which can be visualized using the tool pprof. For details on pprof, see https://github.com/google/pprof THIS IS NOT AN OFFICIAL GOOGLE PRODUCT Prerequisites: Protocol buffers: http://github.com/google/protobuf Google Test: http://github.com/google/googletest Compilation: To install all dependences and build the binary, run the following commands. These were tested on Debian GNU/Linux 8 (jessie): sudo apt-get -y install autoconf automake g++ git libelf-dev libssl-dev libtool make pkg-config git clone --recursive https://github.com/google/perf_data_converter.git cd perf_data_converter/src make perf_to_profile If you already have protocol buffers and googletest installed on your system, you can compile using your local packages with the following commands: sudo apt-get -y install autoconf automake g++ git libelf-dev libssl-dev libtool make"
platform/external/perfetto,third_party,google_origin,androidbp,"Perfetto - System profiling, app tracing and trace analysis Perfetto is a production-grade open-source stack for performance instrumentation and trace analysis. It offers services and libraries and for recording system-level and app-level traces, native + java heap profiling, a library for analyzing traces using SQL and a web-based UI to visualize and explore multi-GB traces. See https://perfetto.dev/docs or the /docs/ directory for documentation."
platform/external/perfmark,third_party,,,"PerfMark PerfMark is a low-overhead, manually-instrumented, tracing library for Java. Users can add the tracing function calls to their code to see how long each part takes. Features Very Low Overhead : When enabled, tracing a function call adds about 70ns . Tracing is done in a lock-free, wait-free, thread local buffer, which avoids interfering with your latency-sensitive code. Dynamically Enabled : PerfMark can be enabled or disabled at runtime. When disabled, PerfMark has zero overhead , taking advantage of the JIT compiler to remove the tracing. Inter-thread Communication : Existing profilers have difficulty expressing which thread wakes up and executes work on another thread. PerfMark allows users to express this relationship explicitly, making for a clear picture of how code flows. Small Library Size : The PerfMark tracing API is only 5 KB in size, and has minimal dependencies making it easy to include in other projects. If no backend for recording the trace is present, the libra"
platform/external/pffft,third_party,,androidbp,"PFFFT: a pretty fast FFT and fast convolution with PFFASTCONV Brief Description Why does it exist? CMake History / Origin / Changes Comparison with other FFTs Dependencies / Required Linux packages Benchmarks and results Brief description: PFFFT does 1D Fast Fourier Transforms, of single precision real and complex vectors. It tries do it fast, it tries to be correct, and it tries to be small. Computations do take advantage of SSE1 instructions on x86 cpus, Altivec on powerpc cpus, and NEON on ARM cpus. The license is BSD-like. PFFFT is a fork of Julien Pommier's library on bitbucket with some changes and additions. PFFASTCONV does fast convolution (FIR filtering), of single precision real vectors, utilizing the PFFFT library. The license is BSD-like. PFDSP contains a few other signal processing functions. Currently, mixing and carrier generation functions are contained. It is work in progress - also the API! The fast convolution from PFFASTCONV might get merged into PFDSP. Why does it"
platform/external/piex,third_party,,androidbp,b/26535406
platform/external/pigweed,third_party,google_origin,androidbp,"Pigweed Pigweed is an open source collection of embedded-targeted libraries–or as we like to call them, modules. These modules are building blocks and infrastructure that enable faster and more reliable development on small-footprint MMU-less 32-bit microcontrollers like the STMicroelectronics STM32L452 or the Nordic nRF52832. For more information please see our website: https://pigweed.dev/ . Links Documentation Source Code Code Reviews Mailing List Chat Room Issue Tracker"
platform/external/pigz,third_party,,,Bug: 316037781
platform/external/ping,third_party,,,
platform/external/ping6,third_party,,,
platform/external/pixman,third_party,,,
platform/external/pkg-config,third_party,,,Bug: 288885572
platform/external/ply,third_party,,androidbp,
platform/external/pogreb,third_party,,,Bug: 457231668
platform/external/ppp,third_party,,,
platform/external/private-join-and-compute,third_party,,androidbp,"Private Join and Compute This project contains an implementation of the “Private Join and Compute” functionality. This functionality allows two users, each holding an input file, to privately compute the sum of associated values for records that have common identifiers. In more detail, suppose a Server has a file containing the following identifiers: Identifiers Sam Ada Ruby Brendan And a Client has a file containing the following identifiers, paired with associated integer values: Identifiers Associated Values Ruby 10 Ada 30 Alexander 5 Mika 35 Then the Private Join and Compute functionality would allow the Client to learn that the input files had 2 identifiers in common, and that the associated values summed to 40 . It does this without revealing which specific identifiers were in common (Ada and Ruby in the example above), or revealing anything additional about the other identifiers in the two parties' data set. Private Join and Compute is a variant of the well-studied Private Set I"
platform/external/proguard,third_party,,,
platform/external/protobuf,third_party,,androidbp,"Protocol Buffers - Google's data interchange format Copyright 2008 Google Inc. https://developers.google.com/protocol-buffers/ Overview Protocol Buffers (a.k.a., protobuf) are Google's language-neutral, platform-neutral, extensible mechanism for serializing structured data. You can find protobuf's documentation on the Google Developers site . This README file contains protobuf installation instructions. To install protobuf, you need to install the protocol compiler (used to compile .proto files) and the protobuf runtime for your chosen programming language. Protocol Compiler Installation The protocol compiler is written in C++. If you are using C++, please follow the C++ Installation Instructions to install protoc along with the C++ runtime. For non-C++ users, the simplest way to install the protocol compiler is to download a pre-built binary from our release page: https://github.com/protocolbuffers/protobuf/releases In the downloads section of each release, you can find pre-built bina"
platform/external/protobuf-javalite,third_party,,,Bug: 118344251
platform/external/protobuf2.5,third_party,,,
platform/external/psimd,third_party,,,Bug: 148898539
platform/external/pthreadpool,third_party,,androidbp,"pthreadpool pthreadpool is a portable and efficient thread pool implementation. It provides similar functionality to #pragma omp parallel for , but with additional features. Features: C interface (C++-compatible). 1D-6D loops with step parameters. Run on user-specified or auto-detected number of threads. Work-stealing scheduling for efficient work balancing. Wait-free synchronization of work items. Compatible with Linux (including Android), macOS, iOS, Windows, Emscripten environments. 100% unit tests coverage. Throughput and latency microbenchmarks. Example The following example demonstates using the thread pool for parallel addition of two arrays: static void add_arrays ( struct array_addition_context * context , size_t i ) { context -> sum [ i ] = context -> augend [ i ] + context -> addend [ i ]; } #define ARRAY_SIZE 4 int main () { double augend [ ARRAY_SIZE ] = { 1.0 , 2.0 , 4.0 , - 5.0 }; double addend [ ARRAY_SIZE ] = { 0.25 , - 1.75 , 0.0 , 0.5 }; double sum [ ARRAY_SIZE ]; pt"
platform/external/pthreads,third_party,,,
platform/external/puffin,third_party,,androidbp,Puffin: A deterministic deflate re-compressor (for patching purposes) Table of Contents Contents Table of Contents Puffin puff and huff puffdiff and puffpatch Puffin Patch Format Puffin Stream Format Block Header Format Literals List Copy Length/Distance Building Puffin Usage References
platform/external/python,third_party,,,
platform/external/python/Pillow,third_party,,,
platform/external/python/absl-py,third_party,,androidbp,"Abseil Python Common Libraries This repository is a collection of Python library code for building Python applications. The code is collected from Google's own Python code base, and has been extensively tested and used in production. Features Simple application startup Distributed commandline flags system Custom logging module with additional features Testing utilities Getting Started Installation To install the package, simply run: pip install absl - py Or install from source: python setup . py install Running Tests To run Abseil tests, you can clone the git repo and run bazel : git clone https :// github . com / abseil / abseil - py . git cd abseil - py bazel test absl /... Example Code Please refer to smoke_tests/sample_app.py as an example to get started. Documentation See the Abseil Python Developer Guide . Future Releases The current repository includes an initial set of libraries for early adoption. More components and interoperability with Abseil C++ Common Libraries will come"
platform/external/python/apitools,third_party,,androidbp,Bug: 109674503
platform/external/python/appdirs,third_party,,,
platform/external/python/asn1crypto,third_party,,androidbp,"asn1crypto A fast, pure Python library for parsing and serializing ASN.1 structures. Features Why Another Python ASN.1 Library? Related Crypto Libraries Current Release Dependencies Installation License Security Policy Documentation Continuous Integration Testing Development CI Tasks Features In addition to an ASN.1 BER/DER decoder and DER serializer, the project includes a bunch of ASN.1 structures for use with various common cryptography standards: Standard Module Source X.509 asn1crypto.x509 RFC 5280 CRL asn1crypto.crl RFC 5280 CSR asn1crypto.csr RFC 2986 , RFC 2985 OCSP asn1crypto.ocsp RFC 6960 PKCS#12 asn1crypto.pkcs12 RFC 7292 PKCS#8 asn1crypto.keys RFC 5208 PKCS#1 v2.1 (RSA keys) asn1crypto.keys RFC 3447 DSA keys asn1crypto.keys RFC 3279 Elliptic curve keys asn1crypto.keys SECG SEC1 V2 PKCS#3 v1.4 asn1crypto.algos PKCS#3 v1.4 PKCS#5 v2.1 asn1crypto.algos PKCS#5 v2.1 CMS (and PKCS#7) asn1crypto.cms RFC 5652 , RFC 2315 TSP asn1crypto.tsp RFC 3161 PDF signatures asn1crypto.pdf PDF"
platform/external/python/astroid,third_party,,,Bug: 206146298
platform/external/python/atomicwrites,third_party,,,Bug: 112278131
platform/external/python/attrs,third_party,,,Bug: 112306739
platform/external/python/bumble,third_party,,"androidbp,rust_dir","_ _ _ | | | | | | | |__ _ _ ____ | |__ | | _____ | _ \| | | | \| _ \| || ___ | | |_) ) |_| | | | | |_) ) || ____| |____/|____/|_|_|_|____/ \_)_____) Bluetooth Stack for Apps, Emulation, Test and Experimentation Bumble is a full-featured Bluetooth stack written entirely in Python. It supports most of the common Bluetooth Low Energy (BLE) and Bluetooth Classic (BR/EDR) protocols and profiles, including GAP, L2CAP, ATT, GATT, SMP, SDP, RFCOMM, HFP, HID and A2DP. The stack can be used with physical radios via HCI over USB, UART, or the Linux VHCI, as well as virtual radios, including the virtual Bluetooth support of the Android emulator. Documentation Browse the pre-built Online Documentation , or see the documentation source under docs/mkdocs/src , or build the static HTML site from the markdown text with: mkdocs build -f docs/mkdocs/mkdocs.yml Usage Getting Started For a quick start to using Bumble, see the Getting Started guide. Dependencies To install package dependencies needed to run"
platform/external/python/cachetools,third_party,,androidbp,
platform/external/python/cffi,third_party,,,Bug: 128509540
platform/external/python/cpplint,third_party,,,Bug: 436095022
platform/external/python/cpython2,third_party,,androidbp,
platform/external/python/cpython3,third_party,,androidbp,
platform/external/python/cryptography,third_party,,,Bug: 128513485
platform/external/python/dateutil,third_party,,androidbp,Bug: 80423803
platform/external/python/dill,third_party,,,
platform/external/python/ecdsa,third_party,,,"Pure-Python ECDSA and ECDH This is an easy-to-use implementation of ECC (Elliptic Curve Cryptography) with support for ECDSA (Elliptic Curve Digital Signature Algorithm), EdDSA (Edwards-curve Digital Signature Algorithm) and ECDH (Elliptic Curve Diffie-Hellman), implemented purely in Python, released under the MIT license. With this library, you can quickly create key pairs (signing key and verifying key), sign messages, and verify the signatures. You can also agree on a shared secret key based on exchanged public keys. The keys and signatures are very short, making them easy to handle and incorporate into other protocols. NOTE: This library should not be used in production settings, see Security for more details. Features This library provides key generation, signing, verifying, and shared secret derivation for five popular NIST “Suite B” GF(p) ( prime field ) curves, with key lengths of 192, 224, 256, 384, and 521 bits. The “short names” for these curves, as known by the OpenSSL tool"
platform/external/python/enum,third_party,,,
platform/external/python/enum34,third_party,,,
platform/external/python/fdt,third_party,,,Bug: 509273825
platform/external/python/funcsigs,third_party,,,Bug: 112269520
platform/external/python/future,third_party,,,
platform/external/python/futures,third_party,,androidbp,
platform/external/python/gapic-google-cloud-pubsub-v1,third_party,,,
platform/external/python/google-api-python-client,third_party,,androidbp,"Google API Client This is the Google API Python client library for Google's discovery based APIs. To get started, please see the docs folder . This library is considered complete and is in maintenance mode. This means that we will address critical bugs and security issues but will not add any new features. This library is officially supported by Google. However, the maintainers of this repository recommend using Cloud Client Libraries for Python , where possible, for new code development. For more information, please visit Client Libraries Explained . Version 2.0 Release The 2.0 release of google-api-python-client includes a substantial reliability improvement, compared with 1.x, as discovery documents are now cached in the library rather than fetched dynamically. It is highly recommended to upgrade from v1.x to v2.x. Only python 3.6 and newer is supported. If you are not able to upgrade python, then please continue to use version 1.x as we will continue supporting python 2.7+ in v1 ."
platform/external/python/google-auth,third_party,,,
platform/external/python/google-auth-httplib2,third_party,,,
platform/external/python/google-auth-library-python,third_party,,androidbp,Bug: 209653360
platform/external/python/google-cloud-core,third_party,,,
platform/external/python/google-cloud-pubsub,third_party,,,
platform/external/python/google-gax,third_party,,,
platform/external/python/googleapis,third_party,,,
platform/external/python/grpc-google-iam-v1,third_party,,,
platform/external/python/grpcio,third_party,,,
platform/external/python/httplib2,third_party,,androidbp,"Introduction httplib2 is a comprehensive HTTP client library, httplib2.py supports many features left out of other HTTP libraries. HTTP and HTTPS HTTPS support is only available if the socket module was compiled with SSL support. Keep-Alive Supports HTTP 1.1 Keep-Alive, keeping the socket open and performing multiple requests over the same connection if possible. Authentication The following three types of HTTP Authentication are supported. These can be used over both HTTP and HTTPS. Digest Basic WSSE Caching The module can optionally operate with a private cache that understands the Cache-Control: header and uses both the ETag and Last-Modified cache validators. All Methods The module can handle any HTTP request method, not just GET and POST. Redirects Automatically follows 3XX redirects on GETs. Compression Handles both ‘deflate’ and ‘gzip’ types of compression. Lost update support Automatically adds back ETags into PUT requests to resources we have already cached. This implements Se"
platform/external/python/ipaddress,third_party,,androidbp,"ipaddress Python 3.3+'s ipaddress for Python 2.6, 2.7, 3.2. This repository tracks the latest version from cpython, e.g. ipaddress from cpython 3.8 as of writing. Note that just like in Python 3.3+ you must use character strings and not byte strings for textual IP address representations: >>> from __future__ import unicode_literals >>> ipaddress . ip_address ( '1.2.3.4' ) IPv4Address ( u '1.2.3.4' ) or >>> ipaddress . ip_address ( u '1.2.3.4' ) IPv4Address ( u '1.2.3.4' ) but not: >>> ipaddress . ip_address ( b '1.2.3.4' ) Traceback ( most recent call last ): File ""<stdin>"" , line 1 , in < module > File ""ipaddress.py"" , line 163 , in ip_address ' a unicode object?' % address ) ipaddress . AddressValueError : '1.2.3.4' does not appear to be an IPv4 or IPv6 address . Did you pass in a bytes ( str in Python 2 ) instead of a unicode object ?"
platform/external/python/jinja,third_party,,androidbp,Bug: 199275786
platform/external/python/liboqs-python,third_party,,,"liboqs-python: Python 3 bindings for liboqs About The Open Quantum Safe (OQS) project has the goal of developing and prototyping quantum-resistant cryptography. liboqs-python offers a Python 3 wrapper for the Open Quantum Safe liboqs C library, which is a C library for quantum-resistant cryptographic algorithms. The wrapper is written in Python 3, hence in the following it is assumed that you have access to a Python 3 interpreter. liboqs-python has been extensively tested on Linux, macOS and Windows platforms. Continuous integration is provided via GitHub actions. The project contains the following files and directories: oqs/oqs.py : a Python 3 module wrapper for the liboqs C library. oqs/rand.py : a Python 3 module supporting RNGs from <oqs/rand.h> examples/kem.py : key encapsulation example examples/rand.py : RNG example examples/sig.py : signature example tests : unit tests Pre-requisites liboqs git version control system CMake build system C compliant compiler, e.g., gcc , clang ,"
platform/external/python/mako,third_party,,androidbp,Bug: 312187805
platform/external/python/markupsafe,third_party,,androidbp,Bug: 199275786
platform/external/python/matplotlib,third_party,,,
platform/external/python/mobly,third_party,,androidbp,"Welcome to Mobly Mobly is a Python-based test framework that specializes in supporting test cases that require multiple devices, complex environments, or custom hardware setups. Here are some example use cases: P2P data transfer between two devices Conference calls across three phones Wearable device interacting with a phone Internet-Of-Things devices interacting with each other Testing RF characteristics of devices with special equipment Testing LTE network by controlling phones, base stations, and eNBs Mobly can support many different types of devices and equipment, and it's easy to plug your own device or custom equipment/service into Mobly. Mobly comes with a set of libs to control common devices like Android devices. While developed by Googlers, Mobly is not an official Google product. Compatibility Mobly requires python 3.11 or newer. Mobly tests could run on the following platforms: Ubuntu 14.04+ MacOS 10.6+ Windows 7+ System dependencies adb (1.0.40+ recommended) python3.11+ In"
platform/external/python/mock,third_party,,,Bug: 112163440
platform/external/python/more-itertools,third_party,,,Bug: 112306584
platform/external/python/numpy,third_party,,,
platform/external/python/oauth2client,third_party,,androidbp,"This is a client library for accessing resources protected by OAuth 2.0. Installation To install, simply run the following command in your terminal: $ pip install -- upgrade oauth2client Contributing Please see the CONTRIBUTING page for more information. In particular, we love pull requests -- but please make sure to sign the contributor license agreement. Supported Python Versions We support Python 2.6, 2.7, 3.3+. More information in the docs ."
platform/external/python/olefile,third_party,,,
platform/external/python/packaging,third_party,,,
platform/external/python/parse,third_party,,,
platform/external/python/parse_type,third_party,,androidbp,Bug: 147789339
platform/external/python/pexpect,third_party,,,Bug: 288198139
platform/external/python/pluggy,third_party,,,Bug: 112269632
platform/external/python/ply,third_party,,,
platform/external/python/portpicker,third_party,,androidbp,"Python portpicker module This module is useful for finding unused network ports on a host. If you need legacy Python 2 support, use the 1.3.x releases. This module provides a pure Python pick_unused_port() function. It can also be called via the command line for use in shell scripts. If your code can accept a bound TCP socket rather than a port number consider using socket.bind(('localhost', 0)) to bind atomically to an available port rather than using this library at all. There is a race condition between picking a port and your application code binding to it. The use of a port server by all of your test code to avoid that problem is recommended on loaded test hosts running many tests at a time. Unless you are using a port server, subsequent calls to pick_unused_port() to obtain an additional port are not guaranteed to return a unique port. What is the optional port server? A port server is intended to be run as a daemon, for use by all processes running on the host. It coordinates us"
platform/external/python/proto-google-cloud-pubsub-v1,third_party,,,
platform/external/python/protobuf,third_party,,,
platform/external/python/ptyprocess,third_party,,,Bug: 295559532
platform/external/python/py,third_party,,,Bug: 112269443
platform/external/python/pyasn1,third_party,,androidbp,"ASN.1 library for Python This is a free and open source implementation of ASN.1 types and codecs as a Python package. It has been first written to support particular protocol (SNMP) but then generalized to be suitable for a wide range of protocols based on ASN.1 specification . Features Generic implementation of ASN.1 types (X.208) Standards compliant BER/CER/DER codecs Dumps/loads ASN.1 structures from Python types 100% Python, works with Python 2.4 up to Python 3.7 MT-safe Contributed ASN.1 compiler Asn1ate Why using pyasn1 ASN.1 solves the data serialisation problem. This solution was designed long ago by the wise Ancients. Back then, they did not have the luxury of wasting bits. That is why ASN.1 is designed to serialise data structures of unbounded complexity into something compact and efficient when it comes to processing the data. That probably explains why many network protocols and file formats still rely on the 30+ years old technology. Including a number of high-profile Inte"
platform/external/python/pyasn1-modules,third_party,,androidbp,"ASN.1 modules for Python The pyasn1-modules package contains a collection of ASN.1 data structures expressed as Python classes based on pyasn1 data model. If ASN.1 module you need is not present in this collection, try using Asn1ate tool that compiles ASN.1 documents into pyasn1 code. Feedback If something does not work as expected, open an issue at GitHub or post your question on Stack Overflow New modules contributions are welcome via GitHub pull requests. Copyright (c) 2005-2019, Ilya Etingof . All rights reserved."
platform/external/python/pybind11,third_party,,androidbp,Bug: 144378284
platform/external/python/pycparser,third_party,,androidbp,Bug: 128411419
platform/external/python/pyee,third_party,,androidbp,Bug: 241137299
platform/external/python/pyfakefs,third_party,,androidbp,"pyfakefs pyfakefs implements a fake file system that mocks the Python file system modules. Using pyfakefs, your tests operate on a fake file system in memory without touching the real disk. The software under test requires no modification to work with pyfakefs. Pyfakefs creates a new empty in-memory file system at each test start, which replaces the real filesystem during the test. Think of pyfakefs as making a per-test temporary directory, except for an entire file system. There are several means to achieve this: by using the fs fixture if running pytest, by using fake_filesystem_unittest.TestCase as a base class if using unittest, by using a fake_filesystem_unittest.Patcher instance as a context manager, or by using the patchfs decorator. pyfakefs works with current versions of Linux, Windows and macOS. Documentation This document provides a general overview for pyfakefs. There is more: The documentation at Read the Docs : The Release documentation contains usage documentation for py"
platform/external/python/pyhsslms,third_party,,,"pyhsslms HSS/LMS Digital Signature library for Python PyPI Python Versions GitHub license This Python package contains a free and open source implementation of HSS/LMS Hash-based Digital Signatures as defined in RFC 8554 . Features Generate HSS/LMS private keys and then sign with them Validate signatures with HSS/LMS public keys 100% Python, works with Python 2.7 and 3.5+ How to use pyhsslms Generate a HSS/LMS private key: priv_key = pyhsslms . HssLmsPrivateKey . genkey ( 'mykey' , levels = 2 ) The private key is stored in mykey.prv, and the public key is stored in mykey.pub. Of course, the mykey.prv must be protected from disclosure, and it gets updated every time a signature is created. Restoring mykey.prv from backup can cause a node in the tree to be used more that once, forfeiting all security. Sign a file with a HSS/LMS private key: priv_key . signFile ( 'myfile.txt' ) The private key was generated above is used to sign the content of myfile.txt, and the signature is stored in my"
platform/external/python/pylint,third_party,,,Bug: 206656351
platform/external/python/pyopenssl,third_party,,androidbp,Bug: 128514694
platform/external/python/pyparsing,third_party,,,
platform/external/python/pyserial,third_party,,androidbp,Bug: 228235300
platform/external/python/pytest,third_party,,,Bug: 112306449
platform/external/python/python-api-core,third_party,,androidbp,Bug: 209463871
platform/external/python/pyyaml,third_party,,androidbp,"PyYAML A full-featured YAML processing framework for Python Installation To install, type python setup.py install . By default, the setup.py script checks whether LibYAML is installed and if so, builds and installs LibYAML bindings. To skip the check and force installation of LibYAML bindings, use the option --with-libyaml : python setup.py --with-libyaml install . To disable the check and skip building and installing LibYAML bindings, use --without-libyaml : python setup.py --without-libyaml install . When LibYAML bindings are installed, you may use fast LibYAML-based parser and emitter as follows: >>> yaml.load(stream, Loader=yaml.CLoader) >>> yaml.dump(data, Dumper=yaml.CDumper) If you don't trust the input YAML stream, you should use: >>> yaml.safe_load(stream) Testing PyYAML includes a comprehensive test suite. To run the tests, type python setup.py test . Further Information For more information, check the PyYAML homepage . PyYAML tutorial and reference . Discuss PyYAML with the"
platform/external/python/requests,third_party,,,
platform/external/python/rsa,third_party,,androidbp,"Pure Python RSA implementation Python-RSA is a pure-Python RSA implementation. It supports encryption and decryption, signing and verifying signatures, and key generation according to PKCS#1 version 1.5. It can be used as a Python library as well as on the commandline. The code was mostly written by Sybren A. Stüvel. Documentation can be found at the Python-RSA homepage . For all changes, check the changelog . Download and install using: pip install rsa or download it from the Python Package Index . The source code is maintained at GitHub and is licensed under the Apache License, version 2.0 Security Because of how Python internally stores numbers, it is very hard (if not impossible) to make a pure-Python program secure against timing attacks. This library is no exception, so use it with care. See https://securitypitfalls.wordpress.com/2018/08/03/constant-time-compare-in-python/ for more info. Major changes in 4.1 Version 4.0 was the last version to support Python 2 and 3.4. Version 4."
platform/external/python/scipy,third_party,,,
platform/external/python/setuptools,third_party,,androidbp,
platform/external/python/six,third_party,,androidbp,
platform/external/python/snippet-uiautomator,third_party,,,Bug: 436095022
platform/external/python/timeout-decorator,third_party,,androidbp,Bug: 228457005
platform/external/python/typing,third_party,,androidbp,"Static Typing for Python Documentation and Support The documentation for Python's static typing can be found at typing.readthedocs.io . You can get help either in our support forum or chat with us on Gitter . Improvements to the type system should be discussed on the typing-sig mailing list, although the issues in this repository contain some historic discussions. Repository Content This GitHub repository is used for several things: The typing_extensions module lives in the typing_extensions directory. The documentation at typing.readthedocs.io is maintained in the docs directory . A discussion forum for typing-related user help is hosted here. Historically, this repository hosted a backport of the typing module for older Python versions. The last released version, supporting Python 2.7 and 3.4, is available at PyPI . Workflow See CONTRIBUTING.md for more."
platform/external/python/typing_extensions,third_party,,androidbp,"Typing Extensions Documentation – PyPI Overview The typing_extensions module serves two related purposes: Enable use of new type system features on older Python versions. For example, typing.TypeGuard is new in Python 3.10, but typing_extensions allows users on previous Python versions to use it too. Enable experimentation with new type system PEPs before they are accepted and added to the typing module. typing_extensions is treated specially by static type checkers such as mypy and pyright. Objects defined in typing_extensions are treated the same way as equivalent forms in typing . typing_extensions uses Semantic Versioning . The major version will be incremented only for backwards-incompatible changes. Therefore, it's safe to depend on typing_extensions like this: typing_extensions >=x.y, <(x+1) , where x.y is the first version that includes all features you need. Included items See the documentation for a complete listing of module contents. Contributing See CONTRIBUTING.md for how"
platform/external/python/uritemplates,third_party,,androidbp,
platform/external/python/watchdog,third_party,,androidbp,Bug: 364941711
platform/external/pytorch,third_party,,androidbp,"PyTorch is a Python package that provides two high-level features: Tensor computation (like NumPy) with strong GPU acceleration Deep neural networks built on a tape-based autograd system You can reuse your favorite Python packages such as NumPy, SciPy, and Cython to extend PyTorch when needed. Our trunk health (Continuous Integration signals) can be found at hud.pytorch.org . More About PyTorch A GPU-Ready Tensor Library Dynamic Neural Networks: Tape-Based Autograd Python First Imperative Experiences Fast and Lean Extensions Without Pain Installation Binaries NVIDIA Jetson Platforms From Source Prerequisites NVIDIA CUDA Support AMD ROCm Support Intel GPU Support Get the PyTorch Source Install Dependencies Install PyTorch Adjust Build Options (Optional) Docker Image Using pre-built images Building the image yourself Building the Documentation Previous Versions Getting Started Resources Communication Releases and Contributing The Team License More About PyTorch Learn the basics of PyTorc"
platform/external/qdl,third_party,,,Bug: 436095022
platform/external/qemu,third_party,,,
platform/external/qemu-android,third_party,,,
platform/external/qemu-pc-bios,third_party,,,
platform/external/qpdf,third_party,,,Bug: 436095022
platform/external/qt,third_party,,,
platform/external/qt5,third_party,,,Bug: 308995399
platform/external/quake,third_party,,,
platform/external/r8,third_party,,androidbp,D8 dexer and R8 shrinker The R8 repo contains two tools: D8 is a dexer that converts java byte code to dex code. R8 is a java program shrinking and minification tool that converts java byte code to optimized dex code. D8 is a replacement for the DX dexer and R8 is a replacement for the Proguard shrinking and minification tool. Downloading and building The R8 project uses depot_tools from the chromium project to manage dependencies. Install depot_tools and add it to your path before proceeding. The R8 project uses Java 8 language features and requires a Java 8 compiler and runtime system. Typical steps to download and build: $ git clone https://r8.googlesource.com/r8 $ cd r8 $ tools/gradle.py d8 r8 The tools/gradle.py script will bootstrap using depot_tools to download a version of gradle to use for building on the first run. This will produce two jar files: build/libs/d8.jar and build/libs/r8.jar . Running D8 The D8 dexer has a simple command-line interface with only a few options. The
platform/external/rapidjson,third_party,,androidbp,"A fast JSON parser/generator for C++ with both SAX/DOM style API Tencent is pleased to support the open source community by making RapidJSON available. Copyright (C) 2015 THL A29 Limited, a Tencent company, and Milo Yip. All rights reserved. RapidJSON GitHub RapidJSON Documentation English 简体中文 GitBook with downloadable PDF/EPUB/MOBI, without API reference. Build status Linux Windows Coveralls Introduction RapidJSON is a JSON parser and generator for C++. It was inspired by RapidXml . RapidJSON is small but complete . It supports both SAX and DOM style API. The SAX parser is only a half thousand lines of code. RapidJSON is fast . Its performance can be comparable to strlen() . It also optionally supports SSE2/SSE4.2 for acceleration. RapidJSON is self-contained and header-only . It does not depend on external libraries such as BOOST. It even does not depend on STL. RapidJSON is memory-friendly . Each JSON value occupies exactly 16 bytes for most 32/64-bit machines (excluding text strin"
platform/external/rappor,third_party,,androidbp,"RAPPOR RAPPOR is a novel privacy technology that allows inferring statistics about populations while preserving the privacy of individual users. This repository contains simulation and analysis code in Python and R. For a detailed description of the algorithms, see the paper and links below. Feel free to send feedback to rappor-discuss@googlegroups.com . Running the Demo Although the Python and R libraries should be portable to any platform, our end-to-end demo has only been tested on Linux. If you don't have a Linux box handy, you can view the generated output . To setup your enviroment there are some packages and R dependencies. There is a setup script to install them: $ ./setup.sh Then to build the native components run: $ ./build.sh This compiles and tests the fastrand C extension module for Python, which speeds up the simulation. Finally to run the demo run: $ ./demo.sh The demo strings together the Python and R code. It: Generates simulated input data with different distributions"
platform/external/redhat-developer/lsp4ij,third_party,,,Bug: 407544536
platform/external/regex-re2,third_party,,androidbp,
platform/external/renderscript-intrinsics-replacement-toolkit,third_party,,androidbp,"RenderScript Intrinsics Replacement Toolkit - v0.8 BETA This Toolkit provides a collection of high-performance image manipulation functions like blur, blend, and resize. It can be used as a stand-alone replacement for most of the deprecated RenderScript Intrinsics functions. The Toolkit provides ten image manipulation functions: blend, blur, color matrix, convolve, histogram and histogramDot, LUT (lookup table) and LUT 3D, resize, and YUV to RGB. The Toolkit provides a C++ and a Java/Kotlin interface. It is packaged as an Android library that you can add to your project. These functions execute multithreaded on the CPU. They take advantage of Neon/AdvSimd on Arm processors and SSE on Intel's. Compared to the RenderScript Intrinsics, this Toolkit is simpler to use and twice as fast when executing on the CPU. However RenderScript Intrinsics allow more flexibility for the type of allocations supported. This toolkit does not support allocations of floats; most the functions support ByteArr"
platform/external/replicaisland,third_party,,androidbp,
platform/external/rmi4utils,third_party,,androidbp,
platform/external/rnnoise,third_party,,androidbp,Bug: 159235102
platform/external/robolectric,third_party,,androidbp,"Robolectric is the industry-standard unit testing framework for Android. With Robolectric, your tests run in a simulated Android environment inside a JVM, without the overhead and flakiness of an emulator. Robolectric tests routinely run 10x faster than those on cold-started emulators. Robolectric supports running unit tests for 15 different versions of Android, ranging from Lollipop (API level 21) to V (API level 35). Usage Here's an example of a simple test written using Robolectric: @RunWith ( AndroidJUnit4 . class ) public class MyActivityTest { @Test public void clickingButton_shouldChangeResultsViewText () { Activity activity = Robolectric . setupActivity ( MyActivity . class ); Button button = ( Button ) activity . findViewById ( R . id . press_me_button ); TextView results = ( TextView ) activity . findViewById ( R . id . results_text_view ); button . performClick (); assertThat ( results . getText (). toString (), equalTo ( ""Testing Android Rocks!"" )); } } For more information"
platform/external/robolectric-shadows,third_party,,androidbp,"Robolectric is the industry-standard unit testing framework for Android. With Robolectric, your tests run in a simulated Android environment inside a JVM, without the overhead of an emulator. Usage Here's an example of a simple test written using Robolectric: @RunWith ( RobolectricTestRunner . class ) public class MyActivityTest { @Test public void clickingButton_shouldChangeResultsViewText () throws Exception { Activity activity = Robolectric . setupActivity ( MyActivity . class ); Button button = ( Button ) activity . findViewById ( R . id . press_me_button ); TextView results = ( TextView ) activity . findViewById ( R . id . results_text_view ); button . performClick (); assertThat ( results . getText (). toString (), equalTo ( ""Testing Android Rocks!"" )); } } For more information about how to install and use Robolectric on your project, extend its functionality, and join the community of contributors, please visit http://robolectric.org . Install Starting a New Project If you'd lik"
platform/external/roboto-flex-fonts,third_party,,androidbp,Bug: 276927805
platform/external/roboto-fonts,third_party,,androidbp,
platform/external/roboto-mono,third_party,,,Bug: 457231668
platform/external/rootdev,third_party,,androidbp,
platform/external/rules_pkg,third_party,,,MOVED This repository is deprecated and moved to platform/external/bazelbuild-rules_pkg .
platform/external/rust/android-crates-io,third_party,,,"3rd party Rust crates from crates.io This repository contains Rust crates imported from crates.io for use by the Android platform. The files in this repository are managed by a tool, which you can run from this directory: ./crate_tool help Most of the files here should not be edited manually, and pre-upload checks will catch and prevent such changes. How to edit build rules Do not edit Android.bp files directly. Instead, edit cargo_embargo.json and run ./crate_tool regenerate <crate name> . Refer to the cargo_embargo documentation for more information. How to update a crate Do not use external_updater . Use crate_tool as follows: Finding updatable crates This will print every newer version of every crate: ./crate_tool updatable-crates Analyzing updates for a particular crate To check all newer versions of a crate for potential problems: ./crate_tool analyze-updates <crate name> Updating a crate To update a crate to a specified version: ./crate_tool update <crate name> <version> This do"
platform/external/rust/autocxx,third_party,,,Bug: 288516832
platform/external/rust/beto-rust,third_party,,androidbp,Better Together Core Core rust components to google better together experiences. Projects nearby Core rust components used by the Nearby platform: https://developers.google.com/nearby For more information on building and testing these components see: nearby/README.md Installing Rust Refer to Install Rust curl https :// sh . rustup . rs - sSf | sh We recommend using this plugin https://www.jetbrains.com/rust/
platform/external/rust/crabbyavif,third_party,,"androidbp,cargo,rs_file","Crabby Avif 🦀 Avif parser/decoder implementation in Rust. Feel free to file an issue for any question, suggestion or bug report. Contributions are also welcome, see CONTRIBUTING . Features Supports dav1d, libgav1 or android mediacodec as the underlying AV1 decoder. C API compatible with libavif ..and more Build git clone https :// github . com / webmproject / CrabbyAvif . git # If dav1d system library can be found with pkg-config, this step can be skipped. cd CrabbyAvif / sys / dav1d - sys ./ dav1d . cmd # If libyuv system library can be found with pkg-config, this step can be skipped. cd ../ libyuv - sys ./ libyuv . cmd cd ../.. cargo build Tests cargo test -- -- skip test_conformance Conformance Tests git clone https :// github . com / AOMediaCodec / av1 - avif . git external / av1 - avif git clone https :// github . com / AOMediaCodec / libavif . git external / libavif cd external / libavif / ext ./ dav1d . cmd cd .. cmake - S . - B build - DAVIF_CODEC_DAV1D = LOCAL - DAVIF_LIBYUV ="
platform/external/rust/crates/aarch64-paging,third_party,rust_crates,"androidbp,cargo","aarch64 page table manipulation This crate provides a library to manipulate page tables conforming to the AArch64 Virtual Memory System Architecture. Currently it only supports: stage 1 page tables 4 KiB pages EL3, NS-EL2, NS-EL2&0 and NS-EL1&0 translation regimes This is not an officially supported Google product. License Licensed under either of Apache License, Version 2.0 ( LICENSE-APACHE or http://www.apache.org/licenses/LICENSE-2.0 ) MIT license ( LICENSE-MIT or http://opensource.org/licenses/MIT ) at your option. Contributing If you want to contribute to the project, see details of how we accept contributions ."
platform/external/rust/crates/acpi,third_party,rust_crates,"androidbp,cargo","Acpi Documentation ( rsdp ) Documentation ( acpi ) Documentation ( aml ) A library to parse ACPI tables and AML, written in pure Rust. Designed to be easy to use from Rust bootloaders and kernels. The library is split into three crates: rsdp parses the RSDP and can locate it on BIOS platforms. It does not depend on alloc , so is suitable to use from bootloaders without heap alloctors. All of its functionality is reexported by acpi . acpi parses the static tables (useful but not feature-complete). It can be used from environments that have allocators, and ones that don't (but with reduced functionality). aml parses the AML tables (can be useful, far from feature-complete). There is also the acpi-dumper utility to easily dump a platform's ACPI tables (this currently only works on Linux). Contributing Contributions are more than welcome! You can: Write code - the ACPI spec is huge and there are bound to be things we don't support yet! Improve our documentation! Use the crates within your"
platform/external/rust/crates/addr2line,third_party,rust_crates,,Bug: 276321994
platform/external/rust/crates/adler,third_party,rust_crates,,Bug: 276730760
platform/external/rust/crates/ahash,third_party,rust_crates,"androidbp,cargo,rs_file,rustfmt","aHash AHash is the fastest , DOS resistant hash currently available in Rust. AHash is intended exclusively for use in in-memory hashmaps. AHash's output is of high quality but aHash is not a cryptographically secure hash. Design Because AHash is a keyed hash, each map will produce completely different hashes, which cannot be predicted without knowing the keys. This prevents DOS attacks where an attacker sends a large number of items whose hashes collide that get used as keys in a hashmap. This also avoids accidentally quadratic behavior by reading from one map and writing to another. Goals and Non-Goals AHash does not have a fixed standard for its output. This allows it to improve over time. For example, if any faster algorithm is found, aHash will be updated to incorporate the technique. Similarly, should any flaw in aHash's DOS resistance be found, aHash will be changed to correct the flaw. Because it does not have a fixed standard, different computers or computers on different versi"
platform/external/rust/crates/aho-corasick,third_party,rust_crates,"androidbp,cargo,rustfmt","aho-corasick A library for finding occurrences of many patterns at once with SIMD acceleration in some cases. This library provides multiple pattern search principally through an implementation of the Aho-Corasick algorithm , which builds a finite state machine for executing searches in linear time. Features include case insensitive matching, overlapping matches, fast searching via SIMD and optional full DFA construction and search & replace in streams. Dual-licensed under MIT or the UNLICENSE . Documentation https://docs.rs/aho-corasick Usage Add this to your Cargo.toml : [ dependencies ] aho - corasick = ""0.7"" Example: basic searching This example shows how to search for occurrences of multiple patterns simultaneously. Each match includes the pattern that matched along with the byte offsets of the match. use aho_corasick :: AhoCorasick ; let patterns = &[ ""apple"" , ""maple"" , ""Snapple"" ]; let haystack = ""Nobody likes maple in their apple flavored Snapple."" ; let ac = AhoCorasick :: ne"
platform/external/rust/crates/aliasable,third_party,rust_crates,,Bug: 268355915
platform/external/rust/crates/android_log-sys,third_party,rust_crates,"androidbp,cargo","Bindings to Android log Library License Licensed under either of Apache License, Version 2.0, ( LICENSE-APACHE or http://www.apache.org/licenses/LICENSE-2.0 ) MIT license ( LICENSE-MIT or http://opensource.org/licenses/MIT ) at your option. Contribution Unless you explicitly state otherwise, any contribution intentionally submitted for inclusion in the work by you, as defined in the Apache-2.0 license, shall be dual licensed as above, without any additional terms or conditions."
platform/external/rust/crates/android_logger,third_party,rust_crates,"androidbp,cargo","Send Rust logs to Logcat This library is a drop-in replacement for env_logger . Instead, it outputs messages to android's logcat. This only works on Android and requires linking to log which is only available under android. With Cargo, it is possible to conditionally require this library: [ target . 'cfg(target_os = ""android"")' . dependencies ] android_logger = ""0.13"" Example of initialization on activity creation, with log configuration: #[ macro_use ] extern crate log ; extern crate android_logger ; use log :: LevelFilter ; use android_logger ::{ Config , FilterBuilder }; fn native_activity_create () { android_logger :: init_once ( Config :: default () . with_max_level ( LevelFilter :: Trace ) // limit log level . with_tag ( ""mytag"" ) // logs will show under mytag tag . with_filter ( // configure messages for specific crate FilterBuilder :: new () . parse ( ""debug,hello::crate=error"" ) . build ()) ); trace !( ""this is a verbose {}"" , ""message"" ); error !( ""this is printed by default"""
platform/external/rust/crates/anes,third_party,rust_crates,"androidbp,cargo","ANSI Escape Sequences provider & parser A Rust library which provides an ANSI escape sequences (or codes, whatever you like more) and a parser allowing you to parse data from the STDIN (or /dev/tty ) in the raw mode. Sequences provider Terminal support Not all ANSI escape sequences are supported by all terminals. You can use the interactive-test to test them. Checkout the repository and then: $ cd anes - rs $ cargo run -- bin interactive - test Examples [ dependencies ] anes = ""0.1"" An example how to retrieve the ANSI escape sequence as a String : use anes :: SaveCursorPosition ; fn main () { let string = format !( ""{}"" , SaveCursorPosition ); assert_eq !(& string , ""\x1B7"" ); } An example how to use the ANSI escape sequence: use std :: io ::{ Result , Write }; use anes :: execute ; fn main () -> Result <()> { let mut stdout = std :: io :: stdout (); execute !( & mut stdout , anes :: SaveCursorPosition , anes :: MoveCursorTo ( 10 , 10 ), anes :: RestoreCursorPosition )?; Ok (()) } Sequ"
platform/external/rust/crates/annotate-snippets,third_party,rust_crates,"androidbp,cargo","annotate-snippets annotate-snippets is a Rust library for annotation of programming code slices. The library helps visualize meta information annotating source code slices. It takes a data structure called Snippet on the input and produces a String which may look like this: error [ E0308 ]: mismatched types --> src / format . rs : 52 : 1 | 51 | ) -> Option < String > { | -------------- expected `Option<String>` because of return type 52 | / for ann in annotations { 53 | | match ( ann . range . 0 , ann . range . 1 ) { 54 | | ( None , None ) => continue , 55 | | ( Some ( start ), Some ( end )) if start > end_index => continue , ... | 71 | | } 72 | | } | | _____ ^ expected enum `std::option::Option` , found () Documentation Usage use annotate_snippets ::{ display_list ::{ DisplayList , FormatOptions }, snippet ::{ Annotation , AnnotationType , Slice , Snippet , SourceAnnotation }, }; fn main () { let snippet = Snippet { title : Some ( Annotation { label : Some ( ""expected type, found `22`"
platform/external/rust/crates/anyhow,third_party,rust_crates,"androidbp,cargo,rs_file","Anyhow ¯\_(°ペ)_/¯ This library provides anyhow::Error , a trait object based error type for easy idiomatic error handling in Rust applications. [ dependencies ] anyhow = ""1.0"" Compiler support: requires rustc 1.39+ Details Use Result<T, anyhow::Error> , or equivalently anyhow::Result<T> , as the return type of any fallible function. Within the function, use ? to easily propagate any error that implements the std::error::Error trait. use anyhow :: Result ; fn get_cluster_info () -> Result < ClusterMap > { let config = std :: fs :: read_to_string ( ""cluster.json"" )?; let map : ClusterMap = serde_json :: from_str (& config )?; Ok ( map ) } Attach context to help the person troubleshooting the error understand where things went wrong. A low-level error like “No such file or directory” can be annoying to debug without more context about what higher level step the application was in the middle of. use anyhow ::{ Context , Result }; fn main () -> Result <()> { ... it . detach (). context ( ""F"
platform/external/rust/crates/arbitrary,third_party,rust_crates,"androidbp,cargo","About The Arbitrary crate lets you construct arbitrary instances of a type. This crate is primarily intended to be combined with a fuzzer like libFuzzer and cargo-fuzz or AFL , and to help you turn the raw, untyped byte buffers that they produce into well-typed, valid, structured values. This allows you to combine structure-aware test case generation with coverage-guided, mutation-based fuzzers. Documentation Read the API documentation on docs.rs ! Example Say you're writing a color conversion library, and you have an Rgb struct to represent RGB colors. You might want to implement Arbitrary for Rgb so that you could take arbitrary Rgb instances in a test function that asserts some property (for example, asserting that RGB converted to HSL and converted back to RGB always ends up exactly where we started). Automatically Deriving Arbitrary Automatically deriving the Arbitrary trait is the recommended way to implement Arbitrary for your types. Automatically deriving Arbitrary requires you"
platform/external/rust/crates/arc-swap,third_party,rust_crates,"androidbp,cargo,rustfmt","ArcSwap This provides something similar to what RwLock<Arc<T>> is or what Atomic<Arc<T>> would be if it existed, optimized for read-mostly write-seldom scenarios, with consistent performance characteristics. Read the documentation before using. Rust version policy The 1. version will build on any edition 2018 capable compiler. This does not include: Tests. Tests build and run on recent compilers, mostly because of dependencies. Additional feature flags. Most feature flags are guaranteed to build since the version they are introduced. Experimental features are without any guarantees. License Licensed under either of Apache License, Version 2.0, ( LICENSE-APACHE or http://www.apache.org/licenses/LICENSE-2.0 ) MIT license ( LICENSE-MIT or http://opensource.org/licenses/MIT ) at your option. Contribution Unless you explicitly state otherwise, any contribution intentionally submitted for inclusion in the work by you, as defined in the Apache-2.0 license, shall be dual licensed as above, wit"
platform/external/rust/crates/argh,third_party,rust_crates,"androidbp,cargo","Argh Argh is an opinionated Derive-based argument parser optimized for code size Derive-based argument parsing optimized for code size and conformance to the Fuchsia commandline tools specification The public API of this library consists primarily of the FromArgs derive and the from_env function, which can be used to produce a top-level FromArgs type from the current program's commandline arguments. Basic Example use argh :: FromArgs ; #[derive(FromArgs)] /// Reach new heights. struct GoUp { /// whether or not to jump #[argh(switch, short = 'j')] jump : bool , /// how high to go #[argh(option)] height : usize , /// an optional nickname for the pilot #[argh(option)] pilot_nickname : Option < String >, } fn main () { let up : GoUp = argh :: from_env (); } ./some_bin --help will then output the following: Usage: cmdname [-j] --height <height> [--pilot-nickname <pilot-nickname>] Reach new heights. Options: -j, --jump whether or not to jump --height how high to go --pilot-nickname an option"
platform/external/rust/crates/argh_derive,third_party,rust_crates,"androidbp,cargo","Argh Argh is an opinionated Derive-based argument parser optimized for code size Derive-based argument parsing optimized for code size and conformance to the Fuchsia commandline tools specification The public API of this library consists primarily of the FromArgs derive and the from_env function, which can be used to produce a top-level FromArgs type from the current program's commandline arguments. Basic Example use argh :: FromArgs ; #[derive(FromArgs)] /// Reach new heights. struct GoUp { /// whether or not to jump #[argh(switch, short = 'j')] jump : bool , /// how high to go #[argh(option)] height : usize , /// an optional nickname for the pilot #[argh(option)] pilot_nickname : Option < String >, } fn main () { let up : GoUp = argh :: from_env (); } ./some_bin --help will then output the following: Usage: cmdname [-j] --height <height> [--pilot-nickname <pilot-nickname>] Reach new heights. Options: -j, --jump whether or not to jump --height how high to go --pilot-nickname an option"
platform/external/rust/crates/argh_shared,third_party,rust_crates,"androidbp,cargo","Argh Argh is an opinionated Derive-based argument parser optimized for code size Derive-based argument parsing optimized for code size and conformance to the Fuchsia commandline tools specification The public API of this library consists primarily of the FromArgs derive and the from_env function, which can be used to produce a top-level FromArgs type from the current program's commandline arguments. Basic Example use argh :: FromArgs ; #[derive(FromArgs)] /// Reach new heights. struct GoUp { /// whether or not to jump #[argh(switch, short = 'j')] jump : bool , /// how high to go #[argh(option)] height : usize , /// an optional nickname for the pilot #[argh(option)] pilot_nickname : Option < String >, } fn main () { let up : GoUp = argh :: from_env (); } ./some_bin --help will then output the following: Usage: cmdname [-j] --height <height> [--pilot-nickname <pilot-nickname>] Reach new heights. Options: -j, --jump whether or not to jump --height how high to go --pilot-nickname an option"
platform/external/rust/crates/arrayvec,third_party,rust_crates,"androidbp,cargo","arrayvec OR A vector with fixed capacity. Please read the API documentation here License Dual-licensed to be compatible with the Rust project. Licensed under the Apache License, Version 2.0 http://www.apache.org/licenses/LICENSE-2.0 or the MIT license http://opensource.org/licenses/MIT , at your option. This file may not be copied, modified, or distributed except according to those terms."
platform/external/rust/crates/ash,third_party,rust_crates,"androidbp,cargo,rs_file","Ash A very lightweight wrapper around Vulkan Overview [x] A true Vulkan API without compromises [x] Convenience features without limiting functionality [x] Additional type safety [x] Device local function pointer loading [x] No validation, everything is unsafe [x] Generated from vk.xml [x] Support for Vulkan 1.1 , 1.2 , 1.3 ⚠️ Semver compatibility warning The Vulkan Video bindings are experimental and still seeing breaking changes in their upstream specification, and are only provided by Ash for early adopters. All related functions and types are semver-exempt [^1] (we allow breaking API changes while releasing Ash with non-breaking semver bumps). [^1]: generator complexity makes it so that we cannot easily hide these bindings behind a non- default feature flag, and they are widespread across the generated codebase. Features Explicit returns with Result // function signature pub fn create_instance (& self , create_info : & vk :: InstanceCreateInfo , allocation_callbacks : Option <& vk"
platform/external/rust/crates/asn1-rs,third_party,rust_crates,"androidbp,cargo","BER/DER Parsers/Encoders A set of parsers/encoders for Basic Encoding Rules (BER [ X.690 ]) and Distinguished Encoding Rules(DER [ X.690 ]) formats, implemented with the nom parser combinator framework. It is written in pure Rust, fast, and makes extensive use of zero-copy. A lot of care is taken to ensure security and safety of this crate, including design (recursion limit, defensive programming), tests, and fuzzing. It also aims to be panic-free. This crate is a rewrite of der-parser to propose a more data-oriented API, and add generalized support for serialization. Many ideas were borrowed from the crypto/utils/der crate (like the Any / TryFrom / FromDer mechanism), adapted and merged into a generalized BER/DER crate. Credits (and many thanks) go to Tony Arcieri for writing the original crate. BER/DER parsers BER stands for Basic Encoding Rules, and is defined in [ X.690 ]. It defines a set of rules to encode and decode ASN.1 [ X.680 ] objects in binary. [ X.690 ] also defines Disti"
platform/external/rust/crates/asn1-rs-derive,third_party,rust_crates,"androidbp,cargo",Bug: 312436720
platform/external/rust/crates/asn1-rs-impl,third_party,rust_crates,"androidbp,cargo",Bug: 312436741
platform/external/rust/crates/async-stream,third_party,rust_crates,"androidbp,cargo","Asynchronous streams for Rust Asynchronous stream of elements. Provides two macros, stream! and try_stream! , allowing the caller to define asynchronous streams of elements. These are implemented using async & await notation. This crate works without unstable features. The stream! macro returns an anonymous type implementing the Stream trait. The Item associated type is the type of the values yielded from the stream. The try_stream! also returns an anonymous type implementing the Stream trait, but the Item associated type is Result<T, Error> . The try_stream! macro supports using ? notation as part of the implementation. Usage A basic stream yielding numbers. Values are yielded using the yield keyword. The stream block must return () . use async_stream :: stream ; use futures_util :: pin_mut ; use futures_util :: stream :: StreamExt ; #[ tokio :: main ] async fn main () { let s = stream ! { for i in 0. . 3 { yield i ; } }; pin_mut !( s ); // needed for iteration while let Some ( value"
platform/external/rust/crates/async-stream-impl,third_party,rust_crates,"androidbp,cargo",Bug: 180537538
platform/external/rust/crates/async-task,third_party,rust_crates,"androidbp,cargo","async-task Task abstraction for building executors. To spawn a future onto an executor, we first need to allocate it on the heap and keep some state attached to it. The state indicates whether the future is ready for polling, waiting to be woken up, or completed. Such a stateful future is called a task . All executors have a queue that holds scheduled tasks: let ( sender , receiver ) = flume :: unbounded (); A task is created using either spawn() , spawn_local() , or spawn_unchecked() which return a Runnable and a Task : // A future that will be spawned. let future = async { 1 + 2 }; // A function that schedules the task when it gets woken up. let schedule = move | runnable | sender . send ( runnable ). unwrap (); // Construct a task. let ( runnable , task ) = async_task :: spawn ( future , schedule ); // Push the task into the queue by invoking its schedule function. runnable . schedule (); The Runnable is used to poll the task's future, and the Task is used to await its output. Final"
platform/external/rust/crates/async-trait,third_party,rust_crates,"androidbp,cargo,rs_file","Async trait methods The initial round of stabilizations for the async/await language feature in Rust 1.39 did not include support for async fn in traits. Trying to include an async fn in a trait produces the following error: trait MyTrait { async fn f () {} } error [ E0706 ]: trait fns cannot be declared `async` --> src / main . rs : 4 : 5 | 4 | async fn f () {} | ^^^^^^^^^^^^^^^ This crate provides an attribute macro to make async fn in traits work. Please refer to why async fn in traits are hard for a deeper analysis of how this implementation differs from what the compiler and language hope to deliver in the future. Example This example implements the core of a highly effective advertising platform using async fn in a trait. The only thing to notice here is that we write an #[async_trait] macro on top of traits and trait impls that contain async fn, and then they work. use async_trait :: async_trait ; #[ async_trait ] trait Advertisement { async fn run (& self ); } struct Modal ; #["
platform/external/rust/crates/atomic,third_party,rust_crates,"androidbp,cargo","Generic Atomic<T> for Rust A Rust library which provides a generic Atomic<T> type for all T: NoUninit types, unlike the standard library which only provides a few fixed atomic types ( AtomicBool , AtomicIsize , AtomicUsize , AtomicPtr ). The NoUninit bound is from the bytemuck crate, and indicates that a type has no internal padding bytes. You will need to derive or implement this trait for all types used with Atomic<T> . This library will use native atomic instructions if possible, and will otherwise fall back to a lock-based mechanism. You can use the Atomic::<T>::is_lock_free() function to check whether native atomic operations are supported for a given type. Note that a type must have a power-of-2 size and alignment in order to be used by native atomic instructions. This crate uses #![no_std] and only depends on libcore. Documentation Usage Add this to your Cargo.toml : [ dependencies ] atomic = ""0.6"" and this to your crate root: extern crate atomic ; License Licensed under either"
platform/external/rust/crates/atomic-polyfill,third_party,rust_crates,,Bug: 276733472
platform/external/rust/crates/atty,third_party,rust_crates,"androidbp,cargo,rustfmt","atty are you or are you not a tty? install Add the following to your Cargo.toml [ dependencies ] atty = ""0.2"" usage use atty :: Stream ; fn main () { if atty :: is ( Stream :: Stdout ) { println !( ""I'm a terminal"" ); } else { println !( ""I'm not"" ); } } testing This library has been unit tested on both unix and windows platforms (via appveyor). A simple example program is provided in this repo to test various tty's. By default. It prints $ cargo run -- example atty stdout ? true stderr ? true stdin ? true To test std in, pipe some text to the program $ echo ""test"" | cargo run -- example atty stdout ? true stderr ? true stdin ? false To test std out, pipe the program to something $ cargo run -- example atty | grep std stdout ? false stderr ? true stdin ? true To test std err, pipe the program to something redirecting std err $ cargo run -- example atty 2 >& 1 | grep std stdout ? false stderr ? false stdin ? true Doug Tangren (softprops) 2015-2019"
platform/external/rust/crates/axum,third_party,rust_crates,"androidbp,cargo,rs_file","axum axum is a web application framework that focuses on ergonomics and modularity. More information about this crate can be found in the crate documentation . High level features Route requests to handlers with a macro free API. Declaratively parse requests using extractors. Simple and predictable error handling model. Generate responses with minimal boilerplate. Take full advantage of the tower and tower-http ecosystem of middleware, services, and utilities. In particular the last point is what sets axum apart from other frameworks. axum doesn't have its own middleware system but instead uses tower::Service . This means axum gets timeouts, tracing, compression, authorization, and more, for free. It also enables you to share middleware with applications written using hyper or tonic . Usage example use axum ::{ routing ::{ get , post }, http :: StatusCode , response :: IntoResponse , Json , Router , }; use serde ::{ Deserialize , Serialize }; use std :: net :: SocketAddr ; #[ tokio ::"
platform/external/rust/crates/axum-core,third_party,rust_crates,"androidbp,cargo,rs_file","axum-core Core types and traits for axum. More information about this crate can be found in the crate documentation . Safety This crate uses #![forbid(unsafe_code)] to ensure everything is implemented in 100% safe Rust. Minimum supported Rust version axum-core's MSRV is 1.56. Getting Help You're also welcome to ask in the Discord channel or open an issue with your question. Contributing :balloon: Thanks for your help improving the project! We are so happy to have you! We have a contributing guide to help you get involved in the axum project. License This project is licensed under the MIT license . Contribution Unless you explicitly state otherwise, any contribution intentionally submitted for inclusion in axum by you, shall be licensed as MIT, without any additional terms or conditions."
platform/external/rust/crates/base64,third_party,rust_crates,"androidbp,cargo","base64 Made with CLion. Thanks to JetBrains for supporting open source! It's base64. What more could anyone want? This library‘s goals are to be correct and fast . It’s thoroughly tested and widely used. It exposes functionality at multiple levels of abstraction so you can choose the level of convenience vs performance that you want, e.g. decode_engine_slice decodes into an existing &mut [u8] and is pretty fast (2.6GiB/s for a 3 KiB input), whereas decode_engine allocates a new Vec<u8> and returns it, which might be more convenient in some cases, but is slower (although still fast enough for almost any purpose) at 2.1 GiB/s. See the docs for all the details. FAQ I need to decode base64 with whitespace/null bytes/other random things interspersed in it. What should I do? Remove non-base64 characters from your input before decoding. If you have a Vec of base64, retain can be used to strip out whatever you need removed. If you have a Read (e.g. reading a file or network socket), there are"
platform/external/rust/crates/bencher,third_party,rust_crates,"androidbp,cargo,rs_file",Bug: 175869081
platform/external/rust/crates/bincode,third_party,rust_crates,"androidbp,cargo","Bincode A compact encoder / decoder pair that uses a binary zero-fluff encoding scheme. The size of the encoded object will be the same or smaller than the size that the object takes up in memory in a running Rust program. In addition to exposing two simple functions (one that encodes to Vec<u8> , and one that decodes from &[u8] ), binary-encode exposes a Reader/Writer API that makes it work perfectly with other stream-based APIs such as Rust files, network streams, and the flate2-rs compression library. API Documentation Bincode in the wild google/tarpc : Bincode is used to serialize and deserialize networked RPC messages. servo/webrender : Bincode records webrender API calls for record/replay-style graphics debugging. servo/ipc-channel : IPC-Channel uses Bincode to send structs between processes using a channel-like API. Example use serde ::{ Serialize , Deserialize }; #[ derive ( Serialize , Deserialize , PartialEq , Debug )] struct Entity { x : f32 , y : f32 , } #[ derive ( Seriali"
platform/external/rust/crates/bindgen,third_party,rust_crates,"androidbp,cargo,rs_file","bindgen bindgen automatically generates Rust FFI bindings to C (and some C++) libraries. For example, given the C header doggo.h : typedef struct Doggo { int many ; char wow ; } Doggo ; void eleven_out_of_ten_majestic_af ( Doggo * pupper ); bindgen produces Rust FFI code allowing you to call into the doggo library's functions and use its types: /* automatically generated by rust-bindgen 0.99.9 */ #[ repr ( C )] pub struct Doggo { pub many : :: std :: os :: raw :: c_int , pub wow : :: std :: os :: raw :: c_char , } extern ""C"" { pub fn eleven_out_of_ten_majestic_af ( pupper : * mut Doggo ); } Users Guide 📚 Read the bindgen users guide here! 📚 MSRV The bindgen minimum supported Rust version is 1.60.0 . The bindgen-cli minimum supported Rust version is 1.64.0 . No MSRV bump policy has been established yet, so MSRV may increase in any release. The MSRV is the minimum Rust version that can be used to compile each crate. However, bindgen and bindgen-cli can generate bindings that are compatib"
platform/external/rust/crates/bindgen-cli,third_party,rust_crates,"androidbp,cargo,rs_file","bindgen bindgen automatically generates Rust FFI bindings to C (and some C++) libraries. For example, given the C header doggo.h : typedef struct Doggo { int many ; char wow ; } Doggo ; void eleven_out_of_ten_majestic_af ( Doggo * pupper ); bindgen produces Rust FFI code allowing you to call into the doggo library's functions and use its types: /* automatically generated by rust-bindgen 0.99.9 */ #[ repr ( C )] pub struct Doggo { pub many : :: std :: os :: raw :: c_int , pub wow : :: std :: os :: raw :: c_char , } extern ""C"" { pub fn eleven_out_of_ten_majestic_af ( pupper : * mut Doggo ); } Users Guide 📚 Read the bindgen users guide here! 📚 MSRV The bindgen minimum supported Rust version is 1.60.0 . The bindgen-cli minimum supported Rust version is 1.64.0 . No MSRV bump policy has been established yet, so MSRV may increase in any release. The MSRV is the minimum Rust version that can be used to compile each crate. However, bindgen and bindgen-cli can generate bindings that are compatib"
platform/external/rust/crates/bit_field,third_party,rust_crates,"androidbp,cargo","bit_field A simple crate which provides the BitField trait, which provides methods for operating on individual bits and ranges of bits on Rust's integral types. Documentation Documentation is available on docs.rs Usage [ dependencies ] bit_field = ""0.10.1"" Example extern crate bit_field ; use bit_field :: BitField ; let mut x : u8 = 0 ; x . set_bit ( 7 , true ); assert_eq !( x , 0b1000 _0000 ); x . set_bits ( 0. . 4 , 0b1001 ); assert_eq !( x , 0b1000 _1001 ); License This crate is dual-licensed under MIT or the Apache License (Version 2.0). See LICENSE-APACHE and LICENSE-MIT for details."
platform/external/rust/crates/bitflags,third_party,rust_crates,"androidbp,cargo","bitflags bitflags generates flags enums with well-defined semantics and ergonomic end-user APIs. You can use bitflags to: provide more user-friendly bindings to C APIs where flags may or may not be fully known in advance. generate efficient options types with string parsing and formatting support. You can't use bitflags to: guarantee only bits corresponding to defined flags will ever be set. bitflags allows access to the underlying bits type so arbitrary bits may be set. define bitfields. bitflags only generates types where set bits denote the presence of some combination of flags. Documentation Specification Release notes Usage Add this to your Cargo.toml : [ dependencies ] bitflags = ""2.5.0"" and this to your source code: use bitflags :: bitflags ; Example Generate a flags structure: use bitflags :: bitflags ; // The `bitflags!` macro generates `struct`s that manage a set of flags. bitflags ! { /// Represents a set of flags. #[ derive ( Debug , Clone , Copy , PartialEq , Eq , PartialO"
platform/external/rust/crates/bitreader,third_party,rust_crates,"androidbp,cargo","BitReader BitReader is a helper type to extract strings of bits from a slice of bytes. Here is how you read first a single bit, then three bits and finally four bits from a byte buffer: use bitreader::BitReader; let slice_of_u8 = &[0b1000_1111]; let mut reader = BitReader::new(slice_of_u8); // You obviously should use try! or some other error handling mechanism here let a_single_bit = reader.read_u8(1).unwrap(); // 1 let more_bits = reader.read_u8(3).unwrap(); // 0 let last_bits_of_byte = reader.read_u8(4).unwrap(); // 0b1111 You can naturally read bits from longer buffer of data than just a single byte. As you read bits, the internal cursor of BitReader moves on along the stream of bits. Big endian format is assumed when reading the multi-byte values. BitReader supports reading maximum of 64 bits at a time (with read_u64). License Licensed under the Apache License, Version 2.0 or the MIT license, at your option."
platform/external/rust/crates/bstr,third_party,rust_crates,"androidbp,cargo,rustfmt","bstr This crate provides extension traits for &[u8] and Vec<u8> that enable their use as byte strings, where byte strings are conventionally UTF-8. This differs from the standard library's String and str types in that they are not required to be valid UTF-8, but may be fully or partially valid UTF-8. Documentation https://docs.rs/bstr When should I use byte strings? See this part of the documentation for more details: https://docs.rs/bstr/1.*/bstr/#when-should-i-use-byte-strings . The short story is that byte strings are useful when it is inconvenient or incorrect to require valid UTF-8. Usage Add this to your Cargo.toml : [ dependencies ] bstr = ""1"" Examples The following two examples exhibit both the API features of byte strings and the I/O convenience functions provided for reading line-by-line quickly. This first example simply shows how to efficiently iterate over lines in stdin, and print out lines containing a particular substring: use std ::{ error :: Error , io ::{ self , Writ"
platform/external/rust/crates/buddy_system_allocator,third_party,rust_crates,"androidbp,cargo","buddy_system_allocator An (almost) drop-in replacement for phil-opp/linked-list-allocator . But it uses buddy system instead. Usage To use buddy_system_allocator for global allocator: use buddy_system_allocator :: LockedHeap ; #[ global_allocator ] static HEAP_ALLOCATOR : LockedHeap = LockedHeap ::< 32 >:: empty (); To init the allocator: unsafe { HEAP_ALLOCATOR . lock (). init ( heap_start , heap_size ); // or HEAP_ALLOCATOR . lock (). add_to_heap ( heap_start , heap_end ); } You can also use FrameAllocator and LockedHeapWithRescue , see their documentation for usage. Features use_spin (default): Provide a LockedHeap type that implements the GlobalAlloc trait by using a spinlock. const_fn (nightly only): Provide const fn version of LockedHeapWithRescue::new . License Some code comes from phil-opp's linked-list-allocator. Licensed under MIT License. Thanks phill-opp's linked-list-allocator for inspirations and interface."
platform/external/rust/crates/bytemuck,third_party,rust_crates,"androidbp,cargo,rustfmt","Latest Docs.rs Here bytemuck A crate for mucking around with piles of bytes. This crate lets you safely perform “bit cast” operations between data types. That's where you take a value and just reinterpret the bits as being some other type of value, without changing the bits. This is not like the as keyword This is not like the From trait It is most like f32::to_bits , just generalized to let you convert between all sorts of data types. Here‘s the part you’re more likely to care about: you can do this with slices too! When a slice is involved it‘s not a direct bitcast. Instead, the cast_slice and cast_slice_mut functions will pull apart a slice’s data and give you a new slice that‘s the same span of memory just viewed as the new type. If the size of the slice’s element changes then the length of the slice you get back will be changed accordingly. This lets you cast a slice of color values into a slice of u8 and send it to the GPU, or things like that. I‘m sure there’s other examples, bu"
platform/external/rust/crates/bytemuck_derive,third_party,rust_crates,"androidbp,cargo","bytemuck_derive Derive macros for bytemuck traits. MSRV: None! This is an opt-in bonus feature for bytemuck that doesn‘t particularly do anything you couldn’t do yourself, and so MSRV is not a strong consideration for this crate."
platform/external/rust/crates/byteorder,third_party,rust_crates,"androidbp,cargo,rustfmt","byteorder This crate provides convenience methods for encoding and decoding numbers in either big-endian or little-endian order. Dual-licensed under MIT or the UNLICENSE . Documentation https://docs.rs/byteorder Installation This crate works with Cargo and is on crates.io . Add it to your Cargo.toml like so: [ dependencies ] byteorder = ""1"" If you want to augment existing Read and Write traits, then import the extension methods like so: use byteorder ::{ ReadBytesExt , WriteBytesExt , BigEndian , LittleEndian }; For example: use std :: io :: Cursor ; use byteorder ::{ BigEndian , ReadBytesExt }; let mut rdr = Cursor :: new ( vec ![ 2 , 5 , 3 , 0 ]); // Note that we use type parameters to indicate which kind of byte order // we want! assert_eq !( 517 , rdr . read_u16 ::< BigEndian >(). unwrap ()); assert_eq !( 768 , rdr . read_u16 ::< BigEndian >(). unwrap ()); no_std crates This crate has a feature, std , that is enabled by default. To use this crate in a no_std context, add the follow"
platform/external/rust/crates/bytes,third_party,rust_crates,"androidbp,cargo","Bytes A utility library for working with bytes. Documentation Usage To use bytes , first add this to your Cargo.toml : [ dependencies ] bytes = ""1"" Next, add this to your crate: use bytes ::{ Bytes , BytesMut , Buf , BufMut }; Serde support Serde support is optional and disabled by default. To enable use the feature serde . [ dependencies ] bytes = { version = ""1"" , features = [ ""serde"" ] } Building documentation When building the bytes documentation the docsrs option should be used, otherwise feature gates will not be shown. This requires a nightly toolchain: RUSTDOCFLAGS=""--cfg docsrs"" cargo +nightly doc License This project is licensed under the MIT license . Contribution Unless you explicitly state otherwise, any contribution intentionally submitted for inclusion in bytes by you, shall be licensed as MIT, without any additional terms or conditions."
platform/external/rust/crates/bzip2,third_party,rust_crates,,Bug: 180073048
platform/external/rust/crates/bzip2-sys,third_party,rust_crates,,Bug: 180074131
platform/external/rust/crates/camino,third_party,rust_crates,"androidbp,cargo,rs_file,rustfmt","camino - UTF-8 paths This repository contains the source code for camino , an extension of the std::path module that adds new Utf8PathBuf and Utf8Path types. What is camino? camino ‘s Utf8PathBuf and Utf8Path types are like the standard library’s PathBuf and Path types, except they are guaranteed to only contain UTF-8 encoded data. Therefore, they expose the ability to get their contents as strings, they implement Display , etc. The std::path types are not guaranteed to be valid UTF-8. This is the right decision for the standard library, since it must be as general as possible. However, on all platforms, non-Unicode paths are vanishingly uncommon for a number of reasons: Unicode won. There are still some legacy codebases that store paths in encodings like Shift JIS , but most have been converted to Unicode at this point. Unicode is the common subset of supported paths across Windows and Unix platforms. (On Windows, Rust stores paths as an extension to UTF-8 , and converts them to UTF-1"
platform/external/rust/crates/cast,third_party,rust_crates,"androidbp,cargo","cast Ergonomic, checked cast functions for primitive types extern crate cast ; // `u8` and `u16` are checked cast functions, use them to cast from any numeric // primitive to `u8`/`u16` respectively use cast ::{ u8 , u16 , Error }; // Infallible operations, like integer promotion, are equivalent to a normal // cast with `as` assert_eq !( u16 ( 0u8 ), 0u16 ); // Everything else will return a `Result` depending on the success of the // operation assert_eq !( u8 ( 0u16 ), Ok ( 0u8 )); assert_eq !( u8 ( 256u16 ), Err ( Error :: Overflow )); assert_eq !( u8 (- 1i8 ), Err ( Error :: Underflow )); assert_eq !( u8 ( 1. / 0. ), Err ( Error :: Infinite )); assert_eq !( u8 ( 0. / 0. ), Err ( Error :: NaN )); API docs License Licensed under either of Apache License, Version 2.0 ( LICENSE-APACHE or http://www.apache.org/licenses/LICENSE-2.0 ) MIT license ( LICENSE-MIT or http://opensource.org/licenses/MIT ) at your option. Contribution Unless you explicitly state otherwise, any contribution intenti"
platform/external/rust/crates/cbindgen,third_party,rust_crates,"androidbp,cargo,rs_file","cbindgen Read the full user docs here! cbindgen creates C/C++11 headers for Rust libraries which expose a public C API. While you could do this by hand, it‘s not a particularly good use of your time. It’s also much more likely to be error-prone than machine-generated headers that are based on your actual Rust code. The cbindgen developers have also worked closely with the developers of Rust to ensure that the headers we generate reflect actual guarantees about Rust's type layout and ABI. C++ headers are nice because we can use operator overloads, constructors, enum classes, and templates to make the API more ergonomic and Rust-like. C headers are nice because you can be more confident that whoever you‘re interoperating with can handle them. With cbindgen *you don’t need to choose*! You can just tell it to emit both from the same Rust library. There are two ways to use cbindgen: as a standalone program, or as a library (presumably in your build.rs). There isn't really much practical dif"
platform/external/rust/crates/cc,third_party,rust_crates,,Bug: 276730752
platform/external/rust/crates/cesu8,third_party,rust_crates,"androidbp,cargo","CESU-8 encoder/decoder for Rust Documentation . Convert between ordinary UTF-8 and CESU-8 encodings. CESU-8 encodes characters outside the Basic Multilingual Plane as two UTF-16 surrogate chacaters, which are then further re-encoded as invalid, 3-byte UTF-8 characters. This means that 4-byte UTF-8 sequences become 6-byte CESU-8 sequences. Note that CESU-8 is only intended for internal use within tightly-coupled systems, and not for data interchange. This encoding is sometimes needed when working with Java, Oracle or MySQL, and when trying to store emoji, hieroglyphs, or other characters on the Supplementary Multilingual Plane or the Supplementary Ideographic Plane. License Some of this code is adapted from Rust's src/libcore/str.rs file . This code is covered by LICENSE-RUST.txt and copyright by The Rust Project Developers and individual Rust contributors, as described in that file. The new code in this project is distributed under the same terms."
platform/external/rust/crates/cexpr,third_party,rust_crates,"androidbp,cargo,rustfmt",Bug: 154342253
platform/external/rust/crates/cfg-if,third_party,rust_crates,"androidbp,cargo","cfg-if Documentation A macro to ergonomically define an item depending on a large number of #[cfg] parameters. Structured like an if-else chain, the first matching branch is the item that gets emitted. [ dependencies ] cfg - if = ""0.1"" Example cfg_if :: cfg_if ! { if #[ cfg ( unix )] { fn foo () { /* unix specific functionality */ } } else if #[ cfg ( target_pointer_width = ""32"" )] { fn foo () { /* non-unix, 32-bit functionality */ } } else { fn foo () { /* fallback implementation */ } } } fn main () { foo (); } License This project is licensed under either of Apache License, Version 2.0, ( LICENSE-APACHE or http://www.apache.org/licenses/LICENSE-2.0 ) MIT license ( LICENSE-MIT or http://opensource.org/licenses/MIT ) at your option. Contribution Unless you explicitly state otherwise, any contribution intentionally submitted for inclusion in cfg-if by you, as defined in the Apache-2.0 license, shall be dual licensed as above, without any additional terms or conditions."
platform/external/rust/crates/chrono,third_party,rust_crates,"androidbp,cargo,rustfmt","Chrono : Timezone-aware date and time handling Chrono aims to provide all functionality needed to do correct operations on dates and times in the proleptic Gregorian calendar : The DateTime type is timezone-aware by default, with separate timezone-naive types. Operations that may produce an invalid or ambiguous date and time return Option or LocalResult . Configurable parsing and formatting with an strftime inspired date and time formatting syntax. The Local timezone works with the current timezone of the OS. Types and operations are implemented to be reasonably efficient. Timezone data is not shipped with chrono by default to limit binary sizes. Use the companion crate Chrono-TZ or tzfile for full timezone support. Documentation See docs.rs for the API reference. Limitations Only the proleptic Gregorian calendar (i.e. extended to support older dates) is supported. Date types are limited to about +/- 262,000 years from the common epoch. Time types are limited to nanosecond accuracy. Le"
platform/external/rust/crates/ciborium,third_party,rust_crates,"androidbp,cargo","ciborium Welcome to Ciborium! Ciborium contains CBOR serialization and deserialization implementations for serde. Quick Start You're probably looking for from_reader() and into_writer() , which are the main functions. Note that byte slices are also readers and writers and can be passed to these functions just as streams can. For dynamic CBOR value creation/inspection, see Value . Design Decisions Always Serialize Numeric Values to the Smallest Size Although the CBOR specification has differing numeric widths, this is only a form of compression on the wire and is not intended to directly represent an “integer width” or “float width.” Therefore, ciborium always serializes numbers to the smallest possible lossless encoding. For example, we serialize 1u128 as a single byte ( 01 ). Likewise, we will also freely decode that single byte into a u128 . While there is some minor performance cost for this, there are several reasons for this choice. First, the specification seems to imply it by us"
platform/external/rust/crates/ciborium-io,third_party,rust_crates,"androidbp,cargo","ciborium-io Simple, Low-level I/O traits This crate provides two simple traits: Read and Write . These traits mimic their counterparts in std::io , but are trimmed for simplicity and can be used in no_std and no_alloc environments. Since this crate contains only traits, inline functions and unit structs, it should be a zero-cost abstraction. If the std feature is enabled, we provide blanket implementations for all std::io types. If the alloc feature is enabled, we provide implementations for Vec<u8> . In all cases, you get implementations for byte slices. You can, of course, implement the traits for your own types. License: Apache-2.0"
platform/external/rust/crates/ciborium-ll,third_party,rust_crates,"androidbp,cargo","ciborium-ll Low level CBOR parsing tools This crate contains low-level types for encoding and decoding items in CBOR. This crate is usable in both no_std and no_alloc environments. To understand how this crate works, first we will look at the structure of a CBOR item on the wire. Anatomy of a CBOR Item This is a brief anatomy of a CBOR item on the wire. +------------+-----------+ | | | | Major | Minor | | (3bits) | (5bits) | | | | +------------+-----------+ ^ ^ | | +-----+ +-----+ | | | | +----------------------------+--------------+ | | | | | Prefix | Affix | Suffix | | (1 byte) | (0-8 bytes) | (0+ bytes) | | | | | +------------+---------------+--------------+ | | | +------------+---------------+--------------+ | | v v Header Body The ciborium crate works by providing the Decoder and Encoder types which provide input and output for a CBOR header (see: Header ). From there, you can either handle the body yourself or use the provided utility functions. For more information on the CBOR f"
platform/external/rust/crates/clang-sys,third_party,rust_crates,"androidbp,cargo,rs_file","clang-sys Rust bindings for libclang . If you are interested in a somewhat idiomatic Rust wrapper for these bindings, see clang-rs . Released under the Apache License 2.0. Documentation Note that the documentation on https://docs.rs for this crate assumes usage of the runtime Cargo feature as well as the Cargo feature for the latest supported version of libclang (e.g., clang_16_0 ), neither of which are enabled by default. Due to the usage of the runtime Cargo feature, this documentation will contain some additional types and functions to manage a dynamically loaded libclang instance at runtime. Due to the usage of the Cargo feature for the latest supported version of libclang , this documentation will contain constants and functions that are not available in the oldest supported version of libclang (3.5). All of these types and functions have a documentation comment which specifies the minimum libclang version required to use the item. Supported Versions To target a version of libclan"
platform/external/rust/crates/clap,third_party,rust_crates,"androidbp,cargo","clap Command Line Argument Parser for Rust Dual-licensed under Apache 2.0 or MIT . About Create your command-line parser, with all of the bells and whistles, declaratively or procedurally. For more details, see: docs.rs examples Sponsors Gold Silver Bronze Backer"
platform/external/rust/crates/clap_complete,third_party,rust_crates,"androidbp,cargo",clap_complete Shell completion generation for clap Dual-licensed under Apache 2.0 or MIT . About API Reference Questions & Discussions CONTRIBUTING Sponsors About Related Projects clap_complete_fig for fig shell completion support
platform/external/rust/crates/clap_derive,third_party,rust_crates,"androidbp,cargo","clap_derive Macro implementation for clap's derives. docs.rs Derive Tutorial Derive Reference License Licensed under either of Apache License, Version 2.0 ( LICENSE-APACHE or https://www.apache.org/licenses/LICENSE-2.0 ) MIT license ( LICENSE-MIT or https://opensource.org/licenses/MIT ) at your option. Contribution Unless you explicitly state otherwise, any contribution intentionally submitted for inclusion in the work by you, as defined in the Apache-2.0 license, shall be dual licensed as above, without any additional terms or conditions. See CONTRIBUTING for more details."
platform/external/rust/crates/clap_lex,third_party,rust_crates,"androidbp,cargo","clap_lex Minimal, flexible command line parser Dual-licensed under Apache 2.0 or MIT . About API Reference Questions & Discussions CONTRIBUTING Sponsors About"
platform/external/rust/crates/cobs,third_party,rust_crates,,Bug: 278263773
platform/external/rust/crates/codespan-reporting,third_party,rust_crates,"androidbp,cargo",Bug: 156794058
platform/external/rust/crates/combine,third_party,rust_crates,"androidbp,cargo,rustfmt","combine An implementation of parser combinators for Rust, inspired by the Haskell library Parsec . As in Parsec the parsers are LL(1) by default but they can opt-in to arbitrary lookahead using the attempt combinator . Example extern crate combine ; use combine ::{ many1 , Parser , sep_by }; use combine :: parser :: char ::{ letter , space }; // Construct a parser that parses *many* (and at least *1) *letter*s let word = many1 ( letter ()); // Construct a parser that parses many *word*s where each word is *separated by* a (white)*space* let mut parser = sep_by ( word , space ()) // Combine can collect into any type implementing `Default + Extend` so we need to assist rustc // by telling it that `sep_by` should collect into a `Vec` and `many1` should collect to a `String` . map (| mut words : Vec < String >| words . pop ()); let result = parser . parse ( ""Pick up that word!"" ); // `parse` returns `Result` where `Ok` contains a tuple of the parsers output and any remaining input. assert_"
platform/external/rust/crates/command-fds,third_party,rust_crates,"androidbp,cargo","command-fds A library for passing arbitrary file descriptors when spawning child processes. Example use command_fds ::{ CommandFdExt , FdMapping }; use std :: fs :: File ; use std :: os :: unix :: io :: AsRawFd ; use std :: process :: Command ; // Open a file. let file = File :: open ( ""Cargo.toml"" ). unwrap (); // Prepare to run `ls -l /proc/self/fd` with some FDs mapped. let mut command = Command :: new ( ""ls"" ); command . arg ( ""-l"" ). arg ( ""/proc/self/fd"" ); command . fd_mappings ( vec ![ // Map `file` as FD 3 in the child process. FdMapping { parent_fd : file . as_raw_fd (), child_fd : 3 , }, // Map this process's stdin as FD 5 in the child process. FdMapping { parent_fd : 0 , child_fd : 5 , }, ]) . unwrap (); // Spawn the child process. let mut child = command . spawn (). unwrap (); child . wait (). unwrap (); License Licensed under the Apache License, Version 2.0 . Contributing If you want to contribute to the project, see details of how we accept contributions ."
platform/external/rust/crates/compiler_builtins,third_party,rust_crates,,Bug: 276729278
platform/external/rust/crates/config,third_party,rust_crates,"androidbp,cargo","config-rs Layered configuration system for Rust applications (with strong support for 12-factor applications). Set defaults Set explicit values (to programmatically override) Read from JSON , TOML , YAML , INI , RON , JSON5 files Read from environment Loosely typed — Configuration values may be read in any supported type, as long as there exists a reasonable conversion Access nested fields using a formatted path — Uses a subset of JSONPath; currently supports the child ( redis.port ) and subscript operators ( databases[0].name ) Please note that this library can not be used to write changed configuration values back to the configuration file(s)! Usage [ dependencies ] config = ""0.13.1"" Feature flags ini - Adds support for reading INI files json - Adds support for reading JSON files yaml - Adds support for reading YAML files toml - Adds support for reading TOML files ron - Adds support for reading RON files json5 - Adds support for reading JSON5 files Support for custom formats Library"
platform/external/rust/crates/configparser,third_party,rust_crates,"androidbp,cargo","configparser This crate provides the Ini struct which implements a basic configuration language which provides a structure similar to what’s found in Windows' ini files. You can use this to write Rust programs which can be customized by end users easily. This is a simple configuration parsing utility with no dependencies built on Rust. It is inspired by Python's configparser . The current release is stable and changes will take place at a slower pace. We'll be keeping semver in mind for future releases as well. 🚀 Quick Start A basic ini -syntax file (we say ini-syntax files because the files don't need to be necessarily *.ini ) looks like this: [ DEFAULT ] key1 = value1 pizzatime = yes cost = 9 [ topsecrets ] nuclear launch codes = topsecret [ github . com ] User = QEDK Essentially, the syntax consists of sections, each of which can which contains keys with values. The Ini struct can read and write such values to strings as well as files. 🧰 Installation You can install this easily via"
platform/external/rust/crates/const-oid,third_party,rust_crates,"androidbp,cargo","RustCrypto : Object Identifiers (OIDs) Const-friendly implementation of the ISO/IEC Object Identifier (OID) standard as defined in ITU X.660 , with support for BER/DER encoding/decoding as well as heapless no_std (i.e. embedded) environments. Documentation About OIDs Object Identifiers, a.k.a. OIDs, are an International Telecommunications Union (ITU) and ISO/IEC standard for naming any object, concept, or “thing” with a globally unambiguous persistent name. The ITU‘s X.660 standard provides the OID specification. Every OID is part of a hierarchical namespace which begins with a root OID , which is either the ITU’s root OID (0), the ISO's root OID (1), or the joint ISO/ITU root OID (2). The following is an example of an OID, in this case identifying the rsaEncryption algorithm: 1.2 . 840.113549 . 1.1 . 1 For more information, see: https://en.wikipedia.org/wiki/Object_identifier Implementation This library supports parsing OIDs in const contexts, e.g.: use const_oid :: ObjectIdentifier ;"
platform/external/rust/crates/const_fn,third_party,rust_crates,"androidbp,cargo,rs_file","#[const_fn] An attribute for easy generation of const functions with conditional compilations. Usage Add this to your Cargo.toml : [ dependencies ] const_fn = ""0.4"" Compiler support: requires rustc 1.31+ Examples use const_fn :: const_fn ; // function is `const` on specified version and later compiler (including beta and nightly) #[ const_fn ( ""1.36"" )] pub const fn version () { /* ... */ } // function is `const` on nightly compiler (including dev build) #[ const_fn ( nightly )] pub const fn nightly () { /* ... */ } // function is `const` if `cfg(...)` is true #[ const_fn ( cfg (...))] pub const fn cfg () { /* ... */ } // function is `const` if `cfg(feature = ""..."")` is true #[ const_fn ( feature = ""..."" )] pub const fn feature () { /* ... */ } Alternatives This crate is proc-macro, but is very lightweight, and has no dependencies. You can manually define declarative macros with similar functionality (see if_rust_version ), or you can define the same function twice with different cfg ."
platform/external/rust/crates/cortex-a,third_party,rust_crates,cargo,"cortex-a Low level access to Cortex-A processors. Currently Supported Execution States [x] AArch64 [ ] AArch32 Minimum Supported Rust Version Requires a recent nightly of Rust. Usage Please note that for using this crate's register definitions (as provided by cortex_a::registers::* ), you need to also include tock-registers in your project. This is because the interface traits provided by tock-registers are implemented by this crate. You should include the same version of tock-registers as is being used by this crate to ensure sane interoperatbility. For example, in the following snippet, X.Y.Z should be the same version of tock-registers that is mentioned in cortex-a 's Cargo.toml . [ package ] name = ""Your embedded project"" # Some parts omitted for brevity. [ dependencies ] tock - registers = ""X.Y.Z"" cortex - a = ""A.B.C"" # <-- Includes tock-registers itself. Example Check out https://github.com/rust-embedded/rust-raspberrypi-OS-tutorials for usage examples. Listed below is a snippet"
platform/external/rust/crates/coset,third_party,rust_crates,"androidbp,cargo","COSET This crate holds a set of Rust types for working with CBOR Object Signing and Encryption (COSE) objects, as defined in RFC 8152 . It builds on the core CBOR parsing functionality from the ciborium crate . See crate docs , or the signature example for documentation on how to use the code. This repo is under construction and so details of the API and the code may change without warning. Features The std feature of the crate enables an implementation of std::error::Error for CoseError . no_std Support This crate supports no_std (when the std feature is not set, which is the default), but uses the alloc crate. Minimum Supported Rust Version MSRV is 1.58. Integer Ranges CBOR supports integers in the range: [- 18 _446_744_073_709_551_616 , - 1 ] ∪ [ 0 , 18 _446_744_073_709_551_615 ] which is [-264, -1] ∪ [0, 264 - 1]. This does not map onto a single Rust integer type, so different CBOR crates take different approaches. The serde_cbor crate uses a single i128 integer type for all intege"
platform/external/rust/crates/cov-mark,third_party,rust_crates,"androidbp,cargo","cov-mark Verify that your tests exercise the conditions you think they are exercising fn safe_divide ( dividend : u32 , divisor : u32 ) -> u32 { if divisor == 0 { cov_mark :: hit !( save_divide_zero ); return 0 ; } dividend / divisor } #[ test ] fn test_safe_divide_by_zero () { cov_mark :: check !( save_divide_zero ); assert_eq !( safe_divide ( 92 , 0 ), 0 ); } See the docs for details"
platform/external/rust/crates/crc32fast,third_party,rust_crates,"androidbp,cargo,rs_file","crc32fast Fast, SIMD-accelerated CRC32 (IEEE) checksum computation Usage Simple usage For simple use-cases, you can call the hash convenience function to directly compute the CRC32 checksum for a given byte slice: let checksum = crc32fast :: hash ( b ""foo bar baz"" ); Advanced usage For use-cases that require more flexibility or performance, for example when processing large amounts of data, you can create and manipulate a Hasher : use crc32fast :: Hasher ; let mut hasher = Hasher :: new (); hasher . update ( b ""foo bar baz"" ); let checksum = hasher . finalize (); Performance This crate contains multiple CRC32 implementations: A fast baseline implementation which processes up to 16 bytes per iteration An optimized implementation for modern x86 using sse and pclmulqdq instructions An optimized implementation for aarch64 using crc32 instructions Calling the Hasher::new constructor at runtime will perform a feature detection to select the most optimal implementation for the current CPU fea"
platform/external/rust/crates/criterion,third_party,rust_crates,"androidbp,cargo",Bug: 179317088
platform/external/rust/crates/criterion-plot,third_party,rust_crates,"androidbp,cargo",Bug: 179320179
platform/external/rust/crates/critical-section,third_party,rust_crates,cargo,"critical-section This project is developed and maintained by the HAL team . A critical section that works everywhere! When writing software for embedded systems, it‘s common to use a “critical section” as a basic primitive to control concurrency. A critical section is essentially a mutex global to the whole process, that can be acquired by only one thread at a time. This can be used to protect data behind mutexes, to emulate atomics in targets that don’t support them, etc. There's a wide range of possible implementations depending on the execution environment: For bare-metal single core, disabling interrupts in the current (only) core. For bare-metal multicore, disabling interrupts in the current core and acquiring a hardware spinlock to prevent other cores from entering a critical section concurrently. For bare-metal using a RTOS, using library functions for acquiring a critical section, often named “scheduler lock” or “kernel lock”. For bare-metal running in non-privileged mode, call"
platform/external/rust/crates/crossbeam-channel,third_party,rust_crates,"androidbp,cargo","Crossbeam Channel This crate provides multi-producer multi-consumer channels for message passing. It is an alternative to std::sync::mpsc with more features and better performance. Some highlights: Sender s and Receiver s can be cloned and shared among threads. Two main kinds of channels are bounded and unbounded . Convenient extra channels like after , never , and tick . The select! macro can block on multiple channel operations. Select can select over a dynamically built list of channel operations. Channels use locks very sparingly for maximum performance . Usage Add this to your Cargo.toml : [ dependencies ] crossbeam - channel = ""0.5"" Compatibility Crossbeam Channel supports stable Rust releases going back at least six months, and every time the minimum supported Rust version is increased, a new minor version is released. Currently, the minimum supported Rust version is 1.60. License Licensed under either of Apache License, Version 2.0 ( LICENSE-APACHE or http://www.apache.org/lice"
platform/external/rust/crates/crossbeam-deque,third_party,rust_crates,"androidbp,cargo","Crossbeam Deque This crate provides work-stealing deques, which are primarily intended for building task schedulers. Usage Add this to your Cargo.toml : [ dependencies ] crossbeam - deque = ""0.8"" Compatibility Crossbeam Deque supports stable Rust releases going back at least six months, and every time the minimum supported Rust version is increased, a new minor version is released. Currently, the minimum supported Rust version is 1.61. License Licensed under either of Apache License, Version 2.0 ( LICENSE-APACHE or http://www.apache.org/licenses/LICENSE-2.0 ) MIT license ( LICENSE-MIT or http://opensource.org/licenses/MIT ) at your option. Contribution Unless you explicitly state otherwise, any contribution intentionally submitted for inclusion in the work by you, as defined in the Apache-2.0 license, shall be dual licensed as above, without any additional terms or conditions."
platform/external/rust/crates/crossbeam-epoch,third_party,rust_crates,"androidbp,cargo","Crossbeam Epoch This crate provides epoch-based garbage collection for building concurrent data structures. When a thread removes an object from a concurrent data structure, other threads may be still using pointers to it at the same time, so it cannot be destroyed immediately. Epoch-based GC is an efficient mechanism for deferring destruction of shared objects until no pointers to them can exist. Everything in this crate except the global GC can be used in no_std environments, provided that alloc feature is enabled. Usage Add this to your Cargo.toml : [ dependencies ] crossbeam - epoch = ""0.9"" Compatibility Crossbeam Epoch supports stable Rust releases going back at least six months, and every time the minimum supported Rust version is increased, a new minor version is released. Currently, the minimum supported Rust version is 1.61. License Licensed under either of Apache License, Version 2.0 ( LICENSE-APACHE or http://www.apache.org/licenses/LICENSE-2.0 ) MIT license ( LICENSE-MIT or"
platform/external/rust/crates/crossbeam-queue,third_party,rust_crates,"androidbp,cargo","Crossbeam Queue This crate provides concurrent queues that can be shared among threads: ArrayQueue , a bounded MPMC queue that allocates a fixed-capacity buffer on construction. SegQueue , an unbounded MPMC queue that allocates small buffers, segments, on demand. Everything in this crate can be used in no_std environments, provided that alloc feature is enabled. Usage Add this to your Cargo.toml : [ dependencies ] crossbeam - queue = ""0.3"" Compatibility Crossbeam Queue supports stable Rust releases going back at least six months, and every time the minimum supported Rust version is increased, a new minor version is released. Currently, the minimum supported Rust version is 1.60. License Licensed under either of Apache License, Version 2.0 ( LICENSE-APACHE or http://www.apache.org/licenses/LICENSE-2.0 ) MIT license ( LICENSE-MIT or http://opensource.org/licenses/MIT ) at your option. Contribution Unless you explicitly state otherwise, any contribution intentionally submitted for inclusi"
platform/external/rust/crates/crossbeam-utils,third_party,rust_crates,"androidbp,cargo,rs_file","Crossbeam Utils This crate provides miscellaneous tools for concurrent programming: Atomics AtomicCell , a thread-safe mutable memory location.(no_std) AtomicConsume , for reading from primitive atomic types with “consume” ordering.(no_std) Thread synchronization Parker , a thread parking primitive. ShardedLock , a sharded reader-writer lock with fast concurrent reads. WaitGroup , for synchronizing the beginning or end of some computation. Utilities Backoff , for exponential backoff in spin loops.(no_std) CachePadded , for padding and aligning a value to the length of a cache line.(no_std) scope , for spawning threads that borrow local variables from the stack. Features marked with (no_std) can be used in no_std environments. Usage Add this to your Cargo.toml : [ dependencies ] crossbeam - utils = ""0.8"" Compatibility Crossbeam Utils supports stable Rust releases going back at least six months, and every time the minimum supported Rust version is increased, a new minor version is releas"
platform/external/rust/crates/csv,third_party,rust_crates,"androidbp,cargo,rustfmt","csv A fast and flexible CSV reader and writer for Rust, with support for Serde. Dual-licensed under MIT or the UNLICENSE . Documentation https://docs.rs/csv If you're new to Rust, the tutorial is a good place to start. Usage To bring this crate into your repository, either add csv to your Cargo.toml , or run cargo add csv . Example This example shows how to read CSV data from stdin and print each record to stdout. There are more examples in the cookbook . use std ::{ error :: Error , io , process }; fn example () -> Result <(), Box < dyn Error >> { // Build the CSV reader and iterate over each record. let mut rdr = csv :: Reader :: from_reader ( io :: stdin ()); for result in rdr . records () { // The iterator yields Result<StringRecord, Error>, so we check the // error here. let record = result ?; println !( ""{:?}"" , record ); } Ok (()) } fn main () { if let Err ( err ) = example () { println !( ""error running example: {}"" , err ); process :: exit ( 1 ); } } The above example can be r"
platform/external/rust/crates/csv-core,third_party,rust_crates,"androidbp,cargo","csv-core A fast CSV reader and write for use in a no_std context. This crate will never use the Rust standard library. Dual-licensed under MIT or the UNLICENSE . Documentation https://docs.rs/csv-core Usage Add this to your Cargo.toml : [ dependencies ] csv - core = ""0.1.6"" Build features This crate by default links with libc , which is done via the libc feature. Disabling this feature will drop csv-core 's dependency on libc . Example: reading CSV This example shows how to count the number of fields and records in CSV data. use csv_core ::{ Reader , ReadFieldResult }; let data = "" foo , bar , baz a , b , c xxx , yyy , zzz ""; let mut rdr = Reader :: new (); let mut bytes = data . as_bytes (); let mut count_fields = 0 ; let mut count_records = 0 ; loop { // We skip handling the output since we don't need it for counting. let ( result , nin , _ ) = rdr . read_field ( bytes , & mut [ 0 ; 1024 ]); bytes = & bytes [ nin ..]; match result { ReadFieldResult :: InputEmpty => {}, ReadFieldResul"
platform/external/rust/crates/darling,third_party,rust_crates,"androidbp,cargo","Darling [ ] darling is a crate for proc macro authors, which enables parsing attributes into structs. It is heavily inspired by serde both in its internals and in its API. Benefits Easy and declarative parsing of macro input - make your proc-macros highly controllable with minimal time investment. Great validation and errors, no work required. When users of your proc-macro make a mistake, darling makes sure they get error markers at the right place in their source, and provides “did you mean” suggestions for misspelled fields. Usage darling provides a set of traits which can be derived or manually implemented. FromMeta is used to extract values from a meta-item in an attribute. Implementations are likely reusable for many libraries, much like FromStr or serde::Deserialize . Trait implementations are provided for primitives, some std types, and some syn types. FromDeriveInput is implemented or derived by each proc-macro crate which depends on darling . This is the root for input parsing"
platform/external/rust/crates/darling_core,third_party,rust_crates,"androidbp,cargo",Bug: 328419565
platform/external/rust/crates/darling_macro,third_party,rust_crates,"androidbp,cargo",Bug: 328420133
platform/external/rust/crates/dashmap,third_party,rust_crates,"androidbp,cargo","DashMap Blazingly fast concurrent map in Rust. DashMap is an implementation of a concurrent associative array/hashmap in Rust. DashMap tries to implement an easy to use API similar to std::collections::HashMap with some slight changes to handle concurrency. DashMap tries to be very simple to use and to be a direct replacement for RwLock<HashMap<K, V>> . To accomplish these goals, all methods take &self instead of modifying methods taking &mut self . This allows you to put a DashMap in an Arc<T> and share it between threads while still being able to modify it. DashMap puts great effort into performance and aims to be as fast as possible. If you have any suggestions or tips do not hesitate to open an issue or a PR. Cargo features serde - Enables serde support. raw-api - Enables the unstable raw-shard api. rayon - Enables rayon support. inline - Enables inline-more feature from the hashbrown crate. Can lead to better performance, but with the cost of longer compile-time. arbitrary - Enabl"
platform/external/rust/crates/data-encoding,third_party,rust_crates,"androidbp,cargo","This library provides the following common encodings: Name Description HEXLOWER lowercase hexadecimal HEXLOWER_PERMISSIVE lowercase hexadecimal (case-insensitive decoding) HEXUPPER uppercase hexadecimal HEXUPPER_PERMISSIVE uppercase hexadecimal (case-insensitive decoding) BASE32 RFC4648 base32 BASE32_NOPAD RFC4648 base32 (no padding) BASE32_DNSSEC RFC5155 base32 BASE32_DNSCURVE DNSCurve base32 BASE32HEX RFC4648 base32hex BASE32HEX_NOPAD RFC4648 base32hex (no padding) BASE64 RFC4648 base64 BASE64_NOPAD RFC4648 base64 (no padding) BASE64_MIME RFC2045-like base64 BASE64URL RFC4648 base64url BASE64URL_NOPAD RFC4648 base64url (no padding) It also provides the possibility to define custom little-endian ASCII base-conversion encodings for bases of size 2, 4, 8, 16, 32, and 64 (for which all above use-cases are particular instances). See the documentation for more details."
platform/external/rust/crates/debug_tree,third_party,rust_crates,"androidbp,cargo","Debug Tree This library allows you to build a tree one element at a time and output it as a pretty string. The tree can easily be output to a String , stdout or a file. This is particularly convenient for generating clean output from nested and recursive functions. Recursive Fibonacci Example Overview More Examples Multiple Tagged Trees Nested Functions Panic Without Macros Recursive Fibonacci Example Using the add_branch!() macro at the start of the factors() function, you can generate an entire call tree, with minimal effort. use debug_tree ::*; fn factors ( x : usize ) { add_branch !( ""{}"" , x ); // <~ THE MAGIC LINE for i in 1. . x { if x % i == 0 { factors ( i ); } } } fn main () { // output to file at the end of this block defer_write !( ""examples/out/fibonacci.txt"" ); add_branch !( ""A Fibonacci Tree"" ); factors ( 6 ); add_leaf !( ""That's All Folks!"" ); } A Fibonacci Tree ├╼ 6 │ ├╼ 1 │ ├╼ 2 │ │ └╼ 1 │ └╼ 3 │ └╼ 1 └╼ That's All Folks! Overview Add a branch add_branch!(""Hello, {}"","
platform/external/rust/crates/der,third_party,rust_crates,"androidbp,cargo",RustCrypto : ASN.1 DER Pure Rust embedded-friendly implementation of the Distinguished Encoding Rules (DER) for Abstract Syntax Notation One (ASN.1) as described in ITU X.690. Documentation About This crate provides a no_std -friendly implementation of a subset of ASN.1 DER necessary for decoding/encoding the following cryptography-related formats implemented as crates maintained by the RustCrypto project: pkcs1 : RSA Cryptography Specifications pkcs5 : Password-Based Cryptography Specification pkcs7 : Cryptographic Message Syntax pkcs8 : Private-Key Information Syntax Specification pkcs10 : Certification Request Syntax Specification sec1 : Elliptic Curve Cryptography spki : X.509 Subject Public Key Info x501 : Directory Services Types x509 : Public Key Infrastructure Certificate The core implementation avoids any heap usage (with convenience methods that allocate gated under the off-by-default alloc feature). The DER decoder in this crate performs checks to ensure that the input docum
platform/external/rust/crates/der-oid-macro,third_party,rust_crates,"androidbp,cargo",Bug: 193830683
platform/external/rust/crates/der-parser,third_party,rust_crates,"androidbp,cargo","BER/DER Parser A parser for Basic Encoding Rules (BER [ X.690 ]) and Distinguished Encoding Rules(DER [ X.690 ]), implemented with the nom parser combinator framework. It is written in pure Rust, fast, and makes extensive use of zero-copy. A lot of care is taken to ensure security and safety of this crate, including design (recursion limit, defensive programming), tests, and fuzzing. It also aims to be panic-free. Historically, this parser was intended for DER only, and BER support was added later. This may still reflect on some naming schemes, but has no other consequence: the BerObject and DerObject used in this crate are type aliases, so all functions are compatible. DER parsing functions have additional constraints verification, however. Serialization has also been added (see Serialization ) The code is available on Github and is part of the Rusticata project. BER/DER parsers BER stands for Basic Encoding Rules, and is defined in X.690 . It defines a set of rules to encode and deco"
platform/external/rust/crates/der_derive,third_party,rust_crates,"androidbp,cargo","RustCrypto : DER Custom Derive Support Custom derive support for the der crate's Choice and Sequence traits: https://github.com/RustCrypto/formats/tree/master/der Documentation Minimum Supported Rust Version This crate requires Rust 1.65 at a minimum. We may change the MSRV in the future, but it will be accompanied by a minor version bump. License Licensed under either of: Apache License, Version 2.0 MIT license at your option. Contribution Unless you explicitly state otherwise, any contribution intentionally submitted for inclusion in the work by you, as defined in the Apache-2.0 license, shall be dual licensed as above, without any additional terms or conditions."
platform/external/rust/crates/derive-getters,third_party,rust_crates,"androidbp,cargo","Derive Getters Simple Getters derive macro for generating field getter methods on a named struct. Included is an additional derive, Dissolve , that consumes the named struct returning a tuple of all fields in the order they were declared. The need for the Getters macro came about when I was making various data structures for JSON to deserialize into. These data structures had many fields in them to access and they weren't going to change once created. One could use pub everywhere but that would enable mutating the fields which is what this derive aims to avoid. Getters will be generated according to convention . This means that the generated methods will reside within the struct namespace. With regards to Dissolve , sometimes during conversion a structure must be consumed. One easy way to do this is to return a tuple of all the structs fields. Thus Dissolve can be considered a ‘get (move) everything’ method call. What this crate won't do There are no mutable getters and it's not planne"
platform/external/rust/crates/derive_arbitrary,third_party,rust_crates,"androidbp,cargo","#[derive(Arbitrary)] This crate implements support for automatically deriving the Arbitrary trait . Don't depend on this crate directly, though. Instead, enable the ""derive"" feature of the arbitrary crate."
platform/external/rust/crates/displaydoc,third_party,rust_crates,"androidbp,cargo","derive(Display) /// From<docs> This library provides a convenient derive macro for the standard library's core::fmt::Display trait. [ dependencies ] displaydoc = ""0.2"" Compiler support: requires rustc 1.56+ Example Demonstration alongside the [ Error ][std::error::Error] derive macro from thiserror , to propagate source locations from [ io::Error ][std::io::Error] with the #[source] attribute: use std :: io ; use displaydoc :: Display ; use thiserror :: Error ; #[ derive ( Display , Error , Debug )] pub enum DataStoreError { /// data store disconnected Disconnect (#[ source ] io :: Error ), /// the data for key `{0}` is not available Redaction ( String ), /// invalid header (expected {expected:?}, found {found:?}) InvalidHeader { expected : String , found : String , }, /// unknown data store error Unknown , } let error = DataStoreError :: Redaction ( ""CLASSIFIED CONTENT"" . to_string ()); assert !( ""the data for key `CLASSIFIED CONTENT` is not available"" == & format !( ""{}"" , error ));"
platform/external/rust/crates/dlmalloc,third_party,rust_crates,,Bug: 276499423
platform/external/rust/crates/document-features,third_party,rust_crates,"androidbp,cargo,rs_file,rustfmt","Document your crate's feature flags This crate provides a macro that extracts documentation comments from Cargo.toml To use this crate, add #![doc = document_features::document_features!()] in your crate documentation. The document_features!() macro reads your Cargo.toml file, extracts feature comments and generates a markdown string for your documentation. Use ## and #! comments in your Cargo.toml to document features, for example: [ dependencies ] document - features = ""0.2"" ## ... [ features ] ## The foo feature enables the `foo` functions foo = [] ## The bar feature enables the [`bar`] module bar = [] #! ### Experimental features #! The following features are experimental ## Activate the fusion reactor fusion = [] These comments keep the feature definition and documentation next to each other, and they are then rendered into your crate documentation. Check out the documentation for more details. Contributions Contributions are welcome. We accept pull requests and bug reports. Licen"
platform/external/rust/crates/downcast,third_party,rust_crates,"androidbp,cargo","downcast A trait (& utilities) for downcasting trait objects back to their original types. link to API documentation example usage Add to your Cargo.toml: [ dependencies ] downcast = ""0.12"" Add to your crate root: #[ macro_use ] extern crate downcast ; simple showcases the most simple usage of this library. with_params showcases how to deal with traits who have type parameters. sync_service showcases how to downcast Arc -pointers. build features std (default) enables all functionality requiring the standard library ( Downcast::downcast() ). nightly enables all functionality requiring rust nightly ( Any::type_name() ). faq Q: I'm getting the size for values of type XXX cannot be known at compile time errors, what am i doing wrong? A: Make sure you use the corresponding Any bound along with the Downcast traits. So, Any for Downcast and AnySync for DowncastSync . Q: Can i cast trait objects to trait objects? A: No, that is currently no possible in safe rust - and unsafe solutions are very"
platform/external/rust/crates/downcast-rs,third_party,rust_crates,"androidbp,cargo","downcast-rs Rust enums are great for types where all variations are known beforehand. But a container of user-defined types requires an open-ended type like a trait object . Some applications may want to cast these trait objects back to the original concrete types to access additional functionality and performant inlined implementations. downcast-rs adds this downcasting support to trait objects using only safe Rust. It supports type parameters , associated types , and constraints . Usage Add the following to your Cargo.toml : [ dependencies ] downcast - rs = ""1.2.0"" This crate is no_std compatible. To use it without std : [ dependencies ] downcast - rs = { version = ""1.2.0"" , default - features = false } To make a trait downcastable, make it extend either downcast::Downcast or downcast::DowncastSync and invoke impl_downcast! on it as in the examples below. Since 1.1.0, the minimum supported Rust version is 1.33 to support Rc and Arc in the receiver position. trait Trait : Downcast {}"
platform/external/rust/crates/drm,third_party,rust_crates,"androidbp,cargo","drm-rs A safe interface to the Direct Rendering Manager. Direct Rendering Manager The Direct Rendering Manager is a subsystem found on multiple Unix-based operating systems that provides a userspace API to graphics hardware. See the Wikipedia article for more details. Usage Basic The DRM is accessed using ioctls on a file representing a graphics card. These can normally be found in /dev/dri , but can also be opened in other ways (ex. udev). This crate does not provide a method of opening these files. Instead, the user program must provide a way to access the file descriptor representing the device through the AsFd trait. Here is a basic example using File as a backend: /// A simple wrapper for a device node. pub struct Card ( std :: fs :: File ); /// Implementing [`AsFd`] is a prerequisite to implementing the traits found /// in this crate. Here, we are just calling [`File::as_fd()`] on the inner /// [`File`]. impl AsFd for Card { fn as_fd (& self ) -> BorrowedFd < ' _ > { self . 0.as"
platform/external/rust/crates/drm-ffi,third_party,rust_crates,"androidbp,cargo",Bug: 328179939
platform/external/rust/crates/drm-fourcc,third_party,rust_crates,"androidbp,cargo,rs_file","drm-fourcc Provides an enums representing every pixel format and format modifier supported by DRM (as of kernel version 5.10.0). A fourcc is four bytes of ascii representing some data format. This enum contains every fourcc representing a pixel format supported by DRM , the Linux Direct Rendering Manager. To get the bytes of the fourcc representing the format, cast to u32 . assert_eq !( DrmFourcc :: Xrgb8888 as u32 , 875713112 ); To get the string form of the fourcc, use [ DrmFourcc::string_form ]. assert_eq !( DrmFourcc :: Xrgb8888 . string_form (), ""XR24"" ); We also provide a type for representing a fourcc/modifier pair let format = DrmFormat { code : DrmFourcc :: Xrgb8888 , modifier : DrmModifier :: Linear , }; The enums are autogenerated from the canonical list in the Linux source code. Features std : Enable functionality that requires the standard library. Enabled by default build_bindings : Build the bindings based on the headers on your machine. Should not be necessary in most c"
platform/external/rust/crates/either,third_party,rust_crates,"androidbp,cargo",Bug: 179100382
platform/external/rust/crates/enum-as-inner,third_party,rust_crates,cargo,"enum-as-inner A deriving proc-macro for generating functions to automatically give access to the inner members of enum. Basic unnamed field case The basic case is meant for single item enums, like: use enum_as_inner :: EnumAsInner ; #[ derive ( Debug , EnumAsInner )] enum OneEnum { One ( u32 ), } where the inner item can be retrieved with the as_*() / as_*_mut() or with the into_*() functions: let one = OneEnum :: One ( 1 ); assert_eq !(* one . as_one (). unwrap (), 1 ); assert_eq !( one . into_one (). unwrap (), 1 ); let mut one = OneEnum :: One ( 2 ); assert_eq !(* one . as_one (). unwrap (), 1 ); assert_eq !(* one . as_one_mut (). unwrap (), 1 ); assert_eq !( one . into_one (). unwrap (), 1 ); where the result is either a reference for inner items or a tuple containing the inner items. Unit case This will return true if enum's variant matches the expected type use enum_as_inner :: EnumAsInner ; #[ derive ( EnumAsInner )] enum UnitVariants { Zero , One , Two , } let unit = UnitVarian"
platform/external/rust/crates/enumn,third_party,rust_crates,"androidbp,cargo","Convert number to enum This crate provides a derive macro to generate a function for converting a primitive integer into the corresponding variant of an enum. The generated function is named n and has the following signature: impl YourEnum { pub fn n ( value : Repr ) -> Option < Self >; } where Repr is an integer type of the right size as described in more detail below. Example use enumn :: N ; #[ derive ( PartialEq , Debug , N )] enum Status { LegendaryTriumph , QualifiedSuccess , FortuitousRevival , IndeterminateStalemate , RecoverableSetback , DireMisadventure , AbjectFailure , } fn main () { let s = Status :: n ( 1 ); assert_eq !( s , Some ( Status :: QualifiedSuccess )); let s = Status :: n ( 9 ); assert_eq !( s , None ); } Signature The generated signature depends on whether the enum has a #[repr(..)] attribute. If a repr is specified, the input to n will be required to be of that type. #[ derive ( enumn :: N )] #[ repr ( u8 )] enum E { /* ... */ } // expands to: impl E { pub fn"
platform/external/rust/crates/env_logger,third_party,rust_crates,"androidbp,cargo","env_logger Implements a logger that can be configured via environment variables. Usage In libraries env_logger makes sense when used in executables (binary projects). Libraries should use the log crate instead. In executables It must be added along with log to the project dependencies: [ dependencies ] log = ""0.4.0"" env_logger = ""0.9.0"" env_logger must be initialized as early as possible in the project. After it's initialized, you can use the log macros to do actual logging. #[ macro_use ] extern crate log ; fn main () { env_logger :: init (); info !( ""starting up"" ); // ... } Then when running the executable, specify a value for the RUST_LOG environment variable that corresponds with the log messages you want to show. $ RUST_LOG = info ./ main [ 2018 - 11 - 03T06 : 09 : 06Z INFO default ] starting up The letter case is not significant for the logging level names; e.g., debug , DEBUG , and dEbuG all represent the same logging level. Therefore, the previous example could also have been"
platform/external/rust/crates/epoll,third_party,rust_crates,"androidbp,cargo,rustfmt","epoll Safe wrapper around the Linux kernel's epoll API. Documentation Author Nathan Sizemore, nathanrsizemore@gmail.com License epoll is available under the MPL-2.0 license. See the LICENSE file for more info."
platform/external/rust/crates/equivalent,third_party,rust_crates,"androidbp,cargo","Equivalent Equivalent and Comparable are Rust traits for key comparison in maps. These may be used in the implementation of maps where the lookup type Q may be different than the stored key type K . Q: Equivalent<K> checks for equality, similar to the HashMap<K, V> constraint K: Borrow<Q>, Q: Eq . Q: Comparable<K> checks the ordering, similar to the BTreeMap<K, V> constraint K: Borrow<Q>, Q: Ord . These traits are not used by the maps in the standard library, but they may add more flexibility in third-party map implementations, especially in situations where a strict K: Borrow<Q> relationship is not available. License Equivalent is distributed under the terms of both the MIT license and the Apache License (Version 2.0). See LICENSE-APACHE and LICENSE-MIT for details. Opening a pull request is assumed to signal agreement with these licensing terms."
platform/external/rust/crates/errno,third_party,rust_crates,"androidbp,cargo","errno Cross-platform interface to the errno variable. Works on Rust 1.56 or newer. Documentation is available at https://docs.rs/errno . Dependency Add to your Cargo.toml : [ dependencies ] errno = ""*"" Comparison with std::io::Error The standard library provides Error::last_os_error which fetches errno in the same way. This crate provides these extra features: No heap allocations Optional #![no_std] support A set_errno function Examples extern crate errno ; use errno ::{ Errno , errno , set_errno }; // Get the current value of errno let e = errno (); // Set the current value of errno set_errno ( e ); // Extract the error code as an i32 let code = e . 0 ; // Display a human-friendly error message println !( ""Error {}: {}"" , code , e ); #![no_std] Enable #![no_std] support by disabling the default std feature: [ dependencies ] errno = { version = ""*"" , default - features = false } The Error impl will be unavailable."
platform/external/rust/crates/etherparse,third_party,rust_crates,"androidbp,cargo","etherparse A zero allocation supporting library for parsing & writing a bunch of packet based protocols (EthernetII, IPv4, IPv6, UDP, TCP ...). Currently supported are: Ethernet II IEEE 802.1Q VLAN Tagging Header IPv4 IPv6 (supporting the most common extension headers, but not all) UDP TCP ICMP & ICMPv6 (not all message types are supported) Reconstruction of fragmented IP packets is also supported, but requires allocations. Usage Add the following to your Cargo.toml : [ dependencies ] etherparse = ""0.16"" What is etherparse? Etherparse is intended to provide the basic network parsing functions that allow for easy analysis, transformation or generation of recorded network data. Some key points are: It is completely written in Rust and thoroughly tested. Special attention has been paid to not use allocations or syscalls except in the “defragmentation” code. The package is still in development and can & will still change. The current focus of development is on the most popular protocols in"
platform/external/rust/crates/fallible-iterator,third_party,rust_crates,"androidbp,cargo","rust-fallible-iterator Documentation “Fallible” iterators for Rust. Features If the std or alloc features are enabled, this crate provides implementations for Box , Vec , BTreeMap , and BTreeSet . If the std feature is enabled, this crate additionally provides implementations for HashMap and HashSet . If the std feature is disabled, this crate does not depend on libstd ."
platform/external/rust/crates/fallible-streaming-iterator,third_party,rust_crates,"androidbp,cargo","fallible-streaming-iterator Documentation Fallible, streaming iteration License Licensed under either of Apache License, Version 2.0, ( LICENSE-APACHE or http://www.apache.org/licenses/LICENSE-2.0 ) MIT license ( LICENSE-MIT or http://opensource.org/licenses/MIT ) at your option. Contribution Unless you explicitly state otherwise, any contribution intentionally submitted for inclusion in the work by you, as defined in the Apache-2.0 license, shall be dual licensed as above, without any additional terms or conditions."
platform/external/rust/crates/fastrand,third_party,rust_crates,"androidbp,cargo","fastrand A simple and fast random number generator. The implementation uses Wyrand , a simple and fast generator but not cryptographically secure. Examples Flip a coin: if fastrand :: bool () { println !( ""heads"" ); } else { println !( ""tails"" ); } Generate a random i32 : let num = fastrand :: i32 (..); Choose a random element in an array: let v = vec ![ 1 , 2 , 3 , 4 , 5 ]; let i = fastrand :: usize (.. v . len ()); let elem = v [ i ]; Shuffle an array: let mut v = vec ![ 1 , 2 , 3 , 4 , 5 ]; fastrand :: shuffle (& mut v ); Generate a random Vec or String : use std :: iter :: repeat_with ; let v : Vec < i32 > = repeat_with (|| fastrand :: i32 (..)). take ( 10 ). collect (); let s : String = repeat_with ( fastrand :: alphanumeric ). take ( 10 ). collect (); To get reproducible results on every run, initialize the generator with a seed: // Pick an arbitrary number as seed. fastrand :: seed ( 7 ); // Now this prints the same number on every run: println !( ""{}"" , fastrand :: u32 (..)); T"
platform/external/rust/crates/fixedbitset,third_party,rust_crates,"androidbp,cargo","fixedbitset A simple fixed size bitset container for Rust. Please read the API documentation here Recent Changes 0.5.7 #127 and #128 : Optimize Clone::clone_from to avoid extra allocations and copies. 0.5.6 Fixed FixedBitset not implementing Send/Sync due to the stack size shrink. 0.5.5 (yanked) #116 : Add functions for counting the results of a set operation ( union_count , intersection_count , difference_count , symmetric_difference_count ) by @james7132. #118 : Shrink the stack size of FixedBitset. There should be zero stack size overhead compared to a Vec. #119 : Fix builds for wasm32. #120 : Add more utility functions that were previously missing from the public interface: contains_any_in_range , contains_all_in_range , minimum , maximum , is_full , count_zeroes , and remove_range . #121 : Add support for SIMD acceleration for AVX builds. 0.5.4 #112 : Fix undefined behavior in IntoOnes and setup testing with MIRI by @SkiFire13 0.5.3 (yanked) #109 : Fix non-x86(_64) builds by @jame"
platform/external/rust/crates/flagset,third_party,rust_crates,"androidbp,cargo","Welcome to FlagSet! FlagSet is a new, ergonomic approach to handling flags that combines the best of existing crates like bitflags and enumflags without their downsides. Existing Implementations The bitflags crate has long been part of the Rust ecosystem. Unfortunately, it doesn‘t feel like natural Rust. The bitflags crate uses a wierd struct format to define flags. Flags themselves are just integers constants, so there is little type-safety involved. But it doesn’t have any dependencies. It also allows you to define implied flags (otherwise known as overlapping flags). The enumflags crate tried to improve on bitflags by using enumerations to define flags. This was a big improvement to the natural feel of the code. Unfortunately, there are some design flaws. To generate the flags, procedural macros were used. This implied two separate crates plus additional dependencies. Further, enumflags specifies the size of the flags using a repr($size) attribute. Unfortunately, this attribute cann"
platform/external/rust/crates/flate2,third_party,rust_crates,"androidbp,cargo","flate2 A streaming compression/decompression library DEFLATE-based streams in Rust. This crate by default uses the miniz_oxide crate, a port of miniz.c to pure Rust. This crate also supports other backends , such as the widely available zlib library or the high-performance zlib-ng library. Supported formats: deflate zlib gzip # Cargo.toml [ dependencies ] flate2 = ""1.0"" MSRV (Minimum Supported Rust Version) Policy This crate supports the current stable and the last stable for the latest version. For example, if the current stable is 1.64, this crate supports 1.64 and 1.63. Older stables may work, but we don't guarantee these will continue to work. Compression use std :: io :: prelude ::*; use flate2 :: Compression ; use flate2 :: write :: ZlibEncoder ; fn main () { let mut e = ZlibEncoder :: new ( Vec :: new (), Compression :: default ()); e . write_all ( b ""foo"" ); e . write_all ( b ""bar"" ); let compressed_bytes = e . finish (); } Decompression use std :: io :: prelude ::*; use flate2"
platform/external/rust/crates/fnv,third_party,rust_crates,"androidbp,cargo,rs_file","rust-fnv An implementation of the Fowler–Noll–Vo hash function . Read the documentation About The FNV hash function is a custom Hasher implementation that is more efficient for smaller hash keys. The Rust FAQ states that while the default Hasher implementation, SipHash, is good in many cases, it is notably slower than other algorithms with short keys, such as when you have a map of integers to other values. In cases like these, FNV is demonstrably faster . Its disadvantages are that it performs badly on larger inputs, and provides no protection against collision attacks, where a malicious user can craft specific keys designed to slow a hasher down. Thus, it is important to profile your program to ensure that you are using small hash keys, and be certain that your program could not be exposed to malicious inputs (including being a networked server). The Rust compiler itself uses FNV, as it is not worried about denial-of-service attacks, and can assume that its inputs are going to be sma"
platform/external/rust/crates/foreign-types,third_party,rust_crates,"androidbp,cargo","foreign-types Documentation A framework for Rust wrappers over C APIs. License Licensed under either of Apache License, Version 2.0, ( LICENSE-APACHE or http://www.apache.org/licenses/LICENSE-2.0 ) MIT license ( LICENSE-MIT or http://opensource.org/licenses/MIT ) at your option. Contribution Unless you explicitly state otherwise, any contribution intentionally submitted for inclusion in the work by you, as defined in the Apache-2.0 license, shall be dual licensed as above, without any additional terms or conditions."
platform/external/rust/crates/foreign-types-macros,third_party,rust_crates,,Bug: 230520099
platform/external/rust/crates/foreign-types-shared,third_party,rust_crates,"androidbp,cargo",Bug: 230519341
platform/external/rust/crates/form_urlencoded,third_party,rust_crates,"androidbp,cargo",Bug: 175870104
platform/external/rust/crates/fragile,third_party,rust_crates,"androidbp,cargo","Fragile This library provides wrapper types that permit sending non Send types to other threads and use runtime checks to ensure safety. It provides the Fragile<T> , Sticky<T> and SemiSticky<T> types which are similar in nature but have different behaviors with regards to how destructors are executed. The Fragile<T> will panic if the destructor is called in another thread, Sticky<T> will temporarily leak the object until the thread shuts down. SemiSticky<T> is a compromise of the two. It behaves like Sticky<T> but it avoids the use of thread local storage if the type does not need Drop . Example use std :: thread ; // creating and using a fragile object in the same thread works let val = Fragile :: new ( true ); assert_eq !(* val . get (), true ); assert !( val . try_get (). is_ok ()); // once send to another thread it stops working thread :: spawn ( move || { assert !( val . try_get (). is_err ()); }). join () . unwrap (); License and Links Documentation Issue Tracker License: Apache"
platform/external/rust/crates/fs-err,third_party,rust_crates,"androidbp,cargo,rs_file","fs-err fs-err is a drop-in replacement for std::fs that provides more helpful messages on errors. Extra information includes which operations was attempted and any involved paths. Error Messages Using std::fs , if this code fails: let file = File :: open ( ""does not exist.txt"" )?; The error message that Rust gives you isn't very useful: The system cannot find the file specified. (os error 2) ...but if we use fs-err instead, our error contains more actionable information: failed to open file `does not exist.txt` caused by: The system cannot find the file specified. (os error 2) Usage fs-err's API is the same as std::fs , so migrating code to use it is easy. // use std::fs; use fs_err as fs ; let contents = fs :: read_to_string ( ""foo.txt"" )?; println !( ""Read foo.txt: {}"" , contents ); fs-err uses std::io::Error for all errors. This helps fs-err compose well with traits from the standard library like std::io::Read and crates that use them like serde_json : use fs_err :: File ; let file"
platform/external/rust/crates/futures,third_party,rust_crates,"androidbp,cargo","futures-rs is a library providing the foundations for asynchronous programming in Rust. It includes key trait definitions like Stream , as well as utilities like join! , select! , and various futures combinator methods which enable expressive asynchronous control flow. Usage Add this to your Cargo.toml : [ dependencies ] futures = ""0.3"" The current futures requires Rust 1.56 or later. Feature std Futures-rs works without the standard library, such as in bare metal environments. However, it has a significantly reduced API surface. To use futures-rs in a #[no_std] environment, use: [ dependencies ] futures = { version = ""0.3"" , default - features = false } License Licensed under either of Apache License, Version 2.0 or MIT license at your option. Unless you explicitly state otherwise, any contribution intentionally submitted for inclusion in the work by you, as defined in the Apache-2.0 license, shall be dual licensed as above, without any additional terms or conditions."
platform/external/rust/crates/futures-channel,third_party,rust_crates,"androidbp,cargo","futures-channel Channels for asynchronous communication using futures-rs. Usage Add this to your Cargo.toml : [ dependencies ] futures - channel = ""0.3"" The current futures-channel requires Rust 1.56 or later. License Licensed under either of Apache License, Version 2.0 or MIT license at your option. Unless you explicitly state otherwise, any contribution intentionally submitted for inclusion in the work by you, as defined in the Apache-2.0 license, shall be dual licensed as above, without any additional terms or conditions."
platform/external/rust/crates/futures-core,third_party,rust_crates,"androidbp,cargo","futures-core The core traits and types in for the futures library. Usage Add this to your Cargo.toml : [ dependencies ] futures - core = ""0.3"" The current futures-core requires Rust 1.36 or later. License Licensed under either of Apache License, Version 2.0 or MIT license at your option. Unless you explicitly state otherwise, any contribution intentionally submitted for inclusion in the work by you, as defined in the Apache-2.0 license, shall be dual licensed as above, without any additional terms or conditions."
platform/external/rust/crates/futures-executor,third_party,rust_crates,"androidbp,cargo","futures-executor Executors for asynchronous tasks based on the futures-rs library. Usage Add this to your Cargo.toml : [ dependencies ] futures - executor = ""0.3"" The current futures-executor requires Rust 1.56 or later. License Licensed under either of Apache License, Version 2.0 or MIT license at your option. Unless you explicitly state otherwise, any contribution intentionally submitted for inclusion in the work by you, as defined in the Apache-2.0 license, shall be dual licensed as above, without any additional terms or conditions."
platform/external/rust/crates/futures-io,third_party,rust_crates,"androidbp,cargo","futures-io The AsyncRead , AsyncWrite , AsyncSeek , and AsyncBufRead traits for the futures-rs library. Usage Add this to your Cargo.toml : [ dependencies ] futures - io = ""0.3"" The current futures-io requires Rust 1.36 or later. License Licensed under either of Apache License, Version 2.0 or MIT license at your option. Unless you explicitly state otherwise, any contribution intentionally submitted for inclusion in the work by you, as defined in the Apache-2.0 license, shall be dual licensed as above, without any additional terms or conditions."
platform/external/rust/crates/futures-macro,third_party,rust_crates,"androidbp,cargo",Bug: 152066863
platform/external/rust/crates/futures-sink,third_party,rust_crates,"androidbp,cargo","futures-sink The asynchronous Sink trait for the futures-rs library. Usage Add this to your Cargo.toml : [ dependencies ] futures - sink = ""0.3"" The current futures-sink requires Rust 1.36 or later. License Licensed under either of Apache License, Version 2.0 or MIT license at your option. Unless you explicitly state otherwise, any contribution intentionally submitted for inclusion in the work by you, as defined in the Apache-2.0 license, shall be dual licensed as above, without any additional terms or conditions."
platform/external/rust/crates/futures-task,third_party,rust_crates,"androidbp,cargo","futures-task Tools for working with tasks. Usage Add this to your Cargo.toml : [ dependencies ] futures - task = ""0.3"" The current futures-task requires Rust 1.56 or later. License Licensed under either of Apache License, Version 2.0 or MIT license at your option. Unless you explicitly state otherwise, any contribution intentionally submitted for inclusion in the work by you, as defined in the Apache-2.0 license, shall be dual licensed as above, without any additional terms or conditions."
platform/external/rust/crates/futures-test,third_party,rust_crates,"androidbp,cargo","futures-test Common utilities for testing components built off futures-rs. Usage Add this to your Cargo.toml : [ dependencies ] futures - test = ""0.3"" The current futures-test requires Rust 1.56 or later. License Licensed under either of Apache License, Version 2.0 or MIT license at your option. Unless you explicitly state otherwise, any contribution intentionally submitted for inclusion in the work by you, as defined in the Apache-2.0 license, shall be dual licensed as above, without any additional terms or conditions."
platform/external/rust/crates/futures-util,third_party,rust_crates,"androidbp,cargo","futures-util Common utilities and extension traits for the futures-rs library. Usage Add this to your Cargo.toml : [ dependencies ] futures - util = ""0.3"" The current futures-util requires Rust 1.56 or later. License Licensed under either of Apache License, Version 2.0 or MIT license at your option. Unless you explicitly state otherwise, any contribution intentionally submitted for inclusion in the work by you, as defined in the Apache-2.0 license, shall be dual licensed as above, without any additional terms or conditions."
platform/external/rust/crates/fxhash,third_party,rust_crates,"androidbp,cargo,rs_file","Fx Hash This hashing algorithm was extracted from the Rustc compiler. This is the same hashing algoirthm used for some internal operations in FireFox. The strength of this algorithm is in hashing 8 bytes at a time on 64-bit platforms, where the FNV algorithm works on one byte at a time. Disclaimer It is not a cryptographically secure hash, so it is strongly recommended that you do not use this hash for cryptographic purproses. Furthermore, this hashing algorithm was not designed to prevent any attacks for determining collisions which could be used to potentially cause quadratic behavior in HashMap s. So it is not recommended to expose this hash in places where collissions or DDOS attacks may be a concern. Examples Building an Fx backed hashmap. extern crate fxhash ; use fxhash :: FxHashMap ; let mut hashmap = FxHashMap :: new (); hashmap . insert ( ""black"" , 0 ); hashmap . insert ( ""white"" , 255 ); Building an Fx backed hashset. extern crate fxhash ; use fxhash :: FxHashSet ; let mut h"
platform/external/rust/crates/gbm,third_party,rust_crates,"androidbp,cargo","Safe libgbm bindings for rust The Generic Buffer Manager This module provides an abstraction that the caller can use to request a buffer from the underlying memory management system for the platform. This allows the creation of portable code whilst still allowing access to the underlying memory manager. This library is best used in combination with drm-rs , provided through the drm-support feature. Usage Add to your Cargo.toml gbm = ""0.14.2"" Example extern crate drm ; extern crate gbm ; use drm :: control ::{ self , crtc , framebuffer }; use gbm ::{ BufferObjectFlags , Device , Format }; // ... init your drm device ... let drm = init_drm_device (); // init a GBM device let gbm = Device :: new ( drm ). unwrap (); // create a buffer let mut bo = gbm . create_buffer_object ::<()>( 1280 , 720 , Format :: Argb8888 , BufferObjectFlags :: SCANOUT | BufferObjectFlags :: WRITE , ) . unwrap (); // write something to it (usually use import or egl rendering instead) let buffer = { let mut buffer ="
platform/external/rust/crates/gdbstub,third_party,rust_crates,"androidbp,cargo,rustfmt","gdbstub An ergonomic, featureful, and easy-to-integrate implementation of the GDB Remote Serial Protocol in Rust, with no-compromises #![no_std] support. gdbstub makes it easy to integrate powerful guest debugging support to your emulator / hypervisor / debugger / embedded project. By implementing just a few basic methods of the gdbstub::Target trait, you can have a rich GDB debugging session up and running in no time! gdbstub 's API makes extensive use of a technique called Inlineable Dyn Extension Traits (IDETs) to expose fine-grained, zero-cost control over enabled GDB protocol features without relying on compile-time features flags. Aside from making it effortless to toggle enabled protocol features, IDETs also ensure that any unimplemented features are guaranteed to be dead-code-eliminated in release builds! If you're looking for a quick snippet of example code to see what a featureful gdbstub integration might look like, check out examples/armv4t/gdb/mod.rs Documentation (gdbstub"
platform/external/rust/crates/gdbstub_arch,third_party,rust_crates,"androidbp,cargo","gdbstub_arch Community-contributed implementations of gdbstub::arch::Arch for various architectures. Note: If an architecture is missing from this crate, that does not mean that it can‘t be used with gdbstub ! So-long as there’s support for the target architecture in GDB, it should be fairly straightforward to implement Arch manually. Please consider upstreaming any missing Arch implementations you happen to implement yourself! Aside from the altruistic motive of improving gdbstub , upstreaming your Arch implementation will ensure that it's kept up-to-date with any future breaking API changes. Disclaimer: These implementations are all community contributions, and while they are tested (by the PR‘s author) and code-reviewed, it’s not particularly feasible to write detailed tests for each architecture! If you spot a bug in any of the implementations, please file an issue / open a PR!"
platform/external/rust/crates/getopts,third_party,rust_crates,,Bug: 277751549
platform/external/rust/crates/getrandom,third_party,rust_crates,"androidbp,cargo","getrandom A Rust library for retrieving random data from (operating) system sources. It is assumed that the system always provides high-quality cryptographically secure random data, ideally backed by hardware entropy sources. This crate derives its name from Linux‘s getrandom function, but is cross-platform, roughly supporting the same set of platforms as Rust’s std lib. This is a low-level API. Most users should prefer using high-level random-number library like rand . Usage Add this to your Cargo.toml : [ dependencies ] getrandom = ""0.2"" Then invoke the getrandom function: fn get_random_buf () -> Result <[ u8 ; 32 ], getrandom :: Error > { let mut buf = [ 0u8 ; 32 ]; getrandom :: getrandom (& mut buf )?; Ok ( buf ) } For more information about supported targets, entropy sources, no_std targets, crate features, WASM support and Custom RNGs see the getrandom documentation and getrandom::Error documentation . Minimum Supported Rust Version This crate requires Rust 1.36.0 or later. Platf"
platform/external/rust/crates/gimli,third_party,rust_crates,,Bug: 276730421
platform/external/rust/crates/glam,third_party,rust_crates,"androidbp,cargo","glam A simple and fast 3D math library for games and graphics. Development status glam is in beta stage. Base functionality has been implemented and the look and feel of the API has solidified. Features f32 types vectors: Vec2 , Vec3 , Vec3A and Vec4 square matrices: Mat2 , Mat3 , Mat3A and Mat4 a quaternion type: Quat affine transformation types: Affine2 and Affine3A f64 types vectors: DVec2 , DVec3 and DVec4 square matrices: DMat2 , DMat3 and DMat4 a quaternion type: DQuat affine transformation types: DAffine2 and DAffine3 i16 types vectors: I16Vec2 , I16Vec3 and I16Vec4 u16 types vectors: U16Vec2 , U16Vec3 and U16Vec4 i32 types vectors: IVec2 , IVec3 and IVec4 u32 types vectors: UVec2 , UVec3 and UVec4 i64 types vectors: I64Vec2 , I64Vec3 and I64Vec4 u64 types vectors: U64Vec2 , U64Vec3 and U64Vec4 bool types vectors: BVec2 , BVec3 and BVec4 SIMD The Vec3A , Vec4 , Quat , Mat2 , Mat3A , Mat4 , Affine2 and Affine3A types use 128-bit wide SIMD vector types for storage on x86 , x86_64"
platform/external/rust/crates/glob,third_party,rust_crates,"androidbp,cargo","glob Support for matching file paths against Unix shell style patterns. Documentation Usage To use glob , add this to your Cargo.toml : [ dependencies ] glob = ""0.3.1"" And add this to your crate root: extern crate glob ; Examples Print all jpg files in /media/ and all of its subdirectories. use glob :: glob ; for entry in glob ( ""/media/**/*.jpg"" ). expect ( ""Failed to read glob pattern"" ) { match entry { Ok ( path ) => println !( ""{:?}"" , path . display ()), Err ( e ) => println !( ""{:?}"" , e ), } }"
platform/external/rust/crates/googletest,third_party,rust_crates,"androidbp,cargo","GoogleTest Rust This library brings the rich assertion types of Google's C++ testing library GoogleTest to Rust. It provides: A framework for writing matchers which can be combined to make a wide range of assertions on data, A rich set of matchers providing similar functionality to those included in GoogleTest , and A new set of assertion macros offering similar functionality to those of GoogleTest . The minimum supported Rust version is 1.66 . :warning: The API is not fully stable and may still be changed until we publish version 1.0. Moreover, any items or modules starting with __ (double underscores) must not be used directly. Those items or modules are only for internal uses and their API may change without a major version update. Assertions and matchers The core of GoogleTest is its matchers . Matchers indicate what aspect of an actual value one is asserting: (in-)equality, containment, regular expression matching, and so on. To make an assertion using a matcher, GoogleTest offers"
platform/external/rust/crates/googletest_macro,third_party,rust_crates,"androidbp,cargo",Procedural macros for GoogleTest Rust This crate is only useful as a dependency of GoogleTest Rust . It cannot be used on its own.
platform/external/rust/crates/gpio-cdev,third_party,rust_crates,"androidbp,cargo","gpio-cdev API Documentation rust-gpio-cdev is a Rust library/crate providing access to GPIO character device ABI . This API, stabilized with Linux v4.4, deprecates the legacy sysfs interface to GPIOs that is planned to be removed from the upstream kernel after year 2020 (which is coming up quickly). Use of this API is encouraged over the sysfs API used by this crate‘s predecessor sysfs_gpio if you don’t need to target older kernels. For more information on differences see Sysfs GPIO vs GPIO Character Device . Installation Add the following to your Cargo.toml [dependencies] gpio-cdev = ""0.4"" Note that the following features are available: async-tokio : Adds a Stream interface for consuming GPIO events in async code within a tokio runtime. Examples There are several additional examples available in the examples directory . Read State use gpio_cdev ::{ Chip , LineRequestFlags }; // Read the state of GPIO4 on a raspberry pi. /dev/gpiochip0 // maps to the driver for the SoC (builtin) GPIO c"
platform/external/rust/crates/grpcio,third_party,rust_crates,"androidbp,cargo","gRPC-rs gRPC-rs is a Rust wrapper of gRPC Core . gRPC is a high performance, open source universal RPC framework that puts mobile and HTTP/2 first. Status This project is still under development. The following features with the check marks are supported: [x] Basic asynchronous unary/steaming call [x] SSL [x] Generic call [x] Connection level compression [x] Interoperability test [x] QPS benchmark [ ] Custom metadata [x] Health check [ ] Reflection [X] Authentication [ ] Load balance, client side is fully supported, server side load report is not implemented yet. Prerequisites CMake >= 3.8.0 Rust >= 1.36.0 binutils >= 2.22 LLVM and Clang >= 3.9 if you need to generate bindings at compile time. For Linux and MacOS, you also need to install gcc 7.3+ (or clang 6+) too. Bindings are pre-generated for x86_64/arm64 Linux. For other platforms, bindings are generated at compile time. For Windows, you also need to install following software: Active State Perl yasm Visual Studio 2015+ Build $ car"
platform/external/rust/crates/grpcio-compiler,third_party,rust_crates,"androidbp,cargo",Bug: 172247654
platform/external/rust/crates/grpcio-sys,third_party,rust_crates,"androidbp,cargo,rs_file",Bug: 170765308
platform/external/rust/crates/h2,third_party,rust_crates,"androidbp,cargo","H2 A Tokio aware, HTTP/2 client & server implementation for Rust. More information about this crate can be found in the crate documentation . Features Client and server HTTP/2 implementation. Implements the full HTTP/2 specification. Passes h2spec . Focus on performance and correctness. Built on Tokio . Non goals This crate is intended to only be an implementation of the HTTP/2 specification. It does not handle: Managing TCP connections HTTP 1.0 upgrade TLS Any feature not described by the HTTP/2 specification. This crate is now used by hyper , which will provide all of these features. Usage To use h2 , first add this to your Cargo.toml : [ dependencies ] h2 = ""0.4"" Next, add this to your crate: extern crate h2 ; use h2 :: server :: Connection ; fn main () { // ... } FAQ How does h2 compare to solicit or rust-http2 ? The h2 library has implemented more of the details of the HTTP/2 specification than any other Rust library. It also passes the h2spec set of tests. The h2 library is rapid"
platform/external/rust/crates/half,third_party,rust_crates,"androidbp,cargo","f16 and bf16 floating point types for Rust This crate implements a half-precision floating point f16 type for Rust implementing the IEEE 754-2008 standard binary16 a.k.a half format, as well as a bf16 type implementing the bfloat16 format. Usage The f16 and bf16 types provides conversion operations as a normal Rust floating point type, but since they are primarily leveraged for minimal floating point storage and most major hardware does not implement them, all math operations are done as an f32 type under the hood. Complex arithmetic should manually convert to and from f32 for better performance. This crate provides no_std support by default so can easily be used in embedded code where a smaller float format is most useful. Requires Rust 1.58 or greater. If you need support for older versions of Rust, use 1.x versions of this crate. See the crate documentation for more details. Optional Features serde - Implement Serialize and Deserialize traits for f16 and bf16 . This adds a dependenc"
platform/external/rust/crates/hash32,third_party,rust_crates,,Bug: 276726120
platform/external/rust/crates/hashbrown,third_party,rust_crates,"androidbp,cargo","hashbrown This crate is a Rust port of Google‘s high-performance SwissTable hash map, adapted to make it a drop-in replacement for Rust’s standard HashMap and HashSet types. The original C++ version of SwissTable can be found here , and this CppCon talk gives an overview of how the algorithm works. Since Rust 1.36, this is now the HashMap implementation for the Rust standard library. However you may still want to use this crate instead since it works in environments without std , such as embedded systems and kernels. Change log Features Drop-in replacement for the standard library HashMap and HashSet types. Uses AHash as the default hasher, which is much faster than SipHash. However, AHash does not provide the same level of HashDoS resistance as SipHash, so if that is important to you, you might want to consider using a different hasher. Around 2x faster than the previous standard library HashMap . Lower memory usage: only 1 byte of overhead per entry instead of 8. Compatible with #[no"
platform/external/rust/crates/hashlink,third_party,rust_crates,"androidbp,cargo","hashlink -- HashMap-like containers that hold their key-value pairs in a user controllable order This crate is a fork of linked-hash-map that builds on top of hashbrown to implement more up to date versions of LinkedHashMap LinkedHashSet , and LruCache . One important API change is that when a LinkedHashMap is used as a LRU cache, it allows you to easily retrieve an entry and move it to the back OR produce a new entry at the back without needlessly repeating key hashing and lookups: let mut lru_cache = LinkedHashMap :: new (); let key = ""key"" . to_owned (); // Try to find my expensive to construct and hash key let _cached_val = match lru_cache . raw_entry_mut (). from_key (& key ) { RawEntryMut :: Occupied ( mut occupied ) => { // Cache hit, move entry to the back. occupied . to_back (); occupied . into_mut () } RawEntryMut :: Vacant ( vacant ) => { // Insert expensive to construct key and expensive to compute value, // automatically inserted at the back. vacant . insert ( key . clone"
platform/external/rust/crates/heapless,third_party,rust_crates,,Bug: 278264260
platform/external/rust/crates/heck,third_party,rust_crates,"androidbp,cargo","heck is a case conversion library This library exists to provide case conversion between common cases like CamelCase and snake_case. It is intended to be unicode aware, internally consistent, and reasonably well performing. Definition of a word boundary Word boundaries are defined as the “unicode words” defined in the unicode_segmentation library, as well as within those words in this manner: All underscore characters are considered word boundaries. If an uppercase character is followed by lowercase letters, a word boundary is considered to be just prior to that uppercase character. If multiple uppercase characters are consecutive, they are considered to be within a single word, except that the last will be part of the next word if it is followed by lowercase characters (see rule 2). That is, “HelloWorld” is segmented Hello|World whereas “XMLHttpRequest” is segmented XML|Http|Request . Characters not within words (such as spaces, punctuations, and underscores) are not included in the o"
platform/external/rust/crates/hermit-abi,third_party,rust_crates,,Bug: 276730041
platform/external/rust/crates/hex,third_party,rust_crates,"androidbp,cargo","hex Encoding and decoding data into/from hexadecimal representation. Examples Encoding a String let hex_string = hex :: encode ( ""Hello world!"" ); println !( ""{}"" , hex_string ); // Prints ""48656c6c6f20776f726c6421"" Decoding a String let decoded_string = hex :: decode ( ""48656c6c6f20776f726c6421"" ); println !( ""{}"" , decoded_string ); // Prints ""Hello world!"" You can find the documentation here. Installation In order to use this crate, you have to add it under [dependencies] to your Cargo.toml [ dependencies ] hex = ""0.4"" By default this will import std , if you are working in a no_std environment you can turn this off by adding the following [ dependencies ] hex = { version = ""0.4"" , default - features = false } Features std : Enabled by default. Add support for Rust's libstd types. serde : Disabled by default. Add support for serde de/serializing library. See the serde module documentation for usage. License Licensed under either of Apache License, Version 2.0, ( LICENSE-APACHE or ht"
platform/external/rust/crates/hickory-proto,third_party,rust_crates,cargo,"Overview Hickory DNS Proto is the foundational DNS protocol library and implementation for Hickory DNS. Unless you want to manipulate the DNS packets directly, it is likely not the library you want. Please see Hickory DNS Resolver , Client , or Server for higher level interfaces. NOTICE This project was rebranded from Trust-DNS to Hickory DNS and has been moved to the https://github.com/hickory-dns/hickory-dns organization and repo, this crate/binary has been moved to hickory-proto , from 0.24 and onward, for prior versions see trust-dns-proto . Minimum Rust Version The current minimum rustc version for this project is 1.67 Versioning Hickory DNS does it's best job to follow semver. Hickory DNS will be promoted to 1.0 upon stabilization of the publicly exposed APIs. This does not mean that Hickory DNS will necessarily break on upgrades between 0.x updates. Whenever possible, old APIs will be deprecated with notes on what replaced those deprecations. Hickory DNS will make a best effort"
platform/external/rust/crates/hound,third_party,rust_crates,"androidbp,cargo","Hound A wav encoding and decoding library in Rust. Hound can read and write the WAVE audio format, an ubiquitous format for raw, uncompressed audio. The main motivation to write it was to test Claxon , a FLAC decoding library written in Rust. Examples The following example renders a 440 Hz sine wave, and stores it as a mono wav file with a sample rate of 44.1 kHz and 16 bits per sample. use std :: f32 :: consts :: PI ; use std :: i16 ; use hound ; let spec = hound :: WavSpec { channels : 1 , sample_rate : 44100 , bits_per_sample : 16 , sample_format : hound :: SampleFormat :: Int , }; let mut writer = hound :: WavWriter :: create ( ""sine.wav"" , spec ). unwrap (); for t in ( 0 .. 44100 ). map (| x | x as f32 / 44100.0 ) { let sample = ( t * 440.0 * 2.0 * PI ). sin (); let amplitude = i16 :: MAX as f32 ; writer . write_sample (( sample * amplitude ) as i16 ). unwrap (); } The file is finalized implicitly when the writer is dropped, call writer.finalize() to observe errors. The following"
platform/external/rust/crates/http,third_party,rust_crates,"androidbp,cargo","HTTP A general purpose library of common HTTP types More information about this crate can be found in the crate documentation . Usage To use http , first add this to your Cargo.toml : [ dependencies ] http = ""0.2"" Next, add this to your crate: use http ::{ Request , Response }; fn main () { // ... } Examples Create an HTTP request: use http :: Request ; fn main () { let request = Request :: builder () . uri ( ""https://www.rust-lang.org/"" ) . header ( ""User-Agent"" , ""awesome/1.0"" ) . body (()) . unwrap (); } Create an HTTP response: use http ::{ Response , StatusCode }; fn main () { let response = Response :: builder () . status ( StatusCode :: MOVED_PERMANENTLY ) . header ( ""Location"" , ""https://www.rust-lang.org/install.html"" ) . body (()) . unwrap (); } Supported Rust Versions This project follows the Tokio MSRV and is currently set to 1.49 . License Licensed under either of Apache License, Version 2.0 ( LICENSE-APACHE or https://apache.org/licenses/LICENSE-2.0 ) MIT license ( LICENS"
platform/external/rust/crates/http-body,third_party,rust_crates,"androidbp,cargo","HTTP Body A trait representing asynchronous operations on an HTTP body. License This project is licensed under the MIT license . Contribution Unless you explicitly state otherwise, any contribution intentionally submitted for inclusion in http-body by you, shall be licensed as MIT, without any additional terms or conditions."
platform/external/rust/crates/httparse,third_party,rust_crates,"androidbp,cargo,rs_file","httparse A push parser for the HTTP 1.x protocol. Avoids allocations. No copy. Fast. Works with no_std , simply disable the std Cargo feature. Changelog Usage let mut headers = [ httparse :: EMPTY_HEADER ; 64 ]; let mut req = httparse :: Request :: new (& mut headers ); let buf = b ""GET /index.html HTTP/1.1\r\nHost"" ; assert !( req . parse ( buf )?. is_partial ()); // a partial request, so we try again once we have more data let buf = b ""GET /index.html HTTP/1.1\r\nHost: example.domain\r\n\r\n"" ; assert !( req . parse ( buf )?. is_complete ()); License Licensed under either of Apache License, Version 2.0 ( LICENSE-APACHE or https://apache.org/licenses/LICENSE-2.0 ) MIT license ( LICENSE-MIT or https://opensource.org/licenses/MIT ) Contribution Unless you explicitly state otherwise, any contribution intentionally submitted for inclusion in the work by you, as defined in the Apache-2.0 license, shall be dual licensed as above, without any additional terms or conditions."
platform/external/rust/crates/httpdate,third_party,rust_crates,"androidbp,cargo","Date and time utils for HTTP. Multiple HTTP header fields store timestamps. For example a response created on May 15, 2015 may contain the header Date: Fri, 15 May 2015 15:34:21 GMT . Since the timestamp does not contain any timezone or leap second information it is equvivalent to writing 1431696861 Unix time. Rust’s SystemTime is used to store these timestamps. This crate provides two public functions: parse_http_date to parse a HTTP datetime string to a system time fmt_http_date to format a system time to a IMF-fixdate In addition it exposes the HttpDate type that can be used to parse and format timestamps. Convert a sytem time to HttpDate and vice versa. The HttpDate (8 bytes) is smaller than SystemTime (16 bytes) and using the display impl avoids a temporary allocation. Read the blog post to learn more. Fuzz it by installing cargo-fuzz and running cargo fuzz run fuzz_target_1 ."
platform/external/rust/crates/hyper,third_party,rust_crates,"androidbp,cargo",Bug: 342499482
platform/external/rust/crates/hyper-timeout,third_party,rust_crates,"androidbp,cargo","hyper-timeout A connect, read and write timeout aware connector to be used with hyper Client . Problem At the time this crate was created, hyper does not support timeouts. There is a way to do general timeouts, but no easy way to get connect, read and write specific timeouts. Solution There is a TimeoutConnector that implements the hyper::Connect trait. This connector wraps around HttpConnector or HttpsConnector values and provides timeouts. Note: In hyper 0.11, a read or write timeout will return a broken pipe error because of the way tokio_proto::ClientProto works Usage Hyper version compatibility: The master branch will track on going development for hyper. The 0.4 release supports hyper 0.14. The 0.3 release supports hyper 0.13. The 0.2 release supports hyper 0.12. The 0.1 release supports hyper 0.11. Assuming you are using hyper 0.14, add this to your Cargo.toml : [ dependencies ] hyper - timeout = ""0.4"" See the client example for a working example. License Licensed under either o"
platform/external/rust/crates/icu_capi,third_party,rust_crates,,Bug: 289141026
platform/external/rust/crates/ident_case,third_party,rust_crates,"androidbp,cargo","Crate for manipulating case of identifiers in Rust programs. Features Supports snake_case , lowercase , camelCase , PascalCase , SCREAMING_SNAKE_CASE , and kebab-case Rename variants, and fields Examples assert_eq !( ""helloWorld"" , RenameRule :: CamelCase . apply_to_field ( ""hello_world"" )); assert_eq !( ""i_love_serde"" , RenameRule :: SnakeCase . apply_to_variant ( ""ILoveSerde"" ));"
platform/external/rust/crates/idna,third_party,rust_crates,"androidbp,cargo",Bug: 175870120
platform/external/rust/crates/indexmap,third_party,rust_crates,"androidbp,cargo,rs_file","indexmap A pure-Rust hash table which preserves (in a limited sense) insertion order. This crate implements compact map and set data-structures, where the iteration order of the keys is independent from their hash or value. It preserves insertion order (except after removals), and it allows lookup of entries by either hash table key or numerical index. Note: this crate was originally released under the name ordermap , but it was renamed to indexmap to better reflect its features. Background This was inspired by Python 3.6's new dict implementation (which remembers the insertion order and is fast to iterate, and is compact in memory). Some of those features were translated to Rust, and some were not. The result was indexmap, a hash table that has following properties: Order is independent of hash function and hash values of keys. Fast to iterate. Indexed in compact space. Preserves insertion order as long as you don't call .remove() . Uses hashbrown for the inner table, just like Rust's"
platform/external/rust/crates/inflector,third_party,rust_crates,,Bug: 269299925
platform/external/rust/crates/ini,third_party,rust_crates,,Bug: 299374255
platform/external/rust/crates/inotify,third_party,rust_crates,"androidbp,cargo","inotify-rs Idiomatic inotify wrapper for the Rust programming language . extern crate inotify ; use std :: env ; use inotify ::{ EventMask , WatchMask , Inotify , }; fn main () { let mut inotify = Inotify :: init () . expect ( ""Failed to initialize inotify"" ); let current_dir = env :: current_dir () . expect ( ""Failed to determine current directory"" ); inotify . watches () . add ( current_dir , WatchMask :: MODIFY | WatchMask :: CREATE | WatchMask :: DELETE , ) . expect ( ""Failed to add inotify watch"" ); println !( ""Watching current directory for activity..."" ); let mut buffer = [ 0u8 ; 4096 ]; loop { let events = inotify . read_events_blocking (& mut buffer ) . expect ( ""Failed to read inotify events"" ); for event in events { if event . mask . contains ( EventMask :: CREATE ) { if event . mask . contains ( EventMask :: ISDIR ) { println !( ""Directory created: {:?}"" , event . name ); } else { println !( ""File created: {:?}"" , event . name ); } } else if event . mask . contains ( EventM"
platform/external/rust/crates/inotify-sys,third_party,rust_crates,"androidbp,cargo","inotify-sys Low-level inotify bindings for the Rust programming language . This crate‘s main purpose is to serve as the base for inotify-rs , the idiomatic Rust wrapper around inotify. Unless you’re sure you specifically need this crate, please use inotify-rs instead. License Copyright (c) 2014-2017, Hanno Braun and contributors Permission to use, copy, modify, and/or distribute this software for any purpose with or without fee is hereby granted, provided that the above copyright notice and this permission notice appear in all copies. THE SOFTWARE IS PROVIDED “AS IS” AND THE AUTHOR DISCLAIMS ALL WARRANTIES WITH REGARD TO THIS SOFTWARE INCLUDING ALL IMPLIED WARRANTIES OF MERCHANTABILITY AND FITNESS. IN NO EVENT SHALL THE AUTHOR BE LIABLE FOR ANY SPECIAL, DIRECT, INDIRECT, OR CONSEQUENTIAL DAMAGES OR ANY DAMAGES WHATSOEVER RESULTING FROM LOSS OF USE, DATA OR PROFITS, WHETHER IN AN ACTION OF CONTRACT, NEGLIGENCE OR OTHER TORTIOUS ACTION, ARISING OUT OF OR IN CONNECTION WITH THE USE OR PER"
platform/external/rust/crates/instant,third_party,rust_crates,"androidbp,cargo","Instant If you call std::time::Instant::now() on a WASM platform, it will panic. This crate provides a partial replacement for std::time::Instant that works on WASM too. This defines the type instant::Instant which is: A struct emulating the behavior of std::time::Instant if you are targeting wasm32-unknown-unknown or wasm32-unknown-asmjs and you enabled either the stdweb or the wasm-bindgen feature. This emulation is based on the javascript performance.now() function. A type alias for std::time::Instant otherwise. Note that even if the stdweb or wasm-bindgen feature is enabled, this crate will continue to rely on std::time::Instant as long as you are not targeting wasm32. This allows for portable code that will work on both native and WASM platforms. This crate also exports the function instant::now() which returns a representation of the current time as an f64 , expressed in milliseconds, in a platform-agnostic way. instant::now() will either: Call performance.now() when compiling fo"
platform/external/rust/crates/intrusive-collections,third_party,rust_crates,"androidbp,cargo","intrusive-collections A Rust library for creating intrusive collections. Currently supports singly-linked and doubly-linked lists, as well as red-black trees. Features Compatible with #[no_std] . Intrusive collections don't require any dynamic memory allocation since they simply keep track of existing objects rather than allocating new ones. You can safely manipulate intrusive collections without any unsafe code. A single object can be a member of multiple intrusive collections simultaneously. Intrusive collections provide a Cursor -based interface, which allows safe mutation while iterating. For examples and more information, see the documentation ( crates.io , master ). Usage Add this to your Cargo.toml : [ dependencies ] intrusive - collections = ""0.9"" This crate has two Cargo features: nightly : Enables nightly-only features: const fn constructors for collections ( Link constructors are always const fn ) alloc (enabled by default): Implements IntrusivePointer for Box , Rc and Arc ."
platform/external/rust/crates/ipnet,third_party,rust_crates,cargo,"This module provides types and useful methods for working with IPv4 and IPv6 network addresses, commonly called IP prefixes. The new IpNet , Ipv4Net , and Ipv6Net types build on the existing IpAddr , Ipv4Addr , and Ipv6Addr types already provided in Rust's standard library and align to their design to stay consistent. The module also provides the IpSubnets , Ipv4Subnets , and Ipv6Subnets types for iterating over the subnets contained in an IP address range. The IpAddrRange , Ipv4AddrRange , and Ipv6AddrRange types for iterating over IP addresses in a range. And traits that extend Ipv4Addr and Ipv6Addr with methods for addition, subtraction, bitwise-and, and bitwise-or operations that are missing in Rust's standard library. The module only uses stable features so it is guaranteed to compile using the stable toolchain. Tests aim for thorough coverage and can be found in both the test modules and doctests. Please file an issue on GitHub if you have any problems, requests, or suggested imp"
platform/external/rust/crates/itertools,third_party,rust_crates,"androidbp,cargo","Itertools Extra iterator adaptors, functions and macros. Please read the API documentation here . How to use with Cargo: [ dependencies ] itertools = ""0.10.5"" How to use in your crate: use itertools :: Itertools ; How to contribute Fix a bug or implement a new thing Include tests for your new feature, preferably a QuickCheck test Make a Pull Request For new features, please first consider filing a PR to rust-lang/rust , adding your new feature to the Iterator trait of the standard library, if you believe it is reasonable. If it isn‘t accepted there, proposing it for inclusion in itertools is a good idea. The reason for doing is this is so that we avoid future breakage as with .flatten() . However, if your feature involves heap allocation, such as storing elements in a Vec<T> , then it can’t be accepted into libcore , and you should propose it for itertools directly instead. License Dual-licensed to be compatible with the Rust project. Licensed under the Apache License, Version 2.0 http"
platform/external/rust/crates/itoa,third_party,rust_crates,"androidbp,cargo","itoa This crate provides a fast conversion of integer primitives to decimal strings. The implementation comes straight from libcore but avoids the performance penalty of going through core::fmt::Formatter . See also ryu for printing floating point primitives. Version requirement: rustc 1.36+ [ dependencies ] itoa = ""1.0"" Example fn main () { let mut buffer = itoa :: Buffer :: new (); let printed = buffer . format ( 128u64 ); assert_eq !( printed , ""128"" ); } Performance (lower is better) License"
platform/external/rust/crates/jni,third_party,rust_crates,"androidbp,cargo","JNI Bindings for Rust This project provides complete JNI bindings for Rust, allowing to: Implement native Java methods for JVM and Android in Rust Call Java code from Rust Embed JVM in Rust applications and use any Java libraries See the docs for more details. Example cd example make Contribution See the Contribution Guide for details. License Licensed under either of Apache License, Version 2.0 ( LICENSE-APACHE or http://www.apache.org/licenses/LICENSE-2.0 ) MIT license ( LICENSE-MIT or http://opensource.org/licenses/MIT ) at your option."
platform/external/rust/crates/jni-sys,third_party,rust_crates,"androidbp,cargo","jni-sys Documentation Rust definitions corresponding to jni.h. License Licensed under either of Apache License, Version 2.0, ( LICENSE-APACHE or http://www.apache.org/licenses/LICENSE-2.0 ) MIT license ( LICENSE-MIT or http://opensource.org/licenses/MIT ) at your option. Contribution Unless you explicitly state otherwise, any contribution intentionally submitted for inclusion in the work by you, as defined in the Apache-2.0 license, shall be dual licensed as above, without any additional terms or conditions."
platform/external/rust/crates/json5,third_party,rust_crates,,Bug: 298811524
platform/external/rust/crates/kernlog,third_party,rust_crates,"androidbp,cargo","Kernel logger for Rust Logger implementation for low level kernel log (using /dev/kmsg ) Usually intended for low level implementations, like systemd generators , which have to use /dev/kmsg : Since syslog is not available (see above) write log messages to /dev/kmsg instead. Full documentation. Usage [ dependencies ] log = ""0.4"" kernlog = ""0.3"" #[ macro_use ] extern crate log ; extern crate kernlog ; fn main () { kernlog :: init (). unwrap (); warn !( ""something strange happened"" ); } Note you have to have permissions to write to /dev/kmsg , which normal users (not root) usually don't."
platform/external/rust/crates/lazy_static,third_party,rust_crates,"androidbp,cargo","lazy-static.rs A macro for declaring lazily evaluated statics in Rust. Using this macro, it is possible to have static s that require code to be executed at runtime in order to be initialized. This includes anything requiring heap allocations, like vectors or hash maps, as well as anything that requires non-const function calls to be computed. Minimum supported rustc 1.27.2+ This version is explicitly tested in CI and may only be bumped in new minor versions. Any changes to the supported minimum version will be called out in the release notes. Getting Started lazy-static.rs is available on crates.io . It is recommended to look there for the newest released version, as well as links to the newest builds of the docs. At the point of the last update of this README, the latest published version could be used like this: Add the following dependency to your Cargo manifest... [ dependencies ] lazy_static = ""1.4.0"" ...and see the docs for how to use it. Example #[ macro_use ] extern crate lazy"
platform/external/rust/crates/lazycell,third_party,rust_crates,"androidbp,cargo","lazycell Rust library providing a lazily filled Cell. Table of Contents Usage Contributing Credits License Usage Add the following to your Cargo.toml : [ dependencies ] lazycell = ""1.3"" And in your lib.rs or main.rs : extern crate lazycell ; See the API docs for information on using the crate in your library. Contributing Contributions are always welcome! If you have an idea for something to add (code, documentation, tests, examples, etc.) feel free to give it a shot. Please read CONTRIBUTING.md before you start contributing. Credits The LazyCell library is based originally on work by The Rust Project Developers for the project crates.io . The list of contributors to this project can be found at CONTRIBUTORS.md . License LazyCell is distributed under the terms of both the MIT license and the Apache License (Version 2.0). See LICENSE-APACHE , and LICENSE-MIT for details."
platform/external/rust/crates/libbpf-rs,third_party,rust_crates,"androidbp,cargo,rs_file","libbpf-rs Idiomatic Rust wrapper around libbpf . Changelog To use in your project, add into your Cargo.toml : [ dependencies ] libbpf - rs = ""0.24"" See full documentation here . This crate adheres to Cargo's semantic versioning rules . At a minimum, it builds with the most recent Rust stable release minus five minor versions (“N - 5”). E.g., assuming the most recent Rust stable is 1.68 , the crate is guaranteed to build with 1.63 and higher. Contributing We welcome all contributions! Please see the contributor's guide for more information."
platform/external/rust/crates/libbpf-sys,third_party,rust_crates,"androidbp,cargo,rs_file","libbpf-sys Rust bindings to libbpf from the Linux kernel Maintainer: Alex Forster < alex@alexforster.com > License: BSD-2-Clause libbpf-sys is the packaged result of using bindgen to automatically generate Rust FFI bindings to libbpf from the Linux kernel. Warning: this crate does not provide a high-level or “safe” API wrapper around libbpf . If you are looking for an easier way to use libbpf , check out these other crates that implement higher-level APIs using libbpf-sys ... afxdp: a Rust interface for AF_XDP – GitHub | Crates.io libbpf-cargo: Cargo plugin to build bpf programs – GitHub | Crates.io libbpf-rs: a safe, idiomatic, and opinionated wrapper around libbpf-sys – GitHub | Crates.io rebpf: write and load eBPF programs in Rust – GitHub | Crates.io xsk-rs: a Rust interface for Linux AF_XDP sockets – Github | Crates.io The community is encouraged to build higher-level crates using libbpf-sys . Please let me know if you do! Building As part of the cargo build process, an included c"
platform/external/rust/crates/libc,third_party,rust_crates,"androidbp,cargo,rs_file,rustfmt","libc - Raw FFI bindings to platforms' system libraries libc provides all of the definitions necessary to easily interoperate with C code (or “C-like” code) on each of the platforms that Rust supports. This includes type definitions (e.g. c_int ), constants (e.g. EINVAL ) as well as function headers (e.g. malloc ). This crate exports all underlying platform types, functions, and constants under the crate root, so all items are accessible as libc::foo . The types and values of all the exported APIs match the platform that libc is compiled for. More detailed information about the design of this library can be found in its associated RFC . v0.3 Roadmap The main branch is now for v0.3 which has some breaking changes. For v0.2, please submit PRs to the libc-0.2 branch instead. We will stop making new v0.2 releases once we release v0.3 on crates.io. See the tracking issue for details. Usage Add the following to your Cargo.toml : [ dependencies ] libc = ""0.2"" Features std : by default libc lin"
platform/external/rust/crates/libfuzzer-sys,third_party,rust_crates,"androidbp,cargo,rs_file","The libfuzzer-sys Crate Barebones wrapper around LLVM's libFuzzer runtime library. The CPP parts are extracted from compiler-rt git repository with git filter-branch . libFuzzer relies on LLVM sanitizer support. The Rust compiler has built-in support for LLVM sanitizer support, for now, it's limited to Linux. As a result, libfuzzer-sys only works on Linux. Usage Use cargo fuzz ! The recommended way to use this crate with cargo fuzz ! . Manual Usage This crate can also be used manually as following: First create a new cargo project: $ cargo new --bin fuzzed $ cd fuzzed Then add a dependency on the fuzzer-sys crate and your own crate: [ dependencies ] libfuzzer - sys = ""0.4.0"" your_crate = { path = ""../path/to/your/crate"" } Change the fuzzed/src/main.rs to fuzz your code: #![ no_main ] use libfuzzer_sys :: fuzz_target ; fuzz_target !(| data : &[ u8 ]| { // code to fuzz goes here }); Build by running the following command: $ cargo rustc -- \ - C passes = 'sancov' \ - C llvm - args = '-san"
platform/external/rust/crates/libloading,third_party,rust_crates,"androidbp,cargo",Bug: 154099606
platform/external/rust/crates/libm,third_party,rust_crates,"androidbp,cargo,rs_file","libm A port of MUSL 's libm to Rust. Goals The short term goal of this library is to enable math support (e.g. sin , atan2 ) for the wasm32-unknown-unknown target (cf. rust-lang/compiler-builtins ). The longer term goal is to enable math support in the core crate . Already usable This crate is on crates.io and can be used today in stable #![no_std] programs. The API documentation can be found here . Benchmark The benchmarks are located in crates/libm-bench and require a nightly Rust toolchain. To run all benchmarks: cargo +nightly bench --all Contributing Please check CONTRIBUTING.md License Licensed under either of Apache License, Version 2.0 ( LICENSE-APACHE or http://www.apache.org/licenses/LICENSE-2.0 ) MIT license ( LICENSE-MIT or http://opensource.org/licenses/MIT ) at your option. Contribution Unless you explicitly state otherwise, any contribution intentionally submitted for inclusion in the work by you, as defined in the Apache-2.0 license, shall be dual licensed as above, wit"
platform/external/rust/crates/libsqlite3-sys,third_party,rust_crates,"androidbp,cargo,rs_file","Rusqlite Rusqlite is an ergonomic wrapper for using SQLite from Rust. Historically, the API was based on the one from rust-postgres . However, the two have diverged in many ways, and no compatibility between the two is intended. Usage In your Cargo.toml: [ dependencies ] # `bundled` causes us to automatically compile and link in an up to date # version of SQLite for you. This avoids many common build issues, and # avoids depending on the version of SQLite on the users system (or your # system), which may be old or missing. It's the right choice for most # programs that control their own SQLite databases. # # That said, it's not ideal for all scenarios and in particular, generic # libraries built around `rusqlite` should probably not enable it, which # is why it is not a default feature -- it could become hard to disable. rusqlite = { version = ""0.32.0"" , features = [ ""bundled"" ] } Simple example usage: use rusqlite ::{ Connection , Result }; #[ derive ( Debug )] struct Person { id : i3"
platform/external/rust/crates/libtest-mimic,third_party,rust_crates,"androidbp,cargo","libtest-mimic Write your own test harness that looks and behaves like the built-in test harness (used by rustc --test )! This is a simple and small testing framework that mimics the original libtest . That means: all output looks pretty much like cargo test and most CLI arguments are understood and used. With that plumbing work out of the way, your test runner can focus on the actual testing. (MSRV: 1.60) See the documentation or the examples/ folder for more information. License Licensed under either of Apache License, Version 2.0, ( LICENSE-APACHE or http://www.apache.org/licenses/LICENSE-2.0 ) MIT license ( LICENSE-MIT or http://opensource.org/licenses/MIT ) at your option. Contribution Unless you explicitly state otherwise, any contribution intentionally submitted for inclusion in the work by you, as defined in the Apache-2.0 license, shall be dual licensed as above, without any additional terms or conditions."
platform/external/rust/crates/libusb1-sys,third_party,rust_crates,"androidbp,cargo,rs_file","Libusb Rust Bindings The libusb1-sys crate provides declarations and linkage for the libusb C library. Following the *-sys package conventions, the libusb1-sys crate does not define higher-level abstractions over the native libusb library functions. Dependencies In order to use the libusb1-sys crate, you must have the libusb library installed where it can be found by pkg-config . All systems supported by libusb are also supported by the libusb1-sys crate. It's been tested on Linux, OS X, and Windows. Cross-Compiling To link to a cross-compiled version of the native libusb library, it‘s necessary to set several environment variables to configure pkg-config to work with a cross-compiler’s sysroot. Autotools Mythbuster has a good explanation of supporting cross-compilation with pkg-config . However, Rust‘s pkg-config build helper doesn’t support calling a $CHOST -prefixed pkg-config . It will always call pkg-config without a prefix. To cross-compile libusb1-sys with the pkg-config build h"
platform/external/rust/crates/libz-sys,third_party,rust_crates,"androidbp,cargo,rs_file","libz-sys A common library for linking libz to rust programs (also known as zlib). Documentation This also serves as the source for the libz-ng-sys crate, which builds zlib-ng natively (not in zlib-compat mode). See README-zng.md for details. High-level API This crate provides bindings to the raw low-level C API. For a higher-level safe API to work with DEFLATE, zlib, or gzip streams, see flate2 . flate2 also supports alternative implementations, including slower but pure Rust implementations. zlib-ng This crate supports building either the high-performance zlib-ng (in zlib-compat mode), or the widely available stock zlib. By default, libz-sys uses stock zlib, primarily because doing so allows the use of a shared system zlib library if available. Any application or library designed for zlib should work with zlib-ng in zlib-compat mode, as long as it doesn‘t make assumptions about the exact size or output of the deflated data (e.g. “compressing this data produces exactly this many bytes”"
platform/external/rust/crates/linked-hash-map,third_party,rust_crates,"androidbp,cargo","WARNING: THIS PROJECT IS IN MAINTENANCE MODE, DUE TO INSUFFICIENT MAINTAINER RESOURCES It works fine, but will generally no longer be improved. We are currently only accepting changes which: fix correctness issues keep this compiling with the latest versions of Rust or its dependencies. have minimal review requirements, such as documentation changes (so not totally new APIs). A HashMap wrapper that holds key-value pairs in insertion order. Documentation is available at https://docs.rs/linked-hash-map ."
platform/external/rust/crates/linkme,third_party,rust_crates,"androidbp,cargo","Linkme: safe cross-platform linker shenanigans Component Linux macOS Windows FreeBSD illumos Other...† Distributed slice 💚 💚 💚 💚 💚 † We welcome PRs adding support for any platforms not listed here. [ dependencies ] linkme = ""0.3"" Supports rustc 1.62+ Distributed slice A distributed slice is a collection of static elements that are gathered into a contiguous section of the binary by the linker. Slice elements may be defined individually from anywhere in the dependency graph of the final binary. The implementation is based on link_section attributes and platform-specific linker support. It does not involve life-before-main or any other runtime initialization on any platform. This is a zero-cost safe abstraction that operates entirely during compilation and linking. Declaration A static distributed slice is declared by writing #[distributed_slice] on a static item whose type is [T] for some type T . The initializer expression must be [..] to indicate that elements come from elsewhere. use"
platform/external/rust/crates/linkme-impl,third_party,rust_crates,"androidbp,cargo",Bug: 285065716
platform/external/rust/crates/litrs,third_party,rust_crates,"androidbp,cargo","litrs : parsing and inspecting Rust literals litrs offers functionality to parse Rust literals, i.e. tokens in the Rust programming language that represent fixed values. For example: 27 , ""crab"" , bool . This is particularly useful for proc macros, but can also be used outside of a proc-macro context. Why this library? Unfortunately, the proc_macro API shipped with the compiler offers no easy way to inspect literals. There are mainly two libraries for this purpose: syn and literalext . The latter is deprecated. And syn is oftentimes overkill for the task at hand, especially when developing function-like proc-macros (e.g. foo!(..) ). This crate is a lightweight alternative. Also, when it comes to literals, litrs offers a bit more flexibility and a few more features compared to syn . I'm interested in community feedback! If you consider using this, please speak your mind in this issue . Example In proc macro use std :: convert :: TryFrom ; use proc_macro :: TokenStream ; use litrs :: Lit"
platform/external/rust/crates/lock_api,third_party,rust_crates,"androidbp,cargo,rs_file",Bug: 170749427
platform/external/rust/crates/log,third_party,rust_crates,"androidbp,cargo,rs_file","log A Rust library providing a lightweight logging facade . log documentation A logging facade provides a single logging API that abstracts over the actual logging implementation. Libraries can use the logging API provided by this crate, and the consumer of those libraries can choose the logging implementation that is most suitable for its use case. Minimum supported rustc 1.31.0+ This version is explicitly tested in CI and may be bumped in any release as needed. Maintaining compatibility with older compilers is a priority though, so the bar for bumping the minimum supported version is set very high. Any changes to the supported minimum version will be called out in the release notes. Usage In libraries Libraries should link only to the log crate, and use the provided macros to log whatever information will be useful to downstream consumers: [ dependencies ] log = ""0.4"" use log ::{ info , trace , warn }; pub fn shave_the_yak ( yak : & mut Yak ) { trace !( ""Commencing yak shaving"" ); lo"
platform/external/rust/crates/lru-cache,third_party,rust_crates,"androidbp,cargo","WARNING: THIS PROJECT IS IN MAINTENANCE MODE, DUE TO INSUFFICIENT MAINTAINER RESOURCES It works fine, but will generally no longer be improved. We are currently only accepting changes which: keep this compiling with the latest versions of Rust or its dependencies. have minimal review requirements, such as documentation changes (so not totally new APIs). A cache that holds a limited number of key-value pairs. Documentation is available at https://contain-rs.github.io/lru-cache/lru_cache ."
platform/external/rust/crates/lz4_flex,third_party,rust_crates,"androidbp,cargo","lz4_flex Fastest LZ4 implementation in Rust. Originally based on redox-os' lz4 compression , but now a complete rewrite. The results in the table are from a benchmark in this project (66Kb JSON, 10MB dickens) with the block format. AMD Ryzen 7 5900HX, rustc 1.69.0 (84c898d65 2023-04-16), Manjaro, CPU Boost Disabled, CPU Governor: Performance 66Kb JSON Compressor Compression Decompression Ratio lz4_flex unsafe w. unchecked_decode 1615 MiB/s 5973 MiB/s 0.2284 lz4_flex unsafe 1615 MiB/s 5512 MiB/s 0.2284 lz4_flex safe 1272 MiB/s 4540 MiB/s 0.2284 lzzz (lz4 1.9.3) 1469 MiB/s 5313 MiB/s 0.2283 lz4_fear 662 MiB/s 939 MiB/s 0.2283 snap 1452 MiB/s 1649 MiB/s 0.2242 10 Mb dickens Compressor Compression Decompression Ratio lz4_flex unsafe w. unchecked_decode 347 MiB/s 3168 MiB/s 0.6372 lz4_flex unsafe 347 MiB/s 2734 MiB/s 0.6372 lz4_flex safe 259 MiB/s 2338 MiB/s 0.6372 lzzz (lz4 1.9.3) 324 MiB/s 2759 MiB/s 0.6372 lz4_fear 201 MiB/s 370 MiB/s 0.6372 snap 286 MiB/s 679 MiB/s 0.6276 Features Very"
platform/external/rust/crates/macaddr,third_party,rust_crates,"androidbp,cargo,rustfmt","macaddr MAC address types for Rust This crate provides types for a MAC address identifiers, both in IEEE EUI-48 and EUI-64 formats. It is like a std::net::SocketAddr enum with a std::net::SocketAddrV4 and std::net::SocketAddrV6 members, but for MAC addresses instead. Obviously, MAC address can be represented as a [u8; 6] or [u8; 8] , but it is error-prone and inconvenient, so here they are — MacAddr6 and MacAddr8 structs with helpful methods and standard Rust traits implementations, intended to be the first-class Rust objects. And it is serde - and no_std -friendly also! Installation Add this to your Cargo.toml [ dependencies ] macaddr = ""1.0"" Usage Check out the documentation for each type available, all of them have a plenty of examples. License Licensed under either of Apache License 2.0 or MIT license at your option. Unless you explicitly state otherwise, any contribution intentionally submitted for inclusion in this crate by you, as defined in the Apache-2.0 license, shall be dual"
platform/external/rust/crates/managed,third_party,rust_crates,"androidbp,cargo","Managed managed is a library that provides a way to logically own objects, whether or not heap allocation is available. It works with rustc 1.26 or later. Motivation The managed library exists at the intersection of three concepts: heap-less environments , collections and generic code . Consider this struct representing a network interface: pub struct Interface < 'a, ' b : ' a , DeviceT : Device , ProtocolAddrsT : BorrowMut <[ IpAddress ]>, SocketsT : BorrowMut <[ Socket < 'a, ' b >]> > { device : DeviceT , hardware_addr : EthernetAddress , protocol_addrs : ProtocolAddrsT , sockets : SocketsT , phantom : PhantomData < Socket < 'a, ' b >> } There are three things the struct Interface is parameterized over: an object implementing the trait DeviceT , which it owns; a slice of IPAddress es, which it either owns or borrows mutably; a slice of Socket s, which it either owns or borrows mutably, and which further either own or borrow some memory. The motivation for using BorrowMut is that in e"
platform/external/rust/crates/maplit,third_party,rust_crates,"androidbp,cargo",Bug: 374957872
platform/external/rust/crates/matches,third_party,rust_crates,"androidbp,cargo,rs_file",Bug: 175869252
platform/external/rust/crates/matchit,third_party,rust_crates,"androidbp,cargo","matchit A high performance, zero-copy URL router. use matchit :: Router ; fn main () -> Result <(), Box < dyn std :: error :: Error >> { let mut router = Router :: new (); router . insert ( ""/home"" , ""Welcome!"" )?; router . insert ( ""/users/:id"" , ""A User"" )?; let matched = router . at ( ""/users/978"" )?; assert_eq !( matched . params . get ( ""id"" ), Some ( ""978"" )); assert_eq !(* matched . value , ""A User"" ); Ok (()) } Parameters Along with static routes, the router also supports dynamic route segments. These can either be named or catch-all parameters: Named Parameters Named parameters like /:id match anything until the next / or the end of the path: let mut m = Router :: new (); m . insert ( ""/users/:id"" , true )?; assert_eq !( m . at ( ""/users/1"" )?. params . get ( ""id"" ), Some ( ""1"" )); assert_eq !( m . at ( ""/users/23"" )?. params . get ( ""id"" ), Some ( ""23"" )); assert !( m . at ( ""/users"" ). is_err ()); Catch-all Parameters Catch-all parameters start with * and match everything af"
platform/external/rust/crates/maybe-async,third_party,rust_crates,"androidbp,cargo","maybe-async Why bother writing similar code twice for blocking and async code? When implementing both sync and async versions of API in a crate, most API of the two version are almost the same except for some async/await keyword. maybe-async help unifying async and sync implementation by procedural macro . Write async code with normal async , await , and let maybe_async handles those async and await when you need a blocking code. Switch between sync and async by toggling is_sync feature gate in Cargo.toml . use must_be_async and must_be_sync to keep code in specified version use async_impl and sync_impl to only compile code block on specified version A handy macro to unify unit test code is also provided. These procedural macros can be applied to the following codes: trait item declaration trait implementation function definition struct definition RECOMMENDATION : Enable resolver ver2 in your crate, which is introduced in Rust 1.51. If not, two crates in dependency with conflict versio"
platform/external/rust/crates/memchr,third_party,rust_crates,"androidbp,cargo,rustfmt","memchr This library provides heavily optimized routines for string search primitives. Dual-licensed under MIT or the UNLICENSE . Documentation https://docs.rs/memchr Overview The top-level module provides routines for searching for 1, 2 or 3 bytes in the forward or reverse direction. When searching for more than one byte, positions are considered a match if the byte at that position matches any of the bytes. The memmem sub-module provides forward and reverse substring search routines. In all such cases, routines operate on &[u8] without regard to encoding. This is exactly what you want when searching either UTF-8 or arbitrary bytes. Compiling without the standard library memchr links to the standard library by default, but you can disable the std feature if you want to use it in a #![no_std] crate: [ dependencies ] memchr = { version = ""2"" , default - features = false } On x86_64 platforms, when the std feature is disabled, the SSE2 accelerated implementations will be used. When std is"
platform/external/rust/crates/memmap2,third_party,rust_crates,"androidbp,cargo","memmap2 A Rust library for cross-platform memory mapped IO. This is a fork of the memmap-rs crate. Features [x] file-backed memory maps [x] anonymous memory maps [x] synchronous and asynchronous flushing [x] copy-on-write memory maps [x] read-only memory maps [x] stack support ( MAP_STACK on unix) [x] executable memory maps [ ] huge page support A list of supported/tested targets can be found in Actions . License memmap2 is primarily distributed under the terms of both the MIT license and the Apache License (Version 2.0). See LICENSE-APACHE , LICENSE-MIT for details. Copyright (c) 2020 Yevhenii Reizner Copyright (c) 2015 Dan Burkert"
platform/external/rust/crates/memoffset,third_party,rust_crates,"androidbp,cargo,rs_file","memoffset C-Like offset_of functionality for Rust structs. Introduces the following macros: offset_of! for obtaining the offset of a member of a struct. offset_of_tuple! for obtaining the offset of a member of a tuple. (Requires Rust 1.20+) offset_of_union! for obtaining the offset of a member of a union. span_of! for obtaining the range that a field, or fields, span. memoffset works under no_std environments. Usage Add the following dependency to your Cargo.toml : [ dependencies ] memoffset = ""0.8"" These versions will compile fine with rustc versions greater or equal to 1.19. Examples use memoffset ::{ offset_of , span_of }; #[ repr ( C , packed )] struct Foo { a : u32 , b : u32 , c : [ u8 ; 5 ], d : u32 , } fn main () { assert_eq !( offset_of !( Foo , b ), 4 ); assert_eq !( offset_of !( Foo , d ), 4 + 4 + 5 ); assert_eq !( span_of !( Foo , a ), 0. . 4 ); assert_eq !( span_of !( Foo , a .. c ), 0. . 8 ); assert_eq !( span_of !( Foo , a ..= c ), 0. . 13 ); assert_eq !( span_of !( Foo ,"
platform/external/rust/crates/merge,third_party,rust_crates,"androidbp,cargo","merge-rs The merge crate provides the Merge trait that can be used to merge multiple values into one: trait Merge { fn merge (& mut self , other : Self ); } Merge is implemented for Option and can be derived for structs: use merge :: Merge ; #[ derive ( Merge )] struct User { // Fields with the skip attribute are skipped by Merge #[ merge ( skip )] pub name : & ' static str , // The Merge implementation for Option replaces its value if it is None pub location : Option <& ' static str >, // The strategy attribute is used to customize the merge behavior #[ merge ( strategy = merge :: vec :: append )] pub groups : Vec <& ' static str >, } let defaults = User { name : """" , location : Some ( ""Internet"" ), groups : vec ![ ""rust"" ], }; let mut ferris = User { name : ""Ferris"" , location : None , groups : vec ![ ""mascot"" ], }; ferris . merge ( defaults ); assert_eq !( ""Ferris"" , ferris . name ); assert_eq !( Some ( ""Internet"" ), ferris . location ); assert_eq !( vec ![ ""mascot"" , ""rust"" ], ferr"
platform/external/rust/crates/merge_derive,third_party,rust_crates,"androidbp,cargo",merge-derive-rs This crate provides a derive macro for the merge::Merge crate. See the merge crate for more information.
platform/external/rust/crates/miette,third_party,rust_crates,"androidbp,cargo,rustfmt","miette You run miette? You run her code like the software? Oh. Oh! Error code for coder! Error code for One Thousand Lines! About miette is a diagnostic library for Rust. It includes a series of traits/protocols that allow you to hook into its error reporting facilities, and even write your own error reports! It lets you define error types that can print out like this (or in any format you like!): NOTE: You must enable the ""fancy"" crate feature to get fancy report output like in the screenshots above. You should only do this in your toplevel crate, as the fancy feature pulls in a number of dependencies that libraries and such might not want. Table of Contents About Features Installing Example Using ... in libraries ... in application code ... in main() ... diagnostic code URLs ... snippets ... multiple related errors ... delayed source code ... handler options ... dynamic diagnostics Acknowledgements License Features Generic Diagnostic protocol, compatible (and dependent on) std::error"
platform/external/rust/crates/miette-derive,third_party,rust_crates,"androidbp,cargo",Bug: 288514263
platform/external/rust/crates/mime,third_party,rust_crates,"androidbp,cargo","mime Support MIME (Media Types) as strong types in Rust. Documentation Usage extern crate mime ; // common types are constants let text = mime :: TEXT_PLAIN ; // deconstruct Mimes to match on them match ( text . type_ (), text . subtype ()) { ( mime :: TEXT , mime :: PLAIN ) => { // plain text! }, ( mime :: TEXT , _ ) => { // structured text! }, _ => { // not text! } }"
platform/external/rust/crates/minimal-lexical,third_party,rust_crates,"androidbp,cargo,rustfmt","minimal-lexical This is a minimal version of rust-lexical , meant to allow efficient round-trip float parsing. minimal-lexical implements a correct, fast float parser. Due to the small, stable nature of minimal-lexical, it is also well-adapted to private forks. If you do privately fork minimal-lexical, I recommend you contact me via email or Twitter , so I can notify you of feature updates, bug fixes, or security vulnerabilities, as well as help you implement custom feature requests. I will not use your information for any other purpose, including, but not limited to disclosing your project or organization's use of minimal-lexical. minimal-lexical is designed for fast compile times and small binaries sizes, at the expense of a minor amount of performance. For improved performance, feel free to fork minimal-lexical with more aggressive inlining. Similar Projects For a high-level, all-in-one number conversion routines, see rust-lexical . Table Of Contents Getting Started Recipes Algorith"
platform/external/rust/crates/mio,third_party,rust_crates,"androidbp,cargo","Mio – Metal I/O Mio is a fast, low-level I/O library for Rust focusing on non-blocking APIs and event notification for building high performance I/O apps with as little overhead as possible over the OS abstractions. API documentation v0.8 v0.7 This is a low level library, if you are looking for something easier to get started with, see Tokio . Usage To use mio , first add this to your Cargo.toml : [ dependencies ] mio = ""0.8"" Next we can start using Mio. The following is quick introduction using TcpListener and TcpStream . Note that features = [""os-poll"", ""net""] must be specified for this example. use std :: error :: Error ; use mio :: net ::{ TcpListener , TcpStream }; use mio ::{ Events , Interest , Poll , Token }; // Some tokens to allow us to identify which event is for which socket. const SERVER : Token = Token ( 0 ); const CLIENT : Token = Token ( 1 ); fn main () -> Result <(), Box < dyn Error >> { // Create a poll instance. let mut poll = Poll :: new ()?; // Create storage for e"
platform/external/rust/crates/mls-rs,third_party,rust_crates,"androidbp,cargo","mls-rs An implementation of the IETF Messaging Layer Security end-to-end encryption (E2EE) protocol. What is MLS? MLS is a new IETF end-to-end encryption standard that is designed to provide transport agnostic, asynchronous, and highly performant communication between a group of clients. MLS Protocol Features Multi-party E2EE group evolution via a propose-then-commit mechanism. Asynchronous by design with pre-computed key packages , allowing members to be added to a group while offline. Customizable credential system with built in support for X.509 certificates. Extension system allowing for application specific data to be negotiated via the protocol. Strong forward secrecy and post compromise security. Crypto agility via support for multiple cipher suites . Pre-shared key support. Subgroup branching. Group reinitialization for breaking changes such as protocol upgrades. Features Easy to use client interface that can manage multiple MLS identities and groups. 100% RFC 9420 conformance"
platform/external/rust/crates/mls-rs-codec,third_party,rust_crates,"androidbp,cargo",Bug: 328421610
platform/external/rust/crates/mls-rs-codec-derive,third_party,rust_crates,"androidbp,cargo",Bug: 328421132
platform/external/rust/crates/mls-rs-core,third_party,rust_crates,"androidbp,cargo",Bug: 328421156
platform/external/rust/crates/mls-rs-crypto-traits,third_party,rust_crates,"androidbp,cargo",Bug: 335422504
platform/external/rust/crates/mls-rs-uniffi,third_party,rust_crates,cargo,Bug: 336992562
platform/external/rust/crates/mockall,third_party,rust_crates,"androidbp,cargo","Mockall A powerful mock object library for Rust. Overview Mock objects are a powerful technique for unit testing software. A mock object is an object with the same interface as a real object, but whose responses are all manually controlled by test code. They can be used to test the upper and middle layers of an application without instantiating the lower ones, or to inject edge and error cases that would be difficult or impossible to create when using the full stack. Statically typed languages are inherently more difficult to mock than dynamically typed languages. Since Rust is a statically typed language, previous attempts at creating a mock object library have had mixed results. Mockall incorporates the best elements of previous designs, resulting in it having a rich feature set with a terse and ergonomic interface. Mockall is written in 100% safe and stable Rust. Usage Typically mockall is only used by unit tests. To use it this way, add this to your Cargo.toml : [ dev - dependencie"
platform/external/rust/crates/mockall_derive,third_party,rust_crates,"androidbp,cargo","Mockall_derive This crate should never be used directly. You should use mockall instead. License mockall is primarily distributed under the terms of both the MIT license and the Apache License (Version 2.0), with portions covered by various BSD-like licenses. See LICENSE-APACHE, and LICENSE-MIT for details"
platform/external/rust/crates/moveit,third_party,rust_crates,"androidbp,cargo,rustfmt","moveit A library for safe, in-place construction of Rust (and C++!) objects. This is not an officially supported Google product."
platform/external/rust/crates/named-lock,third_party,rust_crates,"androidbp,cargo,rustfmt","named-lock This crate provides a simple and cross-platform implementation of named locks. You can use this to lock sections between processes. Example use named_lock :: NamedLock ; use named_lock :: Result ; fn main () -> Result <()> { let lock = NamedLock :: create ( ""foobar"" )?; let _guard = lock . lock ()?; // Do something... Ok (()) } Implementation On UNIX this is implemented by using files and flock . The path of the created lock file will be $TMPDIR/<name>.lock , or /tmp/<name>.lock if TMPDIR environment variable is not set. On Windows this is implemented by creating named mutex with CreateMutexW ."
platform/external/rust/crates/nix,third_party,rust_crates,"androidbp,cargo,rs_file","Rust bindings to *nix APIs Documentation (Releases) Nix seeks to provide friendly bindings to various *nix platform APIs (Linux, Darwin, ...). The goal is to not provide a 100% unified interface, but to unify what can be while still providing platform specific APIs. For many system APIs, Nix provides a safe alternative to the unsafe APIs exposed by the libc crate . This is done by wrapping the libc functionality with types/abstractions that enforce legal/safe usage. As an example of what Nix provides, examine the differences between what is exposed by libc and nix for the gethostname system call: // libc api (unsafe, requires handling return code/errno) pub unsafe extern fn gethostname ( name : * mut c_char , len : size_t ) -> c_int ; // nix api (returns a nix::Result<OsString>) pub fn gethostname () -> Result < OsString >; Supported Platforms nix target support consists of three tiers. While nix attempts to support all platforms supported by libc , only some platforms are actively sup"
platform/external/rust/crates/no-panic,third_party,rust_crates,"androidbp,cargo","#[no_panic] A Rust attribute macro to require that the compiler prove a function can't ever panic. [ dependencies ] no - panic = ""0.1"" use no_panic :: no_panic ; #[ no_panic ] fn demo ( s : & str ) -> & str { & s [ 1. .] } fn main () { println !( ""{}"" , demo ( ""input string"" )); } If the function does panic (or the compiler fails to prove that the function cannot panic), the program fails to compile with a linker error that identifies the function name. Let's trigger that by passing a string that cannot be sliced at the first byte: fn main () { println !( ""{}"" , demo ( ""\u{1f980}input string"" )); } Compiling no - panic - demo v0 . 0.1 error : linking with `cc` failed : exit code : 1 | = note : /no-panic-demo/ target / release / deps / no_panic_demo - 7170785b672ae322.no _p anic_demo1 - cba7f4b666ccdbcbbf02b7348e5df1b2 . rs . rcgu . o : In function `_$LT$no_pani c_demo..demo..__NoPanic$u20$as$u20$core..ops..drop..Drop$GT$::drop::h72f8f423002 b8d9f': no_panic_demo1-cba7f4b666ccdbcbbf02b7"
platform/external/rust/crates/nom,third_party,rust_crates,"androidbp,cargo","nom, eating data byte by byte nom is a parser combinators library written in Rust. Its goal is to provide tools to build safe parsers without compromising the speed or memory consumption. To that end, it uses extensively Rust's strong typing and memory safety to produce fast and correct parsers, and provides functions, macros and traits to abstract most of the error prone plumbing. nom will happily take a byte out of your files :) Example Documentation Why use nom? Binary format parsers Text format parsers Programming language parsers Streaming formats Parser combinators Technical features Rust version requirements Installation Related projects Parsers written with nom Contributors Example Hexadecimal color parser: extern crate nom ; use nom ::{ IResult , bytes :: complete ::{ tag , take_while_m_n }, combinator :: map_res , sequence :: tuple }; #[ derive ( Debug , PartialEq )] pub struct Color { pub red : u8 , pub green : u8 , pub blue : u8 , } fn from_hex ( input : & str ) -> Result <"
platform/external/rust/crates/num-bigint,third_party,rust_crates,"androidbp,cargo,rs_file","num-bigint Big integer types for Rust, BigInt and BigUint . Usage Add this to your Cargo.toml : [ dependencies ] num - bigint = ""0.4"" Features The std crate feature is enabled by default, and is mandatory before Rust 1.36 and the stabilized alloc crate. If you depend on num-bigint with default-features = false , you must manually enable the std feature yourself if your compiler is not new enough. Random Generation num-bigint supports the generation of random big integers when the rand feature is enabled. To enable it include rand as rand = ""0.8"" num - bigint = { version = ""0.4"" , features = [ ""rand"" ] } Note that you must use the version of rand that num-bigint is compatible with: 0.8 . Releases Release notes are available in RELEASES.md . Compatibility The num-bigint crate is tested for rustc 1.31 and greater. Alternatives While num-bigint strives for good performance in pure Rust code, other crates may offer better performance with different trade-offs. The following table offers a b"
platform/external/rust/crates/num-complex,third_party,rust_crates,"androidbp,cargo","num-complex Complex numbers for Rust. Usage Add this to your Cargo.toml : [ dependencies ] num - complex = ""0.4"" Features This crate can be used without the standard library ( #![no_std] ) by disabling the default std feature. Use this in Cargo.toml : [ dependencies . num - complex ] version = ""0.4"" default - features = false Features based on Float types are only available when std or libm is enabled. Where possible, FloatCore is used instead. Formatting complex numbers only supports format width when std is enabled. Releases Release notes are available in RELEASES.md . Compatibility The num-complex crate is tested for rustc 1.60 and greater. License Licensed under either of Apache License, Version 2.0 MIT license at your option. Contribution Unless you explicitly state otherwise, any contribution intentionally submitted for inclusion in the work by you, as defined in the Apache-2.0 license, shall be dual licensed as above, without any additional terms or conditions."
platform/external/rust/crates/num-derive,third_party,rust_crates,"androidbp,cargo","num-derive Procedural macros to derive numeric traits in Rust. Usage Add this to your Cargo.toml : [ dependencies ] num - traits = ""0.2"" num - derive = ""0.3"" and this to your crate root: #[ macro_use ] extern crate num_derive ; Then you can derive traits on your own types: #[ derive ( FromPrimitive , ToPrimitive )] enum Color { Red , Blue , Green , } Optional features full-syntax — Enables num-derive to handle enum discriminants represented by complex expressions. Usually can be avoided by utilizing constants , so only use this feature if namespace pollution is undesired and compile time doubling is acceptable. Releases Release notes are available in RELEASES.md . Compatibility The num-derive crate is tested for rustc 1.31 and greater. License Licensed under either of Apache License, Version 2.0 MIT license at your option. Contribution Unless you explicitly state otherwise, any contribution intentionally submitted for inclusion in the work by you, as defined in the Apache-2.0 license,"
platform/external/rust/crates/num-integer,third_party,rust_crates,"androidbp,cargo,rs_file","num-integer Integer trait and functions for Rust. Usage Add this to your Cargo.toml : [ dependencies ] num - integer = ""0.1"" and this to your crate root: extern crate num_integer ; Features This crate can be used without the standard library ( #![no_std] ) by disabling the default std feature. Use this in Cargo.toml : [ dependencies . num - integer ] version = ""0.1.36"" default - features = false There is no functional difference with and without std at this time, but there may be in the future. Implementations for i128 and u128 are only available with Rust 1.26 and later. The build script automatically detects this, but you can make it mandatory by enabling the i128 crate feature. Releases Release notes are available in RELEASES.md . Compatibility The num-integer crate is tested for rustc 1.8 and greater. License Licensed under either of Apache License, Version 2.0 MIT license at your option. Contribution Unless you explicitly state otherwise, any contribution intentionally submitted f"
platform/external/rust/crates/num-traits,third_party,rust_crates,"androidbp,cargo,rs_file","num-traits Numeric traits for generic mathematics in Rust. Usage Add this to your Cargo.toml : [ dependencies ] num - traits = ""0.2"" Features This crate can be used without the standard library ( #![no_std] ) by disabling the default std feature. Use this in Cargo.toml : [ dependencies . num - traits ] version = ""0.2"" default - features = false # features = [""libm""] # <--- Uncomment if you wish to use `Float` and `Real` without `std` The Float and Real traits are only available when either std or libm is enabled. The FloatCore trait is always available. MulAdd and MulAddAssign for f32 and f64 also require std or libm , as do implementations of signed and floating- point exponents in Pow . Releases Release notes are available in RELEASES.md . Compatibility The num-traits crate is tested for rustc 1.60 and greater. License Licensed under either of Apache License, Version 2.0 MIT license at your option. Contribution Unless you explicitly state otherwise, any contribution intentionally sub"
platform/external/rust/crates/num_cpus,third_party,rust_crates,"androidbp,cargo","num_cpus Documentation CHANGELOG Count the number of CPUs on the current machine. Usage Add to Cargo.toml: [ dependencies ] num_cpus = ""1.0"" In your main.rs or lib.rs : extern crate num_cpus ; // count logical cores this process could try to use let num = num_cpus :: get ();"
platform/external/rust/crates/num_enum,third_party,rust_crates,"androidbp,cargo","num_enum Procedural macros to make inter-operation between primitives and enums easier. This crate is no_std compatible. Turning an enum into a primitive use num_enum :: IntoPrimitive ; #[ derive ( IntoPrimitive )] #[ repr ( u8 )] enum Number { Zero , One , } fn main () { let zero : u8 = Number :: Zero . into (); assert_eq !( zero , 0u8 ); } num_enum 's IntoPrimitive is more type-safe than using as , because as will silently truncate - num_enum only derives From for exactly the discriminant type of the enum. Attempting to turn a primitive into an enum with try_from use num_enum :: TryFromPrimitive ; use std :: convert :: TryFrom ; #[ derive ( Debug , Eq , PartialEq , TryFromPrimitive )] #[ repr ( u8 )] enum Number { Zero , One , } fn main () { let zero = Number :: try_from ( 0u8 ); assert_eq !( zero , Ok ( Number :: Zero )); let three = Number :: try_from ( 3u8 ); assert_eq !( three . unwrap_err (). to_string (), ""No discriminant in enum `Number` matches the value `3`"" , ); } Variant a"
platform/external/rust/crates/num_enum_derive,third_party,rust_crates,"androidbp,cargo","num_enum Procedural macros to make inter-operation between primitives and enums easier. This crate is no_std compatible. Turning an enum into a primitive use num_enum :: IntoPrimitive ; #[ derive ( IntoPrimitive )] #[ repr ( u8 )] enum Number { Zero , One , } fn main () { let zero : u8 = Number :: Zero . into (); assert_eq !( zero , 0u8 ); } num_enum 's IntoPrimitive is more type-safe than using as , because as will silently truncate - num_enum only derives From for exactly the discriminant type of the enum. Attempting to turn a primitive into an enum with try_from use num_enum :: TryFromPrimitive ; use std :: convert :: TryFrom ; #[ derive ( Debug , Eq , PartialEq , TryFromPrimitive )] #[ repr ( u8 )] enum Number { Zero , One , } fn main () { let zero = Number :: try_from ( 0u8 ); assert_eq !( zero , Ok ( Number :: Zero )); let three = Number :: try_from ( 3u8 ); assert_eq !( three . unwrap_err (). to_string (), ""No discriminant in enum `Number` matches the value `3`"" , ); } Variant a"
platform/external/rust/crates/object,third_party,rust_crates,,Bug: 285069483
platform/external/rust/crates/octets,third_party,rust_crates,"androidbp,cargo",Bug: 246974262
platform/external/rust/crates/oid-registry,third_party,rust_crates,"androidbp,cargo,rs_file","OID Registry This crate is a helper crate, containing a database of OID objects. These objects are intended for use when manipulating ASN.1 grammars and BER/DER encodings, for example. This crate provides only a simple registry (similar to a HashMap ) by default. This object can be used to get names and descriptions from OID. This crate provides default lists of known OIDs, that can be selected using the build features. By default, the registry has no feature enabled, to avoid embedding a huge database in crates. It also declares constants for most of these OIDs. use oid_registry :: OidRegistry ; let mut registry = OidRegistry :: default () . with_crypto () // only if the 'crypto' feature is enabled ; let e = registry . get (& oid_registry :: OID_PKCS1_SHA256WITHRSA ); if let Some ( entry ) = e { // get sn: sha256WithRSAEncryption println !( ""sn: {}"" , entry . sn ()); // get description: SHA256 with RSA encryption println !( ""description: {}"" , entry . description ()); } Extending the"
platform/external/rust/crates/once_cell,third_party,rust_crates,"androidbp,cargo","Overview once_cell provides two new cell-like types, unsync::OnceCell and sync::OnceCell . OnceCell might store arbitrary non- Copy types, can be assigned to at most once and provide direct access to the stored contents. In a nutshell, API looks roughly like this: impl OnceCell < T > { fn new () -> OnceCell < T > { ... } fn set (& self , value : T ) -> Result <(), T > { ... } fn get (& self ) -> Option <& T > { ... } } Note that, like with RefCell and Mutex , the set method requires only a shared reference. Because of the single assignment restriction get can return an &T instead of Ref<T> or MutexGuard<T> . once_cell also has a Lazy<T> type, build on top of OnceCell which provides the same API as the lazy_static! macro, but without using any macros: use std ::{ sync :: Mutex , collections :: HashMap }; use once_cell :: sync :: Lazy ; static GLOBAL_DATA : Lazy < Mutex < HashMap < i32 , String >>> = Lazy :: new (|| { let mut m = HashMap :: new (); m . insert ( 13 , ""Spica"" . to_string ("
platform/external/rust/crates/oneshot-uniffi,third_party,rust_crates,"androidbp,cargo","oneshot Oneshot spsc (single producer, single consumer) channel. Meaning each channel instance can only transport a single message. This has a few nice outcomes. One thing is that the implementation can be very efficient, utilizing the knowledge that there will only be one message. But more importantly, it allows the API to be expressed in such a way that certain edge cases that you don‘t want to care about when only sending a single message on a channel does not exist. For example: The sender can’t be copied or cloned, and the send method takes ownership and consumes the sender. So you are guaranteed, at the type level, that there can only be one message sent. The sender's send method is non-blocking, and potentially lock- and wait-free. See documentation on [Sender::send] for situations where it might not be fully wait-free. The receiver supports both lock- and wait-free try_recv as well as indefinite and time limited thread blocking receive operations. The receiver also implements F"
platform/external/rust/crates/oorandom,third_party,rust_crates,"androidbp,cargo","oorandom What is this? oorandom is a minimalistic pseudorandom number generator in Rust. For those times when the rand crate is just too big and you want something a bit dumber. More specifically, it implements ONE prng, which is currently a permuted congruential generator (PCG). It may change if something better comes along, but that seems unlikely and will probably be a major version bump. It will give you u32 or u64 , and signed or floating-point equivalents. It is also #[no_std] . Anything else is gravy. Thanks to Lokathor for making randomize , which inspired me to do my own equivalent. The name comes from my attempts to find a good way to pronounce /dev/urandom . Please direct questions, discussions and bugs to the issue tracker . Why use oorandom instead of... rand -- oorandom is simpler and has zero choices you need to make. It also compiles in 1/10th the time and has a stable API. getrandom -- They solve different problems; getrandom gives you whatever secure randomness the OS"
platform/external/rust/crates/openmls,third_party,rust_crates,,Bug: 306906961
platform/external/rust/crates/openmls_traits,third_party,rust_crates,,Bug: 306902928
platform/external/rust/crates/openssl,third_party,rust_crates,"androidbp,cargo,rs_file","rust-openssl OpenSSL bindings for the Rust programming language. Documentation . Release Support The current supported release of openssl is 0.10 and openssl-sys is 0.9. New major versions will be published at most once per year. After a new release, the previous major version will be partially supported with bug fixes for 3 months, after which support will be dropped entirely. Contribution Unless you explicitly state otherwise, any contribution intentionally submitted for inclusion in the work by you, as defined in the Apache-2.0 license, shall be dual licensed under the terms of both the Apache License, Version 2.0 and the MIT license without any additional terms or conditions."
platform/external/rust/crates/openssl-macros,third_party,rust_crates,"androidbp,cargo",Bug: 262438682
platform/external/rust/crates/os_str_bytes,third_party,rust_crates,"androidbp,cargo","OsStr Bytes This crate allows interacting with the data stored by OsStr and OsString , without resorting to panics or corruption for invalid UTF-8. Thus, methods can be used that are already defined on [u8] and Vec<u8> . Typically, the only way to losslessly construct OsStr or OsString from a byte sequence is to use OsStr::new(str::from_utf8(bytes)?) , which requires the bytes to be valid in UTF-8. However, since this crate makes conversions directly between the platform encoding and raw bytes, even some strings invalid in UTF-8 can be converted. Usage Add the following lines to your “Cargo.toml” file: [ dependencies ] os_str_bytes = ""6.4"" See the documentation for available functionality and examples. Rust version support The minimum supported Rust toolchain version depends on the platform: Minor version updates may increase these version requirements. However, the previous two Rust releases will always be supported. If the minimum Rust version must not be increased, use a tilde requi"
platform/external/rust/crates/ouroboros,third_party,rust_crates,,Bug: 269471358
platform/external/rust/crates/ouroboros_macro,third_party,rust_crates,,Bug: 268584821
platform/external/rust/crates/p9,third_party,rust_crates,"androidbp,cargo","p9 - Server implementation of the 9p file system protocol This directory contains the protocol definition and a server implementation of the 9p file system protocol. wire_format_derive - A procedural macro that derives the serialization and de-serialization implementation for a struct into the 9p wire format. src/protocol - Defines all the messages used in the 9p protocol. Also implements serialization and de-serialization for some base types (integers, strings, vectors) that form the foundation of all 9p messages. Wire format implementations for all other messages are derived using the wire_format_derive macro. src/server.rs - Implements a full 9p server, carrying out file system requests on behalf of clients."
platform/external/rust/crates/p9_wire_format_derive,third_party,rust_crates,"androidbp,cargo","p9 - Server implementation of the 9p file system protocol This directory contains the protocol definition and a server implementation of the 9p file system protocol. wire_format_derive - A procedural macro that derives the serialization and de-serialization implementation for a struct into the 9p wire format. src/protocol - Defines all the messages used in the 9p protocol. Also implements serialization and de-serialization for some base types (integers, strings, vectors) that form the foundation of all 9p messages. Wire format implementations for all other messages are derived using the wire_format_derive macro. src/server.rs - Implements a full 9p server, carrying out file system requests on behalf of clients."
platform/external/rust/crates/parking_lot,third_party,rust_crates,"androidbp,cargo","parking_lot Documentation (synchronization primitives) Documentation (core parking lot API) Documentation (type-safe lock API) This library provides implementations of Mutex , RwLock , Condvar and Once that are smaller, faster and more flexible than those in the Rust standard library, as well as a ReentrantMutex type which supports recursive locking. It also exposes a low-level API for creating your own efficient synchronization primitives. When tested on x86_64 Linux, parking_lot::Mutex was found to be 1.5x faster than std::sync::Mutex when uncontended, and up to 5x faster when contended from multiple threads. The numbers for RwLock vary depending on the number of reader and writer threads, but are almost always faster than the standard library RwLock , and even up to 50x faster in some cases. Features The primitives provided by this library have several advantages over those in the Rust standard library: Mutex and Once only require 1 byte of storage space, while Condvar and RwLock on"
platform/external/rust/crates/parking_lot_core,third_party,rust_crates,"androidbp,cargo,rs_file",Bug: 170684118
platform/external/rust/crates/paste,third_party,rust_crates,"androidbp,cargo,rs_file","Macros for all your token pasting needs The nightly-only concat_idents! macro in the Rust standard library is notoriously underpowered in that its concatenated identifiers can only refer to existing items, they can never be used to define something new. This crate provides a flexible way to paste together identifiers in a macro, including using pasted identifiers to define new items. [ dependencies ] paste = ""1.0"" This approach works with any Rust compiler 1.31+. Pasting identifiers Within the paste! macro, identifiers inside [< ... >] are pasted together to form a single identifier. use paste :: paste ; paste ! { // Defines a const called `QRST`. const [< Q R S T >]: & str = ""success!"" ; } fn main () { assert_eq !( paste ! { [< Q R S T >]. len () }, 8 , ); } More elaborate example The next example shows a macro that generates accessor methods for some struct fields. It demonstrates how you might find it useful to bundle a paste invocation inside of a macro_rules macro. use paste :: pa"
platform/external/rust/crates/paste-impl,third_party,rust_crates,"androidbp,cargo",Bug: 152401996
platform/external/rust/crates/pathdiff,third_party,rust_crates,"androidbp,cargo",Bug: 288516638
platform/external/rust/crates/pdl-compiler,third_party,rust_crates,"androidbp,cargo","Packet Description Language (PDL) PDL is a domain specific language for writing the definition of binary protocol packets. Parsing and validating packets from raw bytes is tedious and error prone in any language. PDL generates memory safe and tailored backends for multiple target languages: - Rust - C++ - Python Historically PDL was developed as part of the Android Bluetooth stack ( bluetooth_packetgen ) as a way to generate the parser and serializer for Bluetooth packets, and reduce the number of memory safety issues that come with manipulating and validating raw data. How to use PDL Write the protocol definition cargo run my-protocol.pdl --output-format rust > my-protocol.rs Language specific instructions are provided for all supported backends: Rust generated code guide Python generated code guide C++ generated code guide Supported Features Full reference documentation Scalar values Enumerators Arrays Optional fields Nested packets Conditional packet derivation Custom field definiti"
platform/external/rust/crates/pdl-runtime,third_party,rust_crates,"androidbp,cargo","Packet Description Language (PDL) PDL is a domain specific language for writing the definition of binary protocol packets. Parsing and validating packets from raw bytes is tedious and error prone in any language. PDL generates memory safe and tailored backends for multiple target languages: - Rust - C++ - Python Historically PDL was developed as part of the Android Bluetooth stack ( bluetooth_packetgen ) as a way to generate the parser and serializer for Bluetooth packets, and reduce the number of memory safety issues that come with manipulating and validating raw data. How to use PDL Write the protocol definition cargo run my-protocol.pdl --output-format rust > my-protocol.rs Language specific instructions are provided for all supported backends: Rust generated code guide Python generated code guide C++ generated code guide Supported Features Full reference documentation Scalar values Enumerators Arrays Optional fields Nested packets Conditional packet derivation Custom field definiti"
platform/external/rust/crates/peeking_take_while,third_party,rust_crates,"androidbp,cargo","peeking_take_while Provides the peeking_take_while iterator adaptor method. The peeking_take_while method is very similar to take_while , but behaves differently when used with a borrowed iterator (perhaps returned by Iterator::by_ref ). peeking_take_while peeks at the next item in the iterator and runs the predicate on that peeked item. This avoids consuming the first item yielded by the underlying iterator for which the predicate returns false . On the other hand, take_while will consume that first item for which the predicate returns false , and it will be lost. // Bring the `peeking_take_while` method for peekable iterators into // scope. use peeking_take_while :: PeekableExt ; // Let's say we have two collections we want to iterate through: `xs` and // `ys`. We want to perform one operation on all the leading contiguous // elements that match some predicate, and a different thing with the rest of // the elements. With the `xs`, we will use the normal `take_while`. With the // `ys`"
platform/external/rust/crates/percent-encoding,third_party,rust_crates,"androidbp,cargo",Bug: 175870079
platform/external/rust/crates/percore,third_party,rust_crates,"androidbp,cargo","percore Safe per-CPU core mutable state on no_std platforms through exception masking. This crate provides two main wrapper types: PerCore to provide an instance of a value per CPU core, where each core can access only its instance, and ExceptionLock to guard a value so that it can only be accessed while exceptions are masked. These may be combined with RefCell to provide safe per-core mutable state. ExceptionLock may also be combined with a spinlock-based mutex (such as one provided by the spin crate) to avoid deadlocks when accessing global mutable state from exception handlers. Example use core :: cell :: RefCell ; use percore ::{ exception_free , Cores , ExceptionLock , PerCore }; /// The total number of CPU cores in the target system. const CORE_COUNT : usize = 2 ; struct CoresImpl ; unsafe impl Cores for CoresImpl { fn core_index () -> usize { todo !( ""Return the index of the current CPU core, 0 or 1"" ) } } struct CoreState { // Your per-core mutable state goes here... foo : u32"
platform/external/rust/crates/pest,third_party,rust_crates,"androidbp,cargo",Bug: 218419981
platform/external/rust/crates/pest_derive,third_party,rust_crates,"androidbp,cargo",Bug: 218410551
platform/external/rust/crates/pest_generator,third_party,rust_crates,"androidbp,cargo",Bug: 218416559
platform/external/rust/crates/pest_meta,third_party,rust_crates,"androidbp,cargo",Bug: 218414352
platform/external/rust/crates/petgraph,third_party,rust_crates,"androidbp,cargo","petgraph Graph data structure library. Please read the API documentation here . Supports Rust 1.64 and later. Crate feature flags: graphmap (default) enable GraphMap . stable_graph (default) enable StableGraph . matrix_graph (default) enable MatrixGraph . serde-1 (optional) enable serialization for Graph, StableGraph, GraphMap using serde 1.0. Requires Rust version as required by serde. rayon (optional) enable parallel iterators for the underlying data in GraphMap . Requires Rust version as required by Rayon. Recent Changes See RELEASES for a list of changes. The minimum supported rust version will only change on major releases. Logo The mascot is named “Sir Paul Rustory Graphosaurus” (close friends call him Paul). The logo has been created by the talented Aren. License Dual-licensed to be compatible with the Rust project. Licensed under the Apache License, Version 2.0 http://www.apache.org/licenses/LICENSE-2.0 or the MIT license http://opensource.org/licenses/MIT , at your option. Thi"
platform/external/rust/crates/pin-project,third_party,rust_crates,"androidbp,cargo","pin-project A crate for safe and ergonomic pin-projection . Usage Add this to your Cargo.toml : [ dependencies ] pin - project = ""1"" Compiler support: requires rustc 1.56+ Examples #[pin_project] attribute creates projection types covering all the fields of struct or enum. use std :: pin :: Pin ; use pin_project :: pin_project ; #[ pin_project ] struct Struct < T , U > { #[ pin ] pinned : T , unpinned : U , } impl < T , U > Struct < T , U > { fn method ( self : Pin <& mut Self >) { let this = self . project (); let _ : Pin <& mut T > = this . pinned ; // Pinned reference to the field let _ : & mut U = this . unpinned ; // Normal reference to the field } } code like this will be generated To use #[pin_project] on enums, you need to name the projection type returned from the method. use std :: pin :: Pin ; use pin_project :: pin_project ; #[ pin_project ( project = EnumProj )] enum Enum < T , U > { Pinned (#[ pin ] T ), Unpinned ( U ), } impl < T , U > Enum < T , U > { fn method ( self :"
platform/external/rust/crates/pin-project-internal,third_party,rust_crates,"androidbp,cargo",Bug: 156522606
platform/external/rust/crates/pin-project-lite,third_party,rust_crates,"androidbp,cargo","pin-project-lite A lightweight version of pin-project written with declarative macros. Usage Add this to your Cargo.toml : [ dependencies ] pin - project - lite = ""0.2"" Compiler support: requires rustc 1.37+ Examples pin_project! macro creates a projection type covering all the fields of struct. use std :: pin :: Pin ; use pin_project_lite :: pin_project ; pin_project ! { struct Struct < T , U > { #[ pin ] pinned : T , unpinned : U , } } impl < T , U > Struct < T , U > { fn method ( self : Pin <& mut Self >) { let this = self . project (); let _ : Pin <& mut T > = this . pinned ; // Pinned reference to the field let _ : & mut U = this . unpinned ; // Normal reference to the field } } To use pin_project! on enums, you need to name the projection type returned from the method. use std :: pin :: Pin ; use pin_project_lite :: pin_project ; pin_project ! { #[ project = EnumProj ] enum Enum < T , U > { Variant { #[ pin ] pinned : T , unpinned : U }, } } impl < T , U > Enum < T , U > { fn met"
platform/external/rust/crates/pin-utils,third_party,rust_crates,"androidbp,cargo","pin-utils Utilities for pinning Documentation Usage First, add this to your Cargo.toml : [ dependencies ] pin - utils = ""0.1.0-alpha.4"" Now, you can use it: use pin_utils :: pin_mut ; // And more... The current version of pin-utils requires Rust 1.33 or later. License This project is licensed under either of Apache License, Version 2.0, ( LICENSE-APACHE or http://www.apache.org/licenses/LICENSE-2.0 ) MIT license ( LICENSE-MIT or http://opensource.org/licenses/MIT ) at your option. Contribution Unless you explicitly state otherwise, any contribution intentionally submitted for inclusion in pin-utils by you, as defined in the Apache-2.0 license, shall be dual licensed as above, without any additional terms or conditions."
platform/external/rust/crates/pkcs1,third_party,rust_crates,"androidbp,cargo","RustCrypto : PKCS#1 (RSA) Pure Rust implementation of Public-Key Cryptography Standards (PKCS) #1: RSA Cryptography Specifications Version 2.2 ( RFC 8017 ). Documentation About This crate supports encoding and decoding RSA private and public keys in either PKCS#1 DER (binary) or PEM (text) formats. PEM encoded RSA private keys begin with: ----- BEGIN RSA PRIVATE KEY ----- PEM encoded RSA public keys begin with: ----- BEGIN RSA PUBLIC KEY ----- Minimum Supported Rust Version This crate requires Rust 1.65 at a minimum. We may change the MSRV in the future, but it will be accompanied by a minor version bump. License Licensed under either of: Apache License, Version 2.0 MIT license at your option. Contribution Unless you explicitly state otherwise, any contribution intentionally submitted for inclusion in the work by you, as defined in the Apache-2.0 license, shall be dual licensed as above, without any additional terms or conditions."
platform/external/rust/crates/pkcs8,third_party,rust_crates,"androidbp,cargo","RustCrypto : PKCS#8 (Private Keys) Pure Rust implementation of Public-Key Cryptography Standards (PKCS) #8: Private-Key Information Syntax Specification ( RFC 5208 ). Documentation About PKCS#8 PKCS#8 is a format for cryptographic private keys, often containing pairs of private and public keys. You can identify a PKCS#8 private key encoded as PEM (i.e. text) by the following: ----- BEGIN PRIVATE KEY ----- PKCS#8 private keys can optionally be encrypted under a password using key derivation algorithms like PBKDF2 and scrypt , and encrypted with ciphers like AES-CBC. When a PKCS#8 private key has been encrypted, it starts with the following: ----- BEGIN ENCRYPTED PRIVATE KEY ----- PKCS#8 private keys can also be serialized in an ASN.1-based binary format. The PEM text encoding is a Base64 representation of this format. Supported Algorithms This crate is implemented in an algorithm-agnostic manner with the goal of enabling PKCS#8 support for any algorithm. That said, it has been tested fo"
platform/external/rust/crates/pkg-config,third_party,rust_crates,,Bug: 292457537
platform/external/rust/crates/plotters,third_party,rust_crates,"androidbp,cargo",../README.md
platform/external/rust/crates/plotters-backend,third_party,rust_crates,"androidbp,cargo","plotters-backend - The base crate for implementing a backend for Plotters This is a part of plotters project. For more details, please check the following links: For high-level intro of Plotters, see: Plotters on crates.io Check the main repo at Plotters repo For detailed documentation about this crate, check plotters-backend on docs.rs You can also visit Plotters Homepage"
platform/external/rust/crates/plotters-svg,third_party,rust_crates,"androidbp,cargo","plotters-svg - The SVG backend for Plotters This is a part of plotters project. For more details, please check the following links: For high-level intro of Plotters, see: Plotters on crates.io Check the main repo at Plotters repo For detailed documentation about this crate, check plotters-backend on docs.rs You can also visit Plotters Homepage"
platform/external/rust/crates/poll_token_derive,third_party,rust_crates,"androidbp,cargo,rs_file",Bug: 369747276
platform/external/rust/crates/portable-atomic,third_party,rust_crates,"cargo,rs_file","portable-atomic Portable atomic types including support for 128-bit atomics, atomic float, etc. Provide all atomic integer types ( Atomic{I,U}{8,16,32,64} ) for all targets that can use atomic CAS. (i.e., all targets that can use std , and most no-std targets) Provide AtomicI128 and AtomicU128 . Provide AtomicF32 and AtomicF64 . ( optional, requires the float feature ) Provide atomic load/store for targets where atomic is not available at all in the standard library. (RISC-V without A-extension, MSP430, AVR) Provide atomic CAS for targets where atomic CAS is not available in the standard library. (thumbv6m, pre-v6 Arm, RISC-V without A-extension, MSP430, AVR, Xtensa, etc.) (always enabled for MSP430 and AVR, optional otherwise) Provide stable equivalents of the standard library‘s atomic types’ unstable APIs, such as AtomicPtr::fetch_* . Make features that require newer compilers, such as fetch_{max,min} , fetch_update , as_ptr , from_ptr , AtomicBool::fetch_not and stronger CAS failure"
platform/external/rust/crates/postcard,third_party,rust_crates,,Bug: 276481304
platform/external/rust/crates/ppv-lite86,third_party,rust_crates,"androidbp,cargo",Bug: 159928773
platform/external/rust/crates/predicates,third_party,rust_crates,"androidbp,cargo","predicates-rs An implementation of boolean-valued predicate functions in Rust. Changelog Usage First, add this to your Cargo.toml : [ dependencies ] predicates = ""3.0.4"" Next, add this to your crate: extern crate predicates ; use predicates :: prelude ::*; For more information on using predicates, look at the documentation License predicates-rs is distributed under the terms of both the MIT license and the Apache License (Version 2.0). See LICENSE-APACHE, and LICENSE-MIT for details. Credits Big thanks to futures-rs , whose slick API design informed a lot of decisions made on the API design of this library."
platform/external/rust/crates/predicates-core,third_party,rust_crates,"androidbp,cargo","predicates-core Traits for boolean-valued predicate functions in Rust. Changelog License predicates-core is distributed under the terms of both the MIT license and the Apache License (Version 2.0). See LICENSE-APACHE, and LICENSE-MIT for details. Credits Big thanks to futures-rs , whose slick API design informed a lot of decisions made on the API design of this library."
platform/external/rust/crates/predicates-tree,third_party,rust_crates,"androidbp,cargo","predicates-tree Render boolean-valued predicate functions results as a tree. Changelog License predicates-tree is distributed under the terms of both the MIT license and the Apache License (Version 2.0). See LICENSE-APACHE, and LICENSE-MIT for details."
platform/external/rust/crates/prettyplease,third_party,rust_crates,"androidbp,cargo,rs_file","prettyplease::unparse A minimal syn syntax tree pretty-printer. Overview This is a pretty-printer to turn a syn syntax tree into a String of well-formatted source code. In contrast to rustfmt, this library is intended to be suitable for arbitrary generated code. Rustfmt prioritizes high-quality output that is impeccable enough that you‘d be comfortable spending your career staring at its output — but that means some heavyweight algorithms, and it has a tendency to bail out on code that is hard to format (for example rustfmt#3697 , and there are dozens more issues like it). That’s not necessarily a big deal for human-generated code because when code gets highly nested, the human will naturally be inclined to refactor into more easily formattable code. But for generated code, having the formatter just give up leaves it totally unreadable. This library is designed using the simplest possible algorithm and data structures that can deliver about 95% of the quality of rustfmt-formatted outpu"
platform/external/rust/crates/proc-macro-error,third_party,rust_crates,"androidbp,cargo,rs_file","Makes error reporting in procedural macros nice and easy This crate aims to make error reporting in proc-macros simple and easy to use. Migrate from panic! -based errors for as little effort as possible! Also, you can explicitly append a dummy token stream to your errors. To achieve his, this crate serves as a tiny shim around proc_macro::Diagnostic and compile_error! . It detects the most preferable way to emit errors based on compiler's version. When the underlying diagnostic type is finally stabilized, this crate will be simply delegating to it, requiring no changes in your code! So you can just use this crate and have both some of proc_macro::Diagnostic functionality available on stable ahead of time and your error-reporting code future-proof. [ dependencies ] proc - macro - error = ""1.0"" Supports rustc 1.31 and up Documentation and guide Quick example Code: #[ proc_macro ] #[ proc_macro_error ] pub fn make_fn ( input : TokenStream ) -> TokenStream { let mut input = TokenStream2 ::"
platform/external/rust/crates/proc-macro-error-attr,third_party,rust_crates,"androidbp,cargo,rs_file",Bug: 156527773
platform/external/rust/crates/proc-macro-hack,third_party,rust_crates,"androidbp,cargo,rs_file","Procedural macros in expression position Since Rust 1.30, the language supports user-defined function-like procedural macros. However these can only be invoked in item position, not in statements or expressions. This crate implements an alternative type of procedural macro that can be invoked in statement or expression position. This approach works with any Rust version 1.31+. Defining procedural macros Two crates are required to define a procedural macro. The implementation crate This crate must contain nothing but procedural macros. Private helper functions and private modules are fine but nothing can be public. » example of an implementation crate Just like you would use a #[proc_macro] attribute to define a natively supported procedural macro, use proc-macro-hack's #[proc_macro_hack] attribute to define a procedural macro that works in expression position. The function signature is the same as for ordinary function-like procedural macros. use proc_macro :: TokenStream ; use proc_ma"
platform/external/rust/crates/proc-macro-nested,third_party,rust_crates,"androidbp,cargo,rs_file",Bug: 152624124
platform/external/rust/crates/proc-macro2,third_party,rust_crates,"androidbp,cargo,rs_file","proc-macro2 A wrapper around the procedural macro API of the compiler's proc_macro crate. This library serves two purposes: Bring proc-macro-like functionality to other contexts like build.rs and main.rs. Types from proc_macro are entirely specific to procedural macros and cannot ever exist in code outside of a procedural macro. Meanwhile proc_macro2 types may exist anywhere including non-macro code. By developing foundational libraries like syn and quote against proc_macro2 rather than proc_macro , the procedural macro ecosystem becomes easily applicable to many other use cases and we avoid reimplementing non-macro equivalents of those libraries. Make procedural macros unit testable. As a consequence of being specific to procedural macros, nothing that uses proc_macro can be executed from a unit test. In order for helper libraries or components of a macro to be testable in isolation, they must be implemented using proc_macro2 . Usage [ dependencies ] proc - macro2 = ""1.0"" The skeleton"
platform/external/rust/crates/protobuf,third_party,rust_crates,"androidbp,cargo,rs_file","Library to read and write protocol buffers data Features This crate has one feature, which is with-bytes . with-bytes enables protobuf crate support for bytes crate : when parsing bytes or strings from bytes::Bytes , protobuf will be able to reference the input instead of allocating subarrays. Note, codegen also need to be instructed to generate Bytes or Chars for bytes or string protobuf types instead of default Vec<u8> or String , just enabling option on this crate is not enough. See Customize struct in protobuf-codegen crate . Accompanying crates protobuf-json-mapping implements JSON parsing and serialization for protobuf messages. protobuf-codegen can be used to rust code from .proto crates. protoc-bin-vendored contains protoc command packed into the crate. protobuf-parse contains .proto file parser. Rarely need to be used directly, but can be used for mechanical processing of .proto files."
platform/external/rust/crates/protobuf-codegen,third_party,rust_crates,"androidbp,cargo","Protobuf code generator for protobuf crate This crate is useful mostly from build.rs scripts to generate .rs files during the build. How to generate code There are three main ways to generate .rs files from .proto files: using protoc command line tool and protoc-gen-rust plugin using this crate Codegen with pure rust parser using this crate Codegen with protoc parser Which one should you use depends on your needs. If you are using non-cargo build system (like Bazel), you might prefer using protoc-gen-rust plugin for protoc . If you build with cargo , you probably want to use Codegen from this crate. Protoc parser vs pure rust parser There are two protobuf parsers which can be plugged into this crate: protoc -based parser ( protoc is a command like utility from Google protobuf) pure rust parser ( protobuf-parse crate) protoc -based parser is expected to parse .proto files very correctly: all Google's protobuf implementations rely on it. While there are no known bugs in protobuf-parse ,"
platform/external/rust/crates/protobuf-json-mapping,third_party,rust_crates,"androidbp,cargo",JSON printer and parser which tries to follow protobuf conventions .
platform/external/rust/crates/protobuf-parse,third_party,rust_crates,"androidbp,cargo","Parse .proto files Parse .proto file definitions, not the protobuf text format serialization. Files can be parsed using pure Rust parser (mod pure ) or using the protoc command (mod protoc ). This crate is not meant to be used directly, but rather through the protobuf-codegen crate. If you think this crate might be useful to you, please consider creating an issue , until that this crate is considered to have no stable API ."
platform/external/rust/crates/protobuf-support,third_party,rust_crates,"androidbp,cargo",Supporting code for protobuf crates Code in this crate is used in protobuf crates like protobuf or protobuf-parse . None of code in this crate has public API.
platform/external/rust/crates/psci,third_party,rust_crates,"androidbp,cargo","SMCCC and PSCI functions for bare-metal Rust on aarch64 This crate provides support for the Arm SMC Calling Convention version 1.4, including standard Arm Architecture Calls constants, and version 1.1 of the Arm Power State Coordination Interface (PSCI). It includes constants, functions to make the calls (on aarch64 targets), and error types. Note that PSCI and other SMCCC calls may be made via either HVC or SMC. You can choose which one to use by building this crate with the corresponding feature (i.e. hvc or smc ). By default hvc is enabled. If neither feature is enabled then the functions to make calls will not be available, but the constants are still provided. This crate currently only supports aarch64 and the SMC64 versions of the various calls, in the cases that both SMC32 and SMC64 versions exist. This is not an officially supported Google product. License Licensed under either of Apache License, Version 2.0 ( LICENSE-APACHE or http://www.apache.org/licenses/LICENSE-2.0 ) MIT l"
platform/external/rust/crates/ptr_meta,third_party,rust_crates,"androidbp,cargo","ptr_meta ptr_meta A radioactive stabilization of the ptr_meta RFC . Usage Sized types Sized types already have Pointee implemented for them, so most of the time you won't have to worry about them. However, trying to derive Pointee for a struct that may or may not have a DST as its last field will cause an implementation conflict with the automatic sized implementation. slice s and str s These core types have implementations built in. Structs with a DST as its last field You can derive Pointee for last-field DSTs: use ptr_meta :: Pointee ; #[ derive ( Pointee )] struct Block < H , T > { header : H , elements : [ T ], } Trait objects You can generate a Pointee for trait objects: use ptr_meta :: pointee ; // Generates Pointee for dyn Stringy #[ pointee ] trait Stringy { fn as_string (& self ) -> String ; }"
platform/external/rust/crates/ptr_meta_derive,third_party,rust_crates,"androidbp,cargo",Bug: 377556466
platform/external/rust/crates/quiche,third_party,rust_crates,"androidbp,cargo","quiche is an implementation of the QUIC transport protocol and HTTP/3 as specified by the IETF . It provides a low level API for processing QUIC packets and handling connection state. The application is responsible for providing I/O (e.g. sockets handling) as well as an event loop with support for timers. For more information on how quiche came about and some insights into its design you can read a post on Cloudflare's blog that goes into some more detail. Who uses quiche? Cloudflare quiche powers Cloudflare edge network's HTTP/3 support . The cloudflare-quic.com website can be used for testing and experimentation. Android Android's DNS resolver uses quiche to implement DNS over HTTP/3 . curl quiche can be integrated into curl to provide support for HTTP/3. NGINX (unofficial) quiche can be integrated into NGINX using an unofficial patch to provide support for HTTP/3. Getting Started Command-line apps Before diving into the quiche API, here are a few examples on how to use the quiche to"
platform/external/rust/crates/quickcheck,third_party,rust_crates,"androidbp,cargo,rustfmt","quickcheck QuickCheck is a way to do property based testing using randomly generated input. This crate comes with the ability to randomly generate and shrink integers, floats, tuples, booleans, lists, strings, options and results. All QuickCheck needs is a property function—it will then randomly generate inputs to that function and call the property for each set of inputs. If the property fails (whether by a runtime error like index out-of-bounds or by not satisfying your property), the inputs are “shrunk” to find a smaller counter-example. The shrinking strategies for lists and numbers use a binary search to cover the input space quickly. (It should be the same strategy used in Koen Claessen's QuickCheck for Haskell .) Dual-licensed under MIT or the UNLICENSE . Documentation The API is fully documented: https://docs.rs/quickcheck . Simple example Here's an example that tests a function that reverses a vector: #[ cfg ( test )] #[ macro_use ] extern crate quickcheck ; fn reverse < T : C"
platform/external/rust/crates/quote,third_party,rust_crates,"androidbp,cargo","Rust Quasi-Quoting This crate provides the quote! macro for turning Rust syntax tree data structures into tokens of source code. Procedural macros in Rust receive a stream of tokens as input, execute arbitrary Rust code to determine how to manipulate those tokens, and produce a stream of tokens to hand back to the compiler to compile into the caller's crate. Quasi-quoting is a solution to one piece of that — producing tokens to return to the compiler. The idea of quasi-quoting is that we write code that we treat as data . Within the quote! macro, we can write what looks like code to our text editor or IDE. We get all the benefits of the editor‘s brace matching, syntax highlighting, indentation, and maybe autocompletion. But rather than compiling that as code into the current crate, we can treat it as data, pass it around, mutate it, and eventually hand it back to the compiler as tokens to compile into the macro caller’s crate. This crate is motivated by the procedural macro use case, b"
platform/external/rust/crates/rand,third_party,rust_crates,"androidbp,cargo","Rand A Rust library for random number generation, featuring: Easy random value generation and usage via the Rng , SliceRandom and IteratorRandom traits Secure seeding via the getrandom crate and fast, convenient generation via thread_rng A modular design built over rand_core ( see the book ) Fast implementations of the best-in-class cryptographic and non-cryptographic generators A flexible distributions module Samplers for a large number of random number distributions via our own rand_distr and via the statrs Portably reproducible output #[no_std] compatibility (partial) Many performance optimisations It's also worth pointing out what rand is not : Small. Most low-level crates are small, but the higher-level rand and rand_distr each contain a lot of functionality. Simple (implementation). We have a strong focus on correctness, speed and flexibility, but not simplicity. If you prefer a small-and-simple library, there are alternatives including fastrand and oorandom . Slow. We take perfo"
platform/external/rust/crates/rand_chacha,third_party,rust_crates,"androidbp,cargo","rand_chacha A cryptographically secure random number generator that uses the ChaCha algorithm. ChaCha is a stream cipher designed by Daniel J. Bernstein[^1], that we use as an RNG. It is an improved variant of the Salsa20 cipher family, which was selected as one of the “stream ciphers suitable for widespread adoption” by eSTREAM[^2]. The RNGs provided by this crate are implemented via the fast stream ciphers of the c2-chacha crate. Links: API documentation (master) API documentation (docs.rs) Changelog [^1]: D. J. Bernstein, ChaCha, a variant of Salsa20 [^2]: eSTREAM: the ECRYPT Stream Cipher Project Crate Features rand_chacha is no_std compatible when disabling default features; the std feature can be explicitly required to re-enable std support. Using std allows detection of CPU features and thus better optimisation. License rand_chacha is distributed under the terms of both the MIT license and the Apache License (Version 2.0). See LICENSE-APACHE and LICENSE-MIT , and COPYRIGHT for d"
platform/external/rust/crates/rand_core,third_party,rust_crates,"androidbp,cargo","rand_core Core traits and error types of the rand library, plus tools for implementing RNGs. This crate is intended for use when implementing the core trait, RngCore ; it defines the core traits to be implemented as well as several small functions to aid in their implementation and types required for error handling. The main rand crate re-exports most items defined in this crate, along with tools to convert the integer samples generated by RngCore to many different applications (including sampling from restricted ranges, conversion to floating point, list permutations and secure initialisation of RNGs). Most users should prefer to use the main rand crate. Links: API documentation (master) API documentation (docs.rs) Changelog Functionality The rand_core crate provides: base random number generator traits error-reporting types functionality to aid implementation of RNGs The traits and error types are also available via rand . Versions The current version is: rand_core = ""0.6.0"" Rand lib"
platform/external/rust/crates/rand_hc,third_party,rust_crates,,Bug: 276726775
platform/external/rust/crates/rand_xorshift,third_party,rust_crates,"androidbp,cargo","rand_xorshift Implements the Xorshift random number generator. The Xorshift[^1] algorithm is not suitable for cryptographic purposes but is very fast. If you do not know for sure that it fits your requirements, use a more secure one such as StdRng or OsRng . [^1]: Marsaglia, George (July 2003). “Xorshift RNGs” . Journal of Statistical Software . Vol. 8 (Issue 14). Links: API documentation (master) API documentation (docs.rs) Changelog Crate Features rand_xorshift is no_std compatible. It does not require any functionality outside of the core lib, thus there are no features to configure. The serde1 feature includes implementations of Serialize and Deserialize for the included RNGs. License rand_xorshift is distributed under the terms of both the MIT license and the Apache License (Version 2.0). See LICENSE-APACHE and LICENSE-MIT , and COPYRIGHT for details."
platform/external/rust/crates/rayon,third_party,rust_crates,"androidbp,cargo","Rayon Rayon is a data-parallelism library for Rust. It is extremely lightweight and makes it easy to convert a sequential computation into a parallel one. It also guarantees data-race freedom. (You may also enjoy this blog post about Rayon, which gives more background and details about how it works, or this video , from the Rust Belt Rust conference.) Rayon is available on crates.io , and API documentation is available on docs.rs . Parallel iterators and more Rayon makes it drop-dead simple to convert sequential iterators into parallel ones: usually, you just change your foo.iter() call into foo.par_iter() , and Rayon does the rest: use rayon :: prelude ::*; fn sum_of_squares ( input : &[ i32 ]) -> i32 { input . par_iter () // <-- just change that! . map (|& i | i * i ) . sum () } Parallel iterators take care of deciding how to divide your data into tasks; it will dynamically adapt for maximum performance. If you need more flexibility than that, Rayon also offers the join and scope fun"
platform/external/rust/crates/rayon-core,third_party,rust_crates,"androidbp,cargo,rs_file","Rayon-core represents the “core, stable” APIs of Rayon: join, scope, and so forth, as well as the ability to create custom thread-pools with ThreadPool. Maybe worth mentioning: users are not necessarily intended to directly access rayon-core; all its APIs are mirror in the rayon crate. To that end, the examples in the docs use rayon::join and so forth rather than rayon_core::join. rayon-core aims to never, or almost never, have a breaking change to its API, because each revision of rayon-core also houses the global thread-pool (and hence if you have two simultaneous versions of rayon-core, you have two thread-pools). Please see Rayon Docs for details about using Rayon. Rayon-core currently requires rustc 1.63.0 or greater."
platform/external/rust/crates/regex,third_party,rust_crates,"androidbp,cargo,rustfmt","regex A Rust library for parsing, compiling, and executing regular expressions. Its syntax is similar to Perl-style regular expressions, but lacks a few features like look around and backreferences. In exchange, all searches execute in linear time with respect to the size of the regular expression and search text. Much of the syntax and implementation is inspired by RE2 . Documentation Module documentation with examples . The module documentation also includes a comprehensive description of the syntax supported. Documentation with examples for the various matching functions and iterators can be found on the Regex type . Usage To bring this crate into your repository, either add regex to your Cargo.toml , or run cargo add regex . Here's a simple example that matches a date in YYYY-MM-DD format and prints the year, month and day: use regex :: Regex ; fn main () { let re = Regex :: new ( r ""(? x ) (? P < year > \d { 4 }) # the year - (? P < month > \d { 2 }) # the month - (? P < day > \d"
platform/external/rust/crates/regex-automata,third_party,rust_crates,"androidbp,cargo,rustfmt","regex-automata A low level regular expression library that uses deterministic finite automata. It supports a rich syntax with Unicode support, has extensive options for configuring the best space vs time trade off for your use case and provides support for cheap deserialization of automata for use in no_std environments. Dual-licensed under MIT or the UNLICENSE . Documentation https://docs.rs/regex-automata Usage Add this to your Cargo.toml : [ dependencies ] regex - automata = ""0.1"" and this to your crate root (if you're using Rust 2015): extern crate regex_automata ; Example: basic regex searching This example shows how to compile a regex using the default configuration and then use it to find matches in a byte string: use regex_automata :: Regex ; let re = Regex :: new ( r ""[0-9]{4}-[0-9]{2}-[0-9]{2}"" ). unwrap (); let text = b ""2018-12-24 2016-10-08"" ; let matches : Vec <( usize , usize )> = re . find_iter ( text ). collect (); assert_eq !( matches , vec ![( 0 , 10 ), ( 11 , 21 )])"
platform/external/rust/crates/regex-syntax,third_party,rust_crates,"androidbp,cargo","regex-syntax This crate provides a robust regular expression parser. Documentation https://docs.rs/regex-syntax Overview There are two primary types exported by this crate: Ast and Hir . The former is a faithful abstract syntax of a regular expression, and can convert regular expressions back to their concrete syntax while mostly preserving its original form. The latter type is a high level intermediate representation of a regular expression that is amenable to analysis and compilation into byte codes or automata. An Hir achieves this by drastically simplifying the syntactic structure of the regular expression. While an Hir can be converted back to its equivalent concrete syntax, the result is unlikely to resemble the original concrete syntax that produced the Hir . Example This example shows how to parse a pattern string into its HIR: use regex_syntax :: Parser ; use regex_syntax :: hir ::{ self , Hir }; let hir = Parser :: new (). parse ( ""a|b"" ). unwrap (); assert_eq !( hir , Hir ::"
platform/external/rust/crates/remain,third_party,rust_crates,"androidbp,cargo","Remain sorted This crate provides an attribute macro to check at compile time that the variants of an enum or the arms of a match expression are written in sorted order. [ dependencies ] remain = ""0.2"" Syntax Place a #[remain::sorted] attribute on enums, structs, match-expressions, or let-statements whose value is a match-expression. Alternatively, import as use remain::sorted; and use #[sorted] as the attribute. #[ remain :: sorted ] #[ derive ( Debug )] pub enum Error { BlockSignal ( signal :: Error ), CreateCrasClient ( libcras :: Error ), CreateEventFd ( sys_util :: Error ), CreateSignalFd ( sys_util :: SignalFdError ), CreateSocket ( io :: Error ), DetectImageType ( qcow :: Error ), DeviceJail ( io_jail :: Error ), NetDeviceNew ( virtio :: NetError ), SpawnVcpu ( io :: Error ), } #[ remain :: sorted ] #[ derive ( Debug )] pub struct Registers { ax : u16 , cx : u16 , di : u16 , si : u16 , sp : u16 , } impl Display for Error { fn fmt (& self , f : & mut fmt :: Formatter ) -> fmt ::"
platform/external/rust/crates/remove_dir_all,third_party,rust_crates,"androidbp,cargo","remove_dir_all Description Reliable and fast directory removal functions. remove_dir_all - on non-Windows this is a re-export of std::fs::remove_dir_all . For Windows an implementation that handles the locking of directories that occurs when deleting directory trees rapidly. remove_dir_contents - as for remove_dir_all but does not delete the supplied root directory. ensure_empty_dir - as for remove_dir_contents but will create the directory if it does not exist. extern crate remove_dir_all ; use remove_dir_all ::*; fn main () { remove_dir_all ( ""./temp/"" ). unwrap (); remove_dir_contents ( ""./cache/"" ). unwrap (); } Minimum Rust Version The minimum rust version for remove_dir_all is the latest stable release, and the minimum version may be bumped through patch releases. You can pin to a specific version by setting by add = to your version (e.g. =0.6.0 ), or commiting a Cargo.lock file to your project."
platform/external/rust/crates/ring,third_party,rust_crates,"androidbp,cargo,rs_file",Bug: 174788910
platform/external/rust/crates/ron,third_party,rust_crates,,Bug: 298811532
platform/external/rust/crates/rusb,third_party,rust_crates,"androidbp,cargo,rs_file","Rusb This crate provides a safe wrapper around the native libusb library. It applies the RAII pattern and Rust lifetimes to ensure safe usage of all libusb functionality. The RAII pattern ensures that all acquired resources are released when they're no longer needed, and Rust lifetimes ensure that resources are released in a proper order. Documentation Dependencies To use rusb no extra setup is required as rusb will automatically download the source for libusb and build it. However if building libusb fails you can also try setting up the native libusb library where it can be found by pkg-config or vcpkg . All systems supported by the native libusb library are also supported by the libusb crate. It's been tested on Linux, OS X, and Windows. Cross-Compiling The rusb crate can be used when cross-compiling to a foreign target. Details on how to cross-compile rusb are explained in the libusb1-sys crate's README . Usage Add rusb as a dependency in Cargo.toml : [ dependencies ] rusb = ""0.9"" I"
platform/external/rust/crates/rusqlite,third_party,rust_crates,"androidbp,cargo","Rusqlite Rusqlite is an ergonomic wrapper for using SQLite from Rust. Historically, the API was based on the one from rust-postgres . However, the two have diverged in many ways, and no compatibility between the two is intended. Usage In your Cargo.toml: [ dependencies ] # `bundled` causes us to automatically compile and link in an up to date # version of SQLite for you. This avoids many common build issues, and # avoids depending on the version of SQLite on the users system (or your # system), which may be old or missing. It's the right choice for most # programs that control their own SQLite databases. # # That said, it's not ideal for all scenarios and in particular, generic # libraries built around `rusqlite` should probably not enable it, which # is why it is not a default feature -- it could become hard to disable. rusqlite = { version = ""0.29.0"" , features = [ ""bundled"" ] } Simple example usage: use rusqlite ::{ Connection , Result }; #[ derive ( Debug )] struct Person { id : i3"
platform/external/rust/crates/rust-stemmers,third_party,rust_crates,cargo,"Rust Stemmers This crate implements some stemmer algorithms found in the snowball project which are compiled to rust using the rust-backend of the snowball compiler . Supported Algorithms Arabic Danish Dutch English French German Greek Hungarian Italian Norwegian Portuguese Romanian Russian Spanish Swedish Tamil Turkish Usage extern crate rust_stemmers ; use rust_stemmers ::{ Algorithm , Stemmer }; // Create a stemmer for the english language let en_stemmer = Stemmer :: create ( Algorithm :: English ); // Stemm the word ""fruitlessly"" // Please be aware that all algorithms expect their input to only contain lowercase characters. assert_eq !( en_stemmer . stem ( ""fruitlessly"" ), ""fruitless"" ); Related Projects The stemmer crate provides bindings to the C Snowball implementation."
platform/external/rust/crates/rustc-demangle,third_party,rust_crates,"androidbp,cargo","rustc-demangle Demangling for Rust symbols, written in Rust. Documentation Usage You can add this as a dependency via your Cargo.toml [ dependencies ] rustc - demangle = ""0.1"" and then be sure to check out the crate documentation for usage. Usage from non-Rust languages You can also use this crate from other languages via the C API wrapper in the crates/capi directory. This can be build with: $ cargo build - p rustc - demangle - capi -- release You'll then find target/release/librustc_demangle.a and target/release/librustc_demangle.so (or a different name depending on your platform). These objects implement the interface specified in crates/capi/include/rustc_demangle.h . License This project is licensed under either of Apache License, Version 2.0, ( LICENSE-APACHE or http://www.apache.org/licenses/LICENSE-2.0 ) MIT license ( LICENSE-MIT or http://opensource.org/licenses/MIT ) at your option. Contribution Unless you explicitly state otherwise, any contribution intentionally submitted f"
platform/external/rust/crates/rustc-demangle-capi,third_party,rust_crates,"androidbp,cargo",Bug: 183698465
platform/external/rust/crates/rustc-hash,third_party,rust_crates,"androidbp,cargo","rustc-hash A speedy hash algorithm used within rustc. The hashmap in liballoc by default uses SipHash which isn‘t quite as speedy as we want. In the compiler we’re not really worried about DOS attempts, so we use a fast non-cryptographic hash. This is the same as the algorithm used by Firefox -- which is a homespun one not based on any widely-known algorithm -- though modified to produce 64-bit hash values instead of 32-bit hash values. It consistently out-performs an FNV-based hash within rustc itself -- the collision rate is similar or slightly worse than FNV, but the speed of the hash function itself is much higher because it works on up to 8 bytes at a time. Usage use rustc_hash :: FxHashMap ; let mut map : FxHashMap < u32 , u32 > = FxHashMap :: default (); map . insert ( 22 , 44 ); no_std This crate can be used as a no_std crate by disabling the std feature, which is on by default, as follows: rustc - hash = { version = ""1.0"" , default - features = false } In this configuration, F"
platform/external/rust/crates/rustc_version,third_party,rust_crates,,Bug: 276732055
platform/external/rust/crates/rusticata-macros,third_party,rust_crates,"androidbp,cargo","rusticata-macros Rusticata-macros Helper macros for the rusticata project. This crate contains some additions to nom . For example, the [ combinator::cond_else ] function allows to apply the first parser if the condition is true, and the second if the condition is false: use rusticata_macros :: combinator :: cond_else ; let r : IResult < _ , _ , ()> = cond_else ( || s . len () > 1 , be_u16 , map ( be_u8 , u16 :: from ) )( s ); See the documentation for more details and examples. Nom versions Different versions of this crate are available, depending on nom version. rusticata-macros 4.x depends on nom 7 rusticata-macros 3.x depends on nom 6 rusticata-macros 2.x depends on nom 5 Documentation Crate is documented, do running cargo doc will crate the offline documentation. Reference documentation can be found here Changes 4.1.0 Remove macro slice_fixed 4.0.0 Upgrade to nom 7 Remove macros 3.0.1 Add be_var_u64 and le_var_u64 3.0.0 Upgrade to nom 6 2.1.0 Add common trait Serialize for structu"
platform/external/rust/crates/rustix,third_party,rust_crates,"androidbp,cargo,rs_file","A Bytecode Alliance project rustix provides efficient memory-safe and I/O-safe wrappers to POSIX-like, Unix-like, Linux, and Winsock syscall-like APIs, with configurable backends. It uses Rust references, slices, and return values instead of raw pointers, and I/O safety types instead of raw file descriptors, providing memory safety, I/O safety , and provenance . It uses Result s for reporting errors, bitflags instead of bare integer flags, an Arg trait with optimizations to efficiently accept any Rust string type, and several other efficient conveniences. rustix is low-level and, and while the net API supports Windows Sockets 2 (Winsock), the rest of the APIs do not support Windows; for higher-level and more portable APIs built on this functionality, see the cap-std , memfd , timerfd , and io-streams crates, for example. rustix currently has two backends available: linux_raw, which uses raw Linux system calls and vDSO calls, and is supported on Linux on x86-64, x86, aarch64, riscv64gc,"
platform/external/rust/crates/rustversion,third_party,rust_crates,"androidbp,cargo","Compiler version cfg This crate provides macros for conditional compilation according to rustc compiler version, analogous to #[cfg(...)] and #[cfg_attr(...)] . [ dependencies ] rustversion = ""1.0"" Selectors #[rustversion::stable] — True on any stable compiler. #[rustversion::stable(1.34)] — True on exactly the specified stable compiler. #[rustversion::beta] — True on any beta compiler. #[rustversion::nightly] — True on any nightly compiler or dev build. #[rustversion::nightly(2019-01-01)] — True on exactly one nightly. #[rustversion::since(1.34)] — True on that stable release and any later compiler, including beta and nightly. #[rustversion::since(2019-01-01)] — True on that nightly and all newer ones. #[rustversion::before( version or date )] — Negative of #[rustversion::since(...)] . #[rustversion::not( selector )] — Negative of any selector; for example #[rustversion::not(nightly)] . #[rustversion::any( selectors... )] — True if any of the comma-separated selectors is true; for exa"
platform/external/rust/crates/ryu,third_party,rust_crates,"androidbp,cargo","Ryū Pure Rust implementation of Ryū, an algorithm to quickly convert floating point numbers to decimal strings. The PLDI'18 paper Ryū: fast float-to-string conversion by Ulf Adams includes a complete correctness proof of the algorithm. The paper is available under the creative commons CC-BY-SA license. This Rust implementation is a line-by-line port of Ulf Adams' implementation in C, https://github.com/ulfjack/ryu . Requirements: this crate supports any compiler version back to rustc 1.36; it uses nothing from the Rust standard library so is usable from no_std crates. [ dependencies ] ryu = ""1.0"" Example fn main () { let mut buffer = ryu :: Buffer :: new (); let printed = buffer . format ( 1.234 ); assert_eq !( printed , ""1.234"" ); } Performance (lower is better) You can run upstream's benchmarks with: $ git clone https : //github.com/ulfjack/ryu c-ryu $ cd c - ryu $ bazel run - c opt //ryu/benchmark:ryu_benchmark And the same benchmark against our implementation with: $ git clone http"
platform/external/rust/crates/same-file,third_party,rust_crates,"androidbp,cargo,rustfmt","same-file A safe and cross platform crate to determine whether two files or directories are the same. Dual-licensed under MIT or the UNLICENSE . Documentation https://docs.rs/same-file Usage Add this to your Cargo.toml : [ dependencies ] same - file = ""1"" Example The simplest use of this crate is to use the is_same_file function, which takes two file paths and returns true if and only if they refer to the same file: use same_file :: is_same_file ; fn main () { assert !( is_same_file ( ""/bin/sh"" , ""/usr/bin/sh"" ). unwrap ()); } Minimum Rust version policy This crate's minimum supported rustc version is 1.34.0 . The current policy is that the minimum Rust version required to use this crate can be increased in minor version updates. For example, if crate 1.0 requires Rust 1.20.0, then crate 1.0.z for all values of z will also require Rust 1.20.0 or newer. However, crate 1.y for y > 0 may require a newer minimum version of Rust. In general, this crate will be conservative with respect to t"
platform/external/rust/crates/scopeguard,third_party,rust_crates,"androidbp,cargo","scopeguard Rust crate for a convenient RAII scope guard that will run a given closure when it goes out of scope, even if the code between panics (assuming unwinding panic). The defer! macro and guard are no_std compatible (require only core ), but the on unwinding / not on unwinding strategies require linking to std . By default, the use_std crate feature is enabled. Disable the default features for no_std support. Please read the API documentation here . Minimum supported Rust version: 1.20 How to use #[ macro_use ( defer )] extern crate scopeguard ; use scopeguard :: guard ; fn f () { defer ! { println !( ""Called at return or panic"" ); } panic !(); } use std :: fs :: File ; use std :: io :: Write ; fn g () { let f = File :: create ( ""newfile.txt"" ). unwrap (); let mut file = guard ( f , | f | { // write file at return or panic let _ = f . sync_all (); }); // access the file through the scope guard itself file . write_all ( b ""test me\n"" ). unwrap (); } Recent Changes 1.2.0 Use Manual"
platform/external/rust/crates/sec1,third_party,rust_crates,"androidbp,cargo","RustCrypto : SEC1 Elliptic Curve Cryptography Formats Documentation About Pure Rust implementation of SEC1: Elliptic Curve Cryptography encoding formats including ASN.1 DER-serialized private keys (also described in RFC5915 ) as well as the Elliptic-Curve-Point-to-Octet-String and Octet-String-to-Elliptic-Curve-Point encoding algorithms. Minimum Supported Rust Version This crate requires Rust 1.65 at a minimum. We may change the MSRV in the future, but it will be accompanied by a minor version bump. License Licensed under either of: Apache License, Version 2.0 MIT license at your option. Contribution Unless you explicitly state otherwise, any contribution intentionally submitted for inclusion in the work by you, as defined in the Apache-2.0 license, shall be dual licensed as above, without any additional terms or conditions."
platform/external/rust/crates/semver,third_party,rust_crates,"androidbp,cargo,rs_file","semver A parser and evaluator for Cargo's flavor of Semantic Versioning. Semantic Versioning (see https://semver.org ) is a guideline for how version numbers are assigned and incremented. It is widely followed within the Cargo/crates.io ecosystem for Rust. [ dependencies ] semver = ""1.0"" Compiler support: requires rustc 1.31+ Example use semver ::{ BuildMetadata , Prerelease , Version , VersionReq }; fn main () { let req = VersionReq :: parse ( "">=1.2.3, <1.8.0"" ). unwrap (); // Check whether this requirement matches version 1.2.3-alpha.1 (no) let version = Version { major : 1 , minor : 2 , patch : 3 , pre : Prerelease :: new ( ""alpha.1"" ). unwrap (), build : BuildMetadata :: EMPTY , }; assert !(! req . matches (& version )); // Check whether it matches 1.3.0 (yes it does) let version = Version :: parse ( ""1.3.0"" ). unwrap (); assert !( req . matches (& version )); } Scope of this crate Besides Cargo, several other package ecosystems and package managers for other languages also use Se"
platform/external/rust/crates/serde,third_party,rust_crates,"androidbp,cargo,rs_file","Serde Serde is a framework for ser ializing and de serializing Rust data structures efficiently and generically. You may be looking for: An overview of Serde Data formats supported by Serde Setting up #[derive(Serialize, Deserialize)] Examples API documentation Release notes Serde in action [ dependencies ] # The core APIs, including the Serialize and Deserialize traits. Always # required when using Serde. The ""derive"" feature is only required when # using #[derive(Serialize, Deserialize)] to make Serde work with structs # and enums defined in your crate. serde = { version = ""1.0"" , features = [ ""derive"" ] } # Each data format lives in its own crate; the sample code below uses JSON # but you may be using a different one. serde_json = ""1.0"" use serde ::{ Serialize , Deserialize }; #[ derive ( Serialize , Deserialize , Debug )] struct Point { x : i32 , y : i32 , } fn main () { let point = Point { x : 1 , y : 2 }; // Convert the Point to a JSON string. let serialized = serde_json :: to_st"
platform/external/rust/crates/serde-xml-rs,third_party,rust_crates,"androidbp,cargo,rustfmt","serde-xml-rs xml-rs based deserializer for Serde (compatible with 1.0) Example usage use serde ::{ Deserialize , Serialize }; use serde_xml_rs ::{ from_str , to_string }; #[ derive ( Debug , Serialize , Deserialize , PartialEq )] struct Item { name : String , source : String , } fn main () { let src = r # ""<Item><name>Banana</name><source>Store</source></Item>"" #; let should_be = Item { name : ""Banana"" . to_string (), source : ""Store"" . to_string (), }; let item : Item = from_str ( src ). unwrap (); assert_eq !( item , should_be ); let reserialized_item = to_string (& item ). unwrap (); assert_eq !( src , reserialized_item ); }"
platform/external/rust/crates/serde_cbor,third_party,rust_crates,"androidbp,cargo","Serde CBOR PROJECT IS ARCHIVED After almost 6 years it is time to retire this crate. This implementation of CBOR for serde is used in hundreds of projects with widely differing needs. Besides the standard features it contains code for no-std environments, a packed encoding and CBOR tags. However while these features are useful to many people they sometimes interact poorly with each others and with optional features of serde itself. Because I don't use the crate myself and because of the potential for new errors I have been reluctant to accept any changes or additional features for the crate. Since this situation is unlikely to change anytime soon and no one else stepped up to maintain this crate I am archiving the repository today. If the crate works for you there is no need to switch to another implementation. However if you encounter problems or for new projects I recommend you take a look at these crates: ciborium minicbor ~~ Pyfisch, August 2021 This crate implements the Concise Bi"
platform/external/rust/crates/serde_derive,third_party,rust_crates,"androidbp,cargo,rs_file","Serde Serde is a framework for ser ializing and de serializing Rust data structures efficiently and generically. You may be looking for: An overview of Serde Data formats supported by Serde Setting up #[derive(Serialize, Deserialize)] Examples API documentation Release notes Serde in action [ dependencies ] # The core APIs, including the Serialize and Deserialize traits. Always # required when using Serde. The ""derive"" feature is only required when # using #[derive(Serialize, Deserialize)] to make Serde work with structs # and enums defined in your crate. serde = { version = ""1.0"" , features = [ ""derive"" ] } # Each data format lives in its own crate; the sample code below uses JSON # but you may be using a different one. serde_json = ""1.0"" use serde ::{ Serialize , Deserialize }; #[ derive ( Serialize , Deserialize , Debug )] struct Point { x : i32 , y : i32 , } fn main () { let point = Point { x : 1 , y : 2 }; // Convert the Point to a JSON string. let serialized = serde_json :: to_st"
platform/external/rust/crates/serde_json,third_party,rust_crates,"androidbp,cargo,rs_file","Serde JSON Serde is a framework for ser ializing and de serializing Rust data structures efficiently and generically. [ dependencies ] serde_json = ""1.0"" You may be looking for: JSON API documentation Serde API documentation Detailed documentation about Serde Setting up #[derive(Serialize, Deserialize)] Release notes JSON is a ubiquitous open-standard format that uses human-readable text to transmit data objects consisting of key-value pairs. { ""name"" : ""John Doe"" , ""age"" : 43 , ""address"" : { ""street"" : ""10 Downing Street"" , ""city"" : ""London"" }, ""phones"" : [ ""+44 1234567"" , ""+44 2345678"" ] } There are three common ways that you might find yourself needing to work with JSON data in Rust. As text data. An unprocessed string of JSON data that you receive on an HTTP endpoint, read from a file, or prepare to send to a remote server. As an untyped or loosely typed representation. Maybe you want to check that some JSON data is valid before passing it on, but without knowing the structure of w"
platform/external/rust/crates/serde_spanned,third_party,rust_crates,"androidbp,cargo","serde_spanned A serde -compatible spanned Value This allows capturing the location, in bytes, for a value in the original parsed document for compatible deserializers. License This project is licensed under either of Apache License, Version 2.0, ( LICENSE-APACHE or http://www.apache.org/licenses/LICENSE-2.0 ) MIT license ( LICENSE-MIT or http://opensource.org/licenses/MIT ) at your option. Contribution Unless you explicitly state otherwise, any contribution intentionally submitted for inclusion in toml-rs by you, as defined in the Apache-2.0 license, shall be dual licensed as above, without any additional terms or conditions."
platform/external/rust/crates/serde_test,third_party,rust_crates,"androidbp,cargo","serde_test This crate provides a convenient concise way to write unit tests for implementations of Serialize and Deserialize . The Serialize impl for a value can be characterized by the sequence of Serializer calls that are made in the course of serializing the value, so serde_test provides a [ Token ] abstraction which corresponds roughly to Serializer method calls. There is an [ assert_ser_tokens ] function to test that a value serializes to a particular sequence of method calls, an [ assert_de_tokens ] function to test that a value can be deserialized from a particular sequence of method calls, and an [ assert_tokens ] function to test both directions. There are also functions to test expected failure conditions. Here is an example from the linked-hash-map crate. use linked_hash_map :: LinkedHashMap ; use serde_test ::{ assert_tokens , Token }; #[ test ] fn test_ser_de_empty () { let map = LinkedHashMap ::< char , u32 >:: new (); assert_tokens ( & map , &[ Token :: Map { len : Some"
platform/external/rust/crates/serde_yaml,third_party,rust_crates,"androidbp,cargo","Serde YAML This crate is a Rust library for using the Serde serialization framework with data in YAML file format. Dependency [ dependencies ] serde = ""1.0"" serde_yaml = ""0.9"" Release notes are available under GitHub releases . Using Serde YAML API documentation is available in rustdoc form but the general idea is: use std :: collections :: BTreeMap ; fn main () -> Result <(), serde_yaml :: Error > { // You have some type. let mut map = BTreeMap :: new (); map . insert ( ""x"" . to_string (), 1.0 ); map . insert ( ""y"" . to_string (), 2.0 ); // Serialize it to a YAML string. let yaml = serde_yaml :: to_string (& map )?; assert_eq !( yaml , ""x: 1.0\ny: 2.0\n"" ); // Deserialize it back to a Rust type. let deserialized_map : BTreeMap < String , f64 > = serde_yaml :: from_str (& yaml )?; assert_eq !( map , deserialized_map ); Ok (()) } It can also be used with Serde's derive macros to handle structs and enums defined in your program. [ dependencies ] serde = { version = ""1.0"" , features = [ """
platform/external/rust/crates/sharded-slab,third_party,rust_crates,"androidbp,cargo","sharded-slab A lock-free concurrent slab. Slabs provide pre-allocated storage for many instances of a single data type. When a large number of values of a single type are required, this can be more efficient than allocating each item individually. Since the allocated items are the same size, memory fragmentation is reduced, and creating and removing new items can be very cheap. This crate implements a lock-free concurrent slab, indexed by usize s. Note : This crate is currently experimental. Please feel free to use it in your projects, but bear in mind that there's still plenty of room for optimization, and there may still be some lurking bugs. Usage First, add this to your Cargo.toml : sharded - slab = ""0.1.7"" This crate provides two types, Slab and Pool , which provide slightly different APIs for using a sharded slab. Slab implements a slab for storing small types, sharing them between threads, and accessing them by index. New entries are allocated by inserting data, moving it in by"
platform/external/rust/crates/shared_child,third_party,rust_crates,"androidbp,cargo","shared_child.rs A library for awaiting and killing child processes from multiple threads. Docs Crate Repo The std::process::Child type in the standard library provides wait and kill methods that take &mut self , making it impossible to kill a child process while another thread is waiting on it. That design works around a race condition in Unix's waitpid function, where a PID might get reused as soon as the wait returns, so a signal sent around the same time could accidentally get delivered to the wrong process. However with the newer POSIX waitid function, we can wait on a child without freeing its PID for reuse. That makes it safe to send signals concurrently. Windows has actually always supported this, by preventing PID reuse while there are still open handles to a child process. This library wraps std::process::Child for concurrent use, backed by these APIs. Compatibility note: The libc crate doesn't currently support waitid on NetBSD or OpenBSD, or on older versions of OSX. There m"
platform/external/rust/crates/shared_library,third_party,rust_crates,"androidbp,cargo",Bug: 190426302
platform/external/rust/crates/shlex,third_party,rust_crates,"androidbp,cargo","Same idea as (but implementation not directly based on) the Python shlex module. However, this implementation does not support any of the Python module's customization because it makes parsing slower and is fairly useless. You only get the default settings of shlex.split, which mimic the POSIX shell: https://pubs.opengroup.org/onlinepubs/9699919799/utilities/V3_chap02.html This implementation also deviates from the Python version in not treating \r specially, which I believe is more compliant. This crate can be used on either normal Rust strings, or on byte strings with the bytes module. The algorithms used are oblivious to UTF-8 high bytes, so internally they all work on bytes directly as a micro-optimization. Disabling the std feature (which is enabled by default) will allow the crate to work in no_std environments, where the alloc crate, and a global allocator, are available. LICENSE The source code in this repository is Licensed under either of Apache License, Version 2.0, ( LICENS"
platform/external/rust/crates/siphasher,third_party,rust_crates,"androidbp,cargo","SipHash implementation for Rust This crates implements SipHash-2-4 and SipHash-1-3 in Rust. It is based on the original implementation from rust-core and exposes the same API. It also implements SipHash variants returning 128-bit tags. The sip module implements the standard 64-bit mode, whereas the sip128 module implements the 128-bit mode. Usage In Cargo.toml : [ dependencies ] siphasher = ""1"" If you want serde support, include the feature like this: [ dependencies ] siphasher = { version = ""1"" , features = [ ""serde"" ] } 64-bit mode: use siphasher :: sip ::{ SipHasher , SipHasher13 , SipHasher24 }; // one-shot: let array : &[ u8 ] = &[ 1 , 2 , 3 ]; let key : &[ u8 ; 16 ] = &[ 1 , 2 , 3 , 4 , 5 , 6 , 7 , 8 , 9 , 10 , 11 , 12 , 13 , 14 , 15 , 16 ]; let hasher = SipHasher13 :: new_with_key ( key ); let h = hasher . hash ( array ); // incremental: use core :: hash :: Hasher ; let array1 : &[ u8 ] = &[ 1 , 2 , 3 ]; let array2 : &[ u8 ] = &[ 4 , 5 , 6 ]; let key : &[ u8 ; 16 ] = &[ 1 , 2 ,"
platform/external/rust/crates/slab,third_party,rust_crates,"androidbp,cargo,rs_file","Slab Pre-allocated storage for a uniform data type. Documentation Usage To use slab , first add this to your Cargo.toml : [ dependencies ] slab = ""0.4"" Next, add this to your crate: use slab :: Slab ; let mut slab = Slab :: new (); let hello = slab . insert ( ""hello"" ); let world = slab . insert ( ""world"" ); assert_eq !( slab [ hello ], ""hello"" ); assert_eq !( slab [ world ], ""world"" ); slab [ world ] = ""earth"" ; assert_eq !( slab [ world ], ""earth"" ); See documentation for more details. License This project is licensed under the MIT license . Contribution Unless you explicitly state otherwise, any contribution intentionally submitted for inclusion in slab by you, shall be licensed as MIT, without any additional terms or conditions."
platform/external/rust/crates/smallvec,third_party,rust_crates,"androidbp,cargo","rust-smallvec Documentation Release notes “Small vector” optimization for Rust: store up to a small number of items on the stack Example use smallvec ::{ SmallVec , smallvec }; // This SmallVec can hold up to 4 items on the stack: let mut v : SmallVec <[ i32 ; 4 ]> = smallvec ![ 1 , 2 , 3 , 4 ]; // It will automatically move its contents to the heap if // contains more than four items: v . push ( 5 ); // SmallVec points to a slice, so you can use normal slice // indexing and other methods to access its contents: v [ 0 ] = v [ 1 ] + v [ 2 ]; v . sort ();"
platform/external/rust/crates/smccc,third_party,rust_crates,"androidbp,cargo","SMCCC and PSCI functions for bare-metal Rust on aarch64 This crate provides support for the Arm SMC Calling Convention version 1.4, including standard Arm Architecture Calls constants, and version 1.1 of the Arm Power State Coordination Interface (PSCI). It includes constants, functions to make the calls (on aarch64 targets), and error types. Note that the PSCI and SMCCC arch calls may be made via either HVC or SMC. You can choose which one to use by passing either Hvc or Smc as a type parameter to the relevant function. This crate currently only supports aarch64 and the SMC64 versions of the PSCI calls, in the cases that both SMC32 and SMC64 versions exist. This is not an officially supported Google product. License Licensed under either of Apache License, Version 2.0 ( LICENSE-APACHE or http://www.apache.org/licenses/LICENSE-2.0 ) MIT license ( LICENSE-MIT or http://opensource.org/licenses/MIT ) at your option. Contributing If you want to contribute to the project, see details of how"
platform/external/rust/crates/smoltcp,third_party,rust_crates,"cargo,rs_file","smoltcp smoltcp is a standalone, event-driven TCP/IP stack that is designed for bare-metal, real-time systems. Its design goals are simplicity and robustness. Its design anti-goals include complicated compile-time computations, such as macro or type tricks, even at cost of performance degradation. smoltcp does not need heap allocation at all , is extensively documented , and compiles on stable Rust 1.65 and later. smoltcp achieves ~Gbps of throughput when tested against the Linux TCP stack in loopback mode. Features smoltcp is missing many widely deployed features, usually because no one implemented them yet. To set expectations right, both implemented and omitted features are listed. Media layer There are 3 supported mediums. Ethernet Regular Ethernet II frames are supported. Unicast, broadcast and multicast packets are supported. ARP packets (including gratuitous requests and replies) are supported. ARP requests are sent at a rate not exceeding one per second. Cached ARP entries expi"
platform/external/rust/crates/socket2,third_party,rust_crates,"androidbp,cargo","Socket2 Socket2 is a crate that provides utilities for creating and using sockets. The goal of this crate is to create and use a socket using advanced configuration options (those that are not available in the types in the standard library) without using any unsafe code. This crate provides as direct as possible access to the system‘s functionality for sockets, this means little effort to provide cross-platform utilities. It is up to the user to know how to use sockets when using this crate. *If you don’t know how to create a socket using libc/system calls then this crate is not for you*. Most, if not all, functions directly relate to the equivalent system call with no error handling applied, so no handling errors such as EINTR . As a result using this crate can be a little wordy, but it should give you maximal flexibility over configuration of sockets. See the API documentation for more. Branches Currently Socket2 supports two versions: v0.5 and v0.4. Version 0.5 is being developed in"
platform/external/rust/crates/spin,third_party,rust_crates,"androidbp,cargo","spin-rs Spin-based synchronization primitives. This crate provides spin-based versions of the primitives in std::sync . Because synchronization is done through spinning, the primitives are suitable for use in no_std environments. Before deciding to use spin , we recommend reading this superb blog post by @matklad that discusses the pros and cons of spinlocks. If you have access to std , it's likely that the primitives in std::sync will serve you better except in very specific circumstances. Features Mutex , RwLock , Once , Lazy and Barrier equivalents Support for no_std environments lock_api compatibility Upgradeable RwLock guards Guards can be sent and shared between threads Guard leaking Ticket locks Different strategies for dealing with contention Usage Include the following under the [dependencies] section in your Cargo.toml file. spin = ""x.y"" Example When calling lock on a Mutex you will get a guard value that provides access to the data. When this guard is dropped, the mutex will"
platform/external/rust/crates/spki,third_party,rust_crates,"androidbp,cargo","RustCrypto : X.509 Subject Public Key Info (SPKI) X.509 Subject Public Key Info types describing public keys as well as their associated AlgorithmIdentifiers (i.e. OIDs). Specified in RFC 5280 § 4.1 . Documentation Minimum Supported Rust Version This crate requires Rust 1.65 at a minimum. We may change the MSRV in the future, but it will be accompanied by a minor version bump. License Licensed under either of: Apache License, Version 2.0 MIT license at your option. Contribution Unless you explicitly state otherwise, any contribution intentionally submitted for inclusion in the work by you, as defined in the Apache-2.0 license, shall be dual licensed as above, without any additional terms or conditions."
platform/external/rust/crates/stable_deref_trait,third_party,rust_crates,,Bug: 276732350
platform/external/rust/crates/standback,third_party,rust_crates,"androidbp,cargo,rs_file","Standback Documentation Standback exists to allow the usage of various APIs that have been stabilized since rustc 1.31.0 without having to require users to upgrade their compiler. The best part? Only old features are built from scratch; anything stable on the compiler in use will just be re-exported. Note that it is sometimes the case that newly stabilized methods would require internal methods, direct access to fields, or nightly features to work. As such, not every feature is backported. Found a neat way to implement a method or type that is possible on stable? Pull requests are accepted! License A majority of this code comes directly from the Rust standard library, where its license is the following. All new code is also released under this license. This project is licensed under either of Apache License, Version 2.0 MIT license at your option. Unless you explicitly state otherwise, any contribution intentionally submitted for inclusion in time by you, as defined in the Apache-2.0 l"
platform/external/rust/crates/static_assertions,third_party,rust_crates,"androidbp,cargo","Compile-time assertions for Rust, brought to you by Nikolai Vazquez . This library lets you ensure correct assumptions about constants, types, and more. See the docs and FAQ for more info! Installation This crate is available on crates.io and can be used by adding the following to your project's Cargo.toml : [ dependencies ] static_assertions = ""1.1.0"" and this to your crate root ( main.rs or lib.rs ): #[ macro_use ] extern crate static_assertions ; Usage This crate exposes the following macros: assert_cfg! assert_eq_align! assert_eq_size! assert_eq_size_ptr! assert_eq_size_val! assert_fields! assert_impl_all! assert_impl_any! assert_impl_one! assert_not_impl_all! assert_not_impl_any! assert_obj_safe! assert_trait_sub_all! assert_trait_super_all! assert_type_eq_all! assert_type_ne_all! const_assert! const_assert_eq! const_assert_ne! FAQ Q: When would I want to use this? A: This library is useful for when wanting to ensure properties of constants, types, and traits. Basic examples: With"
platform/external/rust/crates/strsim,third_party,rust_crates,"androidbp,cargo","strsim-rs Rust implementations of string similarity metrics : Hamming Levenshtein - distance & normalized Optimal string alignment Damerau-Levenshtein - distance & normalized Jaro and Jaro-Winkler Sørensen-Dice The normalized versions return values between 0.0 and 1.0 , where 1.0 means an exact match. There are also generic versions of the functions for non-string inputs. Installation strsim is available on crates.io . Add it to your project: cargo add strsim Usage Go to Docs.rs for the full documentation. You can also clone the repo, and run $ cargo doc --open . Examples extern crate strsim ; use strsim ::{ hamming , levenshtein , normalized_levenshtein , osa_distance , damerau_levenshtein , normalized_damerau_levenshtein , jaro , jaro_winkler , sorensen_dice }; fn main () { match hamming ( ""hamming"" , ""hammers"" ) { Ok ( distance ) => assert_eq !( 3 , distance ), Err ( why ) => panic !( ""{:?}"" , why ) } assert_eq !( levenshtein ( ""kitten"" , ""sitting"" ), 3 ); assert !(( normalized_leve"
platform/external/rust/crates/structopt,third_party,rust_crates,"androidbp,cargo","StructOpt Parse command line arguments by defining a struct. It combines clap with custom derive. Maintenance As clap v3 is now out, and the structopt features are integrated into (almost as-is), structopt is now in maintenance mode: no new feature will be added. Bugs will be fixed, and documentation improvements will be accepted. Documentation Find it on Docs.rs . You can also check the examples and the changelog . Example Add structopt to your dependencies of your Cargo.toml : [ dependencies ] structopt = ""0.3"" And then, in your rust file: use std :: path :: PathBuf ; use structopt :: StructOpt ; /// A basic example #[ derive ( StructOpt , Debug )] #[ structopt ( name = ""basic"" )] struct Opt { // A flag, true if used in the command line. Note doc comment will // be used for the help message of the flag. The name of the // argument will be, by default, based on the name of the field. /// Activate debug mode #[ structopt ( short , long )] debug : bool , // The number of occurrences of"
platform/external/rust/crates/structopt-derive,third_party,rust_crates,"androidbp,cargo",Bug: 156794060
platform/external/rust/crates/strum,third_party,rust_crates,"androidbp,cargo",Bug: 319324143
platform/external/rust/crates/strum_macros,third_party,rust_crates,"androidbp,cargo","Strum Strum is a set of macros and traits for working with enums and strings easier in Rust. Compatibility Strum is currently compatible with versions of rustc >= 1.56.1. Pull Requests that improve compatibility with older versions are welcome. The project goal is to support a rust version for at least 2 years after release and even longer is preferred since this project changes slowly. Including Strum in Your Project Import strum and strum_macros into your project by adding the following lines to your Cargo.toml. Strum_macros contains the macros needed to derive all the traits in Strum. [ dependencies ] strum = ""0.25"" strum_macros = ""0.25"" # You can also use the ""derive"" feature, and import the macros directly from ""strum"" # strum = { version = ""0.25"", features = [""derive""] } Strum Macros Strum has implemented the following macros: Macro Description EnumString Converts strings to enum variants based on their name. Display Converts enum variants to strings FromRepr Convert from an inte"
platform/external/rust/crates/syn,third_party,rust_crates,"androidbp,cargo","Parser for Rust source code Syn is a parsing library for parsing a stream of Rust tokens into a syntax tree of Rust source code. Currently this library is geared toward use in Rust procedural macros, but contains some APIs that may be useful more generally. Data structures — Syn provides a complete syntax tree that can represent any valid Rust source code. The syntax tree is rooted at syn::File which represents a full source file, but there are other entry points that may be useful to procedural macros including syn::Item , syn::Expr and syn::Type . Derives — Of particular interest to derive macros is syn::DeriveInput which is any of the three legal input items to a derive macro. An example below shows using this type in a library that can derive implementations of a user-defined trait. Parsing — Parsing in Syn is built around parser functions with the signature fn(ParseStream) -> Result<T> . Every syntax tree node defined by Syn is individually parsable and may be used as a building b"
platform/external/rust/crates/syn-mid,third_party,rust_crates,"androidbp,cargo","syn-mid Providing the features between “full” and “derive” of syn. This crate provides the following two unique data structures. syn_mid::ItemFn -- A function whose body is not parsed. fn process ( n : usize ) -> Result <()> { ... } ^^^^^^^^^^^^^^^^^^^^^^^^^^^^^^^^^^ ^ ^ syn_mid::Block -- A block whose body is not parsed. { ... } ^ ^ Other data structures are the same as data structures of syn . These are defined in this crate because they cannot be used in syn without “full” feature. Usage Add this to your Cargo.toml : [ dependencies ] syn - mid = ""0.5"" Compiler support: requires rustc 1.56+ Examples Optional features clone-impls — Clone impls for all syntax tree types. License Licensed under either of Apache License, Version 2.0 or MIT license at your option. Unless you explicitly state otherwise, any contribution intentionally submitted for inclusion in the work by you, as defined in the Apache-2.0 license, shall be dual licensed as above, without any additional terms or conditions."
platform/external/rust/crates/sync_wrapper,third_party,rust_crates,"androidbp,cargo",SyncWrapper A mutual exclusion primitive that relies on static type information only. This library is inspired by this discussion .
platform/external/rust/crates/synstructure,third_party,rust_crates,"androidbp,cargo","synstructure NOTE: What follows is an exerpt from the module level documentation. For full details read the docs on docs.rs This crate provides helper types for matching against enum variants, and extracting bindings to each of the fields in the deriving Struct or Enum in a generic way. If you are writing a #[derive] which needs to perform some operation on every field, then you have come to the right place! Example: WalkFields Trait Implementation pub trait WalkFields : std :: any :: Any { fn walk_fields (& self , walk : & mut FnMut (& WalkFields )); } impl WalkFields for i32 { fn walk_fields (& self , _walk : & mut FnMut (& WalkFields )) {} } Custom Derive #[ macro_use ] extern crate synstructure ; #[ macro_use ] extern crate quote ; extern crate proc_macro2 ; fn walkfields_derive ( s : synstructure :: Structure ) -> proc_macro2 :: TokenStream { let body = s . each (| bi | quote !{ walk (# bi ) }); s . bound_impl ( quote !( example_traits :: WalkFields ), quote !{ fn walk_fields (& s"
platform/external/rust/crates/tempfile,third_party,rust_crates,"androidbp,cargo","tempfile A secure, cross-platform, temporary file library for Rust. In addition to creating temporary files, this library also allows users to securely open multiple independent references to the same temporary file (useful for consumer/producer patterns and surprisingly difficult to implement securely). Documentation Usage Minimum required Rust version: 1.40.0 Add this to your Cargo.toml : [ dependencies ] tempfile = ""3"" Example use std :: fs :: File ; use std :: io ::{ Write , Read , Seek , SeekFrom }; fn main () { // Write let mut tmpfile : File = tempfile :: tempfile (). unwrap (); write !( tmpfile , ""Hello World!"" ). unwrap (); // Seek to start tmpfile . seek ( SeekFrom :: Start ( 0 )). unwrap (); // Read let mut buf = String :: new (); tmpfile . read_to_string (& mut buf ). unwrap (); assert_eq !( ""Hello World!"" , buf ); }"
platform/external/rust/crates/termcolor,third_party,rust_crates,"androidbp,cargo,rustfmt","termcolor A simple cross platform library for writing colored text to a terminal. This library writes colored text either using standard ANSI escape sequences or by interacting with the Windows console. Several convenient abstractions are provided for use in single-threaded or multi-threaded command line applications. Dual-licensed under MIT or the UNLICENSE . Documentation https://docs.rs/termcolor Usage Run cargo add termcolor to add this dependency to your Cargo.toml file. Organization The WriteColor trait extends the io::Write trait with methods for setting colors or resetting them. StandardStream and StandardStreamLock both satisfy WriteColor and are analogous to std::io::Stdout and std::io::StdoutLock , or std::io::Stderr and std::io::StderrLock . Buffer is an in memory buffer that supports colored text. In a parallel program, each thread might write to its own buffer. A buffer can be printed to stdout or stderr using a BufferWriter . The advantage of this design is that each thr"
platform/external/rust/crates/terminal-size,third_party,rust_crates,"androidbp,cargo","terminal-size Documention Rust library to getting the size of your terminal. Works on Linux, MacOS, Windows, and illumos. use terminal_size ::{ Width , Height , terminal_size }; let size = terminal_size (); if let Some (( Width ( w ), Height ( h ))) = size { println !( ""Your terminal is {} cols wide and {} lines tall"" , w , h ); } else { println !( ""Unable to get terminal size"" ); } Minimum Rust Version This crate requires a minimum rust version of 1.31.0 (2018-12-06) License Licensed under either of Apache License, Version 2.0, ( LICENSE-APACHE or http://www.apache.org/licenses/LICENSE-2.0 ) MIT license ( LICENSE-MIT or http://opensource.org/licenses/MIT ) at your option. Contribution Unless you explicitly state otherwise, any contribution intentionally submitted for inclusion in the work by you, as defined in the Apache-2.0 license, shall be dual licensed as above, without any additional terms or conditions."
platform/external/rust/crates/termtree,third_party,rust_crates,"androidbp,cargo",termtree Visualize tree-like data on the command-line API documentation Example An example program is provided under the “examples” directory to mimic the tree(1) linux program $ cargo run -- example tree target Finished debug [ unoptimized + debuginfo ] target ( s ) in 0.0 secs Running `target/debug/examples/tree target` target └── debug ├── . cargo - lock ├── . fingerprint | └── termtree - 21a5bdbd42e0b6da | ├── dep - example - tree | ├── dep - lib - termtree | ├── example - tree | ├── example - tree . json | ├── lib - termtree | └── lib - termtree . json ├── build ├── deps | └── libtermtree . rlib ├── examples | ├── tree | └── tree . dSYM | └── Contents | ├── Info . plist | └── Resources | └── DWARF | └── tree ├── libtermtree . rlib └── native Related Crates treeline : termtree was forked from this. tree_decorator xtree ptree License Licensed under MIT license ( LICENSE-MIT or http://opensource.org/licenses/MIT )
platform/external/rust/crates/textwrap,third_party,rust_crates,"androidbp,cargo,rustfmt","Textwrap Textwrap is a library for wrapping and indenting text. It is most often used by command-line programs to format dynamic output nicely so it looks good in a terminal. You can also use Textwrap to wrap text set in a proportional font—such as text used to generate PDF files, or drawn on a HTML5 canvas using WebAssembly . Usage To use the textwrap crate, add this to your Cargo.toml file: [ dependencies ] textwrap = ""0.16"" By default, this enables word wrapping with support for Unicode strings. Extra features can be enabled with Cargo features—and the Unicode support can be disabled if needed. This allows you slim down the library and so you will only pay for the features you actually use. Please see the Cargo Features in the crate documentation for a full list of the available features as well as their impact on the size of your binary. Documentation API documentation Getting Started Word wrapping is easy using the wrap and fill functions: #[ cfg ( feature = ""smawk"" )] { let text"
platform/external/rust/crates/thiserror,third_party,rust_crates,"androidbp,cargo,rs_file","derive(Error) This library provides a convenient derive macro for the standard library's std::error::Error trait. [ dependencies ] thiserror = ""1.0"" Compiler support: requires rustc 1.56+ Example use thiserror :: Error ; #[ derive ( Error , Debug )] pub enum DataStoreError { #[ error ( ""data store disconnected"" )] Disconnect (#[ from ] io :: Error ), #[ error ( ""the data for key `{0}` is not available"" )] Redaction ( String ), #[ error ( ""invalid header (expected {expected:?}, found {found:?})"" )] InvalidHeader { expected : String , found : String , }, #[ error ( ""unknown data store error"" )] Unknown , } Details Thiserror deliberately does not appear in your public API. You get the same thing as if you had written an implementation of std::error::Error by hand, and switching from handwritten impls to thiserror or vice versa is not a breaking change. Errors may be enums, structs with named fields, tuple structs, or unit structs. A Display impl is generated for your error if you provide"
platform/external/rust/crates/thiserror-impl,third_party,rust_crates,"androidbp,cargo",Bug: 157243935
platform/external/rust/crates/thread_local,third_party,rust_crates,"androidbp,cargo","thread_local This library provides the ThreadLocal type which allow a separate copy of an object to be used for each thread. This allows for per-object thread-local storage, unlike the standard library's thread_local! macro which only allows static thread-local storage. Documentation Usage Add this to your Cargo.toml : [ dependencies ] thread_local = ""1.1"" Minimum Rust version This crate's minimum supported Rust version (MSRV) is 1.59.0. License Licensed under either of Apache License, Version 2.0, ( LICENSE-APACHE or http://www.apache.org/licenses/LICENSE-2.0 ) MIT license ( LICENSE-MIT or http://opensource.org/licenses/MIT ) at your option. Contribution Unless you explicitly state otherwise, any contribution intentionally submitted for inclusion in the work by you, as defined in the Apache-2.0 license, shall be dual licensed as above, without any additional terms or conditions."
platform/external/rust/crates/threadpool,third_party,rust_crates,"androidbp,cargo",Bug: 279644798
platform/external/rust/crates/tikv-jemalloc-sys,third_party,rust_crates,"androidbp,cargo","jemalloc-sys - Rust bindings to the jemalloc C library Note: the Rust allocator API is implemented for jemalloc in the tikv-jemallocator crate. Documentation Latest release (docs.rs) jemalloc is a general purpose memory allocator, its documentation can be found here: API documentation Wiki (design documents, presentations, profiling, debugging, tuning, ...) Current jemalloc version : 5.2.1. Platform support See the platform support of the tikv-jemallocator crate. Features Most features correspond to jemalloc features - the reference is jemalloc/INSTALL.md . Cargo features This crate provides following cargo feature flags: profiling (configure jemalloc with --enable-prof ): Enable heap profiling and leak detection functionality. See jemalloc's “opt.prof” option documentation for usage details. When enabled, there are several approaches to backtracing, and the configure script chooses the first one in the following list that appears to function correctly: libunwind (requires --enable-pro"
platform/external/rust/crates/tikv-jemallocator,third_party,rust_crates,"androidbp,cargo","tikv-jemallocator This project is the successor of jemallocator . The project is also published as jemallocator for historical reasons. The two crates are the same except names. For new projects, it's recommended to use tikv-xxx versions instead. Links against jemalloc and provides a Jemalloc unit type that implements the allocator APIs and can be set as the #[global_allocator] Overview The jemalloc support ecosystem consists of the following crates: tikv-jemalloc-sys : builds and links against jemalloc exposing raw C bindings to it. tikv-jemallocator : provides the Jemalloc type which implements the GlobalAlloc and Alloc traits. tikv-jemalloc-ctl : high-level wrapper over jemalloc ‘s control and introspection APIs (the mallctl*() family of functions and the MALLCTL NAMESPACE )’ Documentation Latest release (docs.rs) To use tikv-jemallocator add it as a dependency: # Cargo.toml [ dependencies ] [ target . 'cfg(not(target_env = ""msvc""))' . dependencies ] tikv - jemallocator = ""0.5"" To s"
platform/external/rust/crates/time,third_party,rust_crates,"androidbp,cargo","time Utilities for working with time-related functions in Rust time v0.1.x is Deprecated The 0.1.x series of this library is deprecated and in maintenance mode. No new features will be added. Active development now occurs in the 0.2.x series. If you need additional functionality that this crate does not provide, check out the chrono crate. Usage Put this in your Cargo.toml : [ dependencies ] time = ""0.1"" And this in your crate root: extern crate time ;"
platform/external/rust/crates/time-macros,third_party,rust_crates,cargo,Bug: 171359410
platform/external/rust/crates/time-macros-impl,third_party,rust_crates,"androidbp,cargo",Bug: 171359136
platform/external/rust/crates/tinyjson,third_party,rust_crates,cargo,"tinyjson tinyjson is a library to parse/generate JSON format document. Goals of this library are Simplicity : This library uses standard containers like Vec or HashMap as its internal representation and exposes it to users. Users can operate JSON values via the standard APIs. And it keeps this crate as small as possible. Explicit : This library does not hide memory allocation from users. You need to allocate memory like Vec , String , HashMap by yourself. It is good for readers of your source code to show where memory allocations happen. And you can have control of how memory is allocated (e.g. allocating memory in advance with with_capacity method). No dependencies : This library is built on top of only standard libraries. No unsafe code : This library is built with Safe Rust. Well tested : This library is tested with famous test suites: JSON checker in json.org JSONTestSuite JSON-Schema-Test-Suite Documentation Requirements Rust stable toolchain. Installation Add this crate to depend"
platform/external/rust/crates/tinytemplate,third_party,rust_crates,"androidbp,cargo",Bug: 181073064
platform/external/rust/crates/tinyvec,third_party,rust_crates,"androidbp,cargo,rustfmt","tinyvec A 100% safe crate of vec-like types. #![forbid(unsafe_code)] Main types are as follows: ArrayVec is an array-backed vec-like data structure. It panics on overflow. SliceVec is the same deal, but using a &mut [T] . TinyVec ( alloc feature) is an enum that's either an Inline(ArrayVec) or a Heap(Vec) . If a TinyVec is Inline and would overflow it automatically transitions to Heap and continues whatever it was doing. To attain this “100% safe code” status there is one compromise: the element type of the vecs must implement Default . For more details, please see the docs.rs documentation"
platform/external/rust/crates/tinyvec_macros,third_party,rust_crates,"androidbp,cargo",Bug: 175870075
platform/external/rust/crates/tinyvec_string,third_party,rust_crates,,Bug: 276731710
platform/external/rust/crates/tls_codec,third_party,rust_crates,,Bug: 306910649
platform/external/rust/crates/tls_codec_derive,third_party,rust_crates,,Bug: 308996391
platform/external/rust/crates/tock-registers,third_party,rust_crates,"androidbp,cargo","Tock Register Interface This crate provides an interface and types for defining and manipulating registers and bitfields. Defining registers The crate provides three types for working with memory mapped registers: ReadWrite , ReadOnly , and WriteOnly , providing read-write, read-only, and write-only functionality, respectively. These types implement the Readable , Writeable and ReadWriteable traits. Defining the registers is done with the register_structs macro, which expects for each register an offset, a field name, and a type. Registers must be declared in increasing order of offsets and contiguously. Gaps when defining the registers must be explicitly annotated with an offset and gap identifier (by convention using a field named _reservedN ), but without a type. The macro will then automatically take care of calculating the gap size and inserting a suitable filler struct. The end of the struct is marked with its size and the @END keyword, effectively pointing to the offset immediat"
platform/external/rust/crates/tokio,third_party,rust_crates,"androidbp,cargo","Tokio A runtime for writing reliable, asynchronous, and slim applications with the Rust programming language. It is: Fast : Tokio's zero-cost abstractions give you bare-metal performance. Reliable : Tokio leverages Rust's ownership, type system, and concurrency model to reduce bugs and ensure thread safety. Scalable : Tokio has a minimal footprint, and handles backpressure and cancellation naturally. Website | Guides | API Docs | Chat Overview Tokio is an event-driven, non-blocking I/O platform for writing asynchronous applications with the Rust programming language. At a high level, it provides a few major components: A multithreaded, work-stealing based task scheduler . A reactor backed by the operating system's event queue (epoll, kqueue, IOCP, etc...). Asynchronous TCP and UDP sockets. These components provide the runtime components necessary for building an asynchronous application. Example A basic TCP echo server with Tokio. Make sure you activated the full features of the tokio"
platform/external/rust/crates/tokio-io-timeout,third_party,rust_crates,"androidbp,cargo","tokio-io-timeout Documentation Tokio wrappers which apply timeouts to IO operations. License Licensed under either of Apache License, Version 2.0, ( LICENSE-APACHE or http://www.apache.org/licenses/LICENSE-2.0 ) MIT license ( LICENSE-MIT or http://opensource.org/licenses/MIT ) at your option. Contribution Unless you explicitly state otherwise, any contribution intentionally submitted for inclusion in the work by you, as defined in the Apache-2.0 license, shall be dual licensed as above, without any additional terms or conditions."
platform/external/rust/crates/tokio-macros,third_party,rust_crates,"androidbp,cargo","Tokio Macros Procedural macros for use with Tokio License This project is licensed under the MIT license . Contribution Unless you explicitly state otherwise, any contribution intentionally submitted for inclusion in Tokio by you, shall be licensed as MIT, without any additional terms or conditions."
platform/external/rust/crates/tokio-openssl,third_party,rust_crates,"androidbp,cargo,rs_file","tokio-openssl An implementation of SSL streams for Tokio built on top of the openssl crate Documentation License This project is licensed under either of Apache License, Version 2.0, ( LICENSE-APACHE or http://www.apache.org/licenses/LICENSE-2.0 ) MIT license ( LICENSE-MIT or http://opensource.org/licenses/MIT ) at your option. Contribution Unless you explicitly state otherwise, any contribution intentionally submitted for inclusion in tokio-openssl by you, as defined in the Apache-2.0 license, shall be dual licensed as above, without any additional terms or conditions."
platform/external/rust/crates/tokio-stream,third_party,rust_crates,"androidbp,cargo",Bug: 178378678
platform/external/rust/crates/tokio-test,third_party,rust_crates,"androidbp,cargo","tokio-test Tokio and Futures based testing utilities License This project is licensed under the MIT license . Contribution Unless you explicitly state otherwise, any contribution intentionally submitted for inclusion in Tokio by you, shall be licensed as MIT, without any additional terms or conditions."
platform/external/rust/crates/tokio-util,third_party,rust_crates,"androidbp,cargo","tokio-util Utilities for working with Tokio. License This project is licensed under the MIT license . Contribution Unless you explicitly state otherwise, any contribution intentionally submitted for inclusion in Tokio by you, shall be licensed as MIT, without any additional terms or conditions."
platform/external/rust/crates/tokio-vsock,third_party,rust_crates,,Bug: 299192658
platform/external/rust/crates/toml,third_party,rust_crates,"androidbp,cargo","toml A serde -compatible TOML decoder and encoder for Rust. For format-preserving edits or finer control over output, see toml_edit License This project is licensed under either of Apache License, Version 2.0, ( LICENSE-APACHE or http://www.apache.org/licenses/LICENSE-2.0 ) MIT license ( LICENSE-MIT or http://opensource.org/licenses/MIT ) at your option. Contribution Unless you explicitly state otherwise, any contribution intentionally submitted for inclusion in toml-rs by you, as defined in the Apache-2.0 license, shall be dual licensed as above, without any additional terms or conditions."
platform/external/rust/crates/toml_datetime,third_party,rust_crates,"androidbp,cargo","toml_datetime License This project is licensed under either of Apache License, Version 2.0, ( LICENSE-APACHE or http://www.apache.org/licenses/LICENSE-2.0 ) MIT license ( LICENSE-MIT or http://opensource.org/licenses/MIT ) at your option. Contribution Unless you explicitly state otherwise, any contribution intentionally submitted for inclusion in toml-rs by you, as defined in the Apache-2.0 license, shall be dual licensed as above, without any additional terms or conditions."
platform/external/rust/crates/toml_edit,third_party,rust_crates,"androidbp,cargo","toml_edit This crate allows you to parse and modify toml documents, while preserving comments, spaces and relative order of items. toml_edit is primarily tailored for cargo-edit needs. Example use toml_edit ::{ Document , value }; fn main () { let toml = r # "" ""hello"" = 'toml!' # comment [ 'a' . b ] ""#; let mut doc = toml . parse ::< Document >(). expect ( ""invalid doc"" ); assert_eq !( doc . to_string (), toml ); // let's add a new key/value pair inside a.b: c = {d = ""hello""} doc [ ""a"" ][ ""b"" ][ ""c"" ][ ""d"" ] = value ( ""hello"" ); // autoformat inline table a.b.c: { d = ""hello"" } doc [ ""a"" ][ ""b"" ][ ""c"" ]. as_inline_table_mut (). map (| t | t . fmt ()); let expected = r # "" ""hello"" = 'toml!' # comment [ 'a' . b ] c = { d = ""hello"" } ""#; assert_eq !( doc . to_string (), expected ); } Limitations Things it does not preserve: Order of dotted keys, see issue . License Licensed under either of Apache License, Version 2.0 ( LICENSE-APACHE or http://apache.org/licenses/LICENSE-2.0 ) MIT license"
platform/external/rust/crates/tonic,third_party,rust_crates,"androidbp,cargo","A rust implementation of gRPC , a high performance, open source, general RPC framework that puts mobile and HTTP/2 first. tonic is a gRPC over HTTP/2 implementation focused on high performance, interoperability, and flexibility. This library was created to have first class support of async/await and to act as a core building block for production systems written in Rust. Examples | Website | Docs | Chat Overview tonic is composed of three main components: the generic gRPC implementation, the high performance HTTP/2 implementation and the codegen powered by prost . The generic implementation can support any HTTP/2 implementation and any encoding via a set of generic traits. The HTTP/2 implementation is based on hyper , a fast HTTP/1.1 and HTTP/2 client and server built on top of the robust tokio stack. The codegen contains the tools to build clients and servers from protobuf definitions. Features Bi-directional streaming High performance async io Interoperability TLS backed by rustls Loa"
platform/external/rust/crates/tower,third_party,rust_crates,"androidbp,cargo","Tower Tower is a library of modular and reusable components for building robust networking clients and servers. Overview Tower aims to make it as easy as possible to build robust networking clients and servers. It is protocol agnostic, but is designed around a request / response pattern. If your protocol is entirely stream based, Tower may not be a good fit. Tower provides a simple core abstraction, the Service trait, which represents an asynchronous function taking a request and returning either a response or an error. This abstraction can be used to model both clients and servers. Generic components, like timeouts , rate limiting , and load balancing , can be modeled as Service s that wrap some inner service and apply additional behavior before or after the inner service is called. This allows implementing these components in a protocol-agnostic, composable way. Typically, such services are referred to as middleware . An additional abstraction, the Layer trait, is used to compose mid"
platform/external/rust/crates/tower-layer,third_party,rust_crates,"androidbp,cargo","Tower Layer Decorates a Tower Service , transforming either the request or the response. Overview Often, many of the pieces needed for writing network applications can be reused across multiple services. The Layer trait can be used to write reusable components that can be applied to very different kinds of services; for example, it can be applied to services operating on different protocols, and to both the client and server side of a network transaction. License This project is licensed under the MIT license . Contribution Unless you explicitly state otherwise, any contribution intentionally submitted for inclusion in Tower by you, shall be licensed as MIT, without any additional terms or conditions."
platform/external/rust/crates/tower-service,third_party,rust_crates,"androidbp,cargo","Tower Service The foundational Service trait that Tower is based on. Overview The Service trait provides the foundation upon which Tower is built. It is a simple, but powerful trait. At its heart, Service is just an asynchronous function of request to response. async fn(Request) -> Result<Response, Error> Implementations of Service take a request, the type of which varies per protocol, and returns a future representing the eventual completion or failure of the response. Services are used to represent both clients and servers. An instance of Service is used through a client; a server implements Service . By using standardizing the interface, middleware can be created. Middleware implement Service by passing the request to another Service . The middleware may take actions such as modify the request. License This project is licensed under the MIT license . Contribution Unless you explicitly state otherwise, any contribution intentionally submitted for inclusion in Tower by you, shall be l"
platform/external/rust/crates/tracing,third_party,rust_crates,"androidbp,cargo","tracing Application-level tracing for Rust. Documentation | Chat Overview tracing is a framework for instrumenting Rust programs to collect structured, event-based diagnostic information. In asynchronous systems like Tokio, interpreting traditional log messages can often be quite challenging. Since individual tasks are multiplexed on the same thread, associated events and log lines are intermixed making it difficult to trace the logic flow. tracing expands upon logging-style diagnostics by allowing libraries and applications to record structured events with additional information about temporality and causality — unlike a log message, a span in tracing has a beginning and end time, may be entered and exited by the flow of execution, and may exist within a nested tree of similar spans. In addition, tracing spans are structured , with the ability to record typed data as well as textual messages. The tracing crate provides the APIs necessary for instrumenting libraries and applications to"
platform/external/rust/crates/tracing-attributes,third_party,rust_crates,"androidbp,cargo","tracing-attributes Macro attributes for application-level tracing. Documentation | Chat Overview tracing is a framework for instrumenting Rust programs to collect structured, event-based diagnostic information. This crate provides the #[instrument] attribute for automatically instrumenting functions using tracing . Note that this macro is also re-exported by the main tracing crate. Compiler support: requires rustc 1.56+ Usage First, add this to your Cargo.toml : [ dependencies ] tracing - attributes = ""0.1.26"" This crate provides the #[instrument] attribute for instrumenting a function with a tracing span . For example: use tracing_attributes :: instrument ; #[ instrument ] pub fn my_function ( my_arg : usize ) { // ... } Supported Rust Versions Tracing is built against the latest stable release. The minimum supported version is 1.56. The current Tracing version is not guaranteed to build on Rust versions earlier than the minimum supported version. Tracing follows the same compiler sup"
platform/external/rust/crates/tracing-core,third_party,rust_crates,"androidbp,cargo","tracing-core Core primitives for application-level tracing. Documentation | Chat Overview tracing is a framework for instrumenting Rust programs to collect structured, event-based diagnostic information. This crate defines the core primitives of tracing . The crate provides: span::Id identifies a span within the execution of a program. Event represents a single event within a trace. Subscriber , the trait implemented to collect trace data. Metadata and Callsite provide information describing spans and events. Field , FieldSet , Value , and ValueSet represent the structured data attached to spans and events. Dispatch allows spans and events to be dispatched to Subscriber s. In addition, it defines the global callsite registry and per-thread current dispatcher which other components of the tracing system rely on. Compiler support: requires rustc 1.56+ Usage Application authors will typically not use this crate directly. Instead, they will use the tracing crate, which provides a much more"
platform/external/rust/crates/tracing-subscriber,third_party,rust_crates,"androidbp,cargo","tracing-subscriber Utilities for implementing and composing tracing subscribers. Documentation | Chat Compiler support: requires rustc 1.63+ Supported Rust Versions Tracing is built against the latest stable release. The minimum supported version is 1.63. The current Tracing version is not guaranteed to build on Rust versions earlier than the minimum supported version. Tracing follows the same compiler support policies as the rest of the Tokio project. The current stable Rust compiler and the three most recent minor versions before it will always be supported. For example, if the current stable compiler version is 1.69, the minimum supported version will not be increased past 1.66, three minor versions prior. Increasing the minimum supported compiler version is not considered a semver breaking change as long as doing so complies with this policy. License This project is licensed under the MIT license . Contribution Unless you explicitly state otherwise, any contribution intentionally s"
platform/external/rust/crates/try-lock,third_party,rust_crates,"androidbp,cargo","TryLock Crates.io Docs A light-weight lock guarded by an atomic boolean. Most efficient when contention is low, acquiring the lock is a single atomic swap, and releasing it just 1 more atomic swap. Example use std :: sync :: Arc ; use try_lock :: TryLock ; // a thing we want to share struct Widget { name : String , } // lock it up! let widget1 = Arc :: new ( TryLock :: new ( Widget { name : ""Spanner"" . into (), })); let widget2 = widget1 . clone (); // mutate the widget let mut locked = widget1 . try_lock (). expect ( ""example isn't locked yet"" ); locked . name . push_str ( "" Bundle"" ); // hands off, buddy let not_locked = widget2 . try_lock (); assert !( not_locked . is_none (), ""widget1 has the lock"" ); // ok, you can have it drop ( locked ); let locked2 = widget2 . try_lock (). expect ( ""widget1 lock is released"" ); assert_eq !( locked2 . name , ""Spanner Bundle"" );"
platform/external/rust/crates/tungstenite,third_party,rust_crates,"androidbp,cargo","Tungstenite Lightweight stream-based WebSocket implementation for Rust . use std :: net :: TcpListener ; use std :: thread :: spawn ; use tungstenite :: accept ; /// A WebSocket echo server fn main () { let server = TcpListener :: bind ( ""127.0.0.1:9001"" ). unwrap (); for stream in server . incoming () { spawn ( move || { let mut websocket = accept ( stream . unwrap ()). unwrap (); loop { let msg = websocket . read (). unwrap (); // We do not want to send back ping/pong messages. if msg . is_binary () || msg . is_text () { websocket . send ( msg ). unwrap (); } } }); } } Take a look at the examples section to see how to write a simple client/server. NOTE: tungstenite-rs is more like a barebone to build reliable modern networking applications using WebSockets. If you're looking for a modern production-ready “batteries included” WebSocket library that allows you to efficiently use non-blocking sockets and do “full-duplex” communication, take a look at tokio-tungstenite . Documentation In"
platform/external/rust/crates/twox-hash,third_party,rust_crates,"androidbp,cargo","TwoX-Hash A Rust implementation of the XXHash algorithm. Documentation Examples With a fixed seed use std :: hash :: BuildHasherDefault ; use std :: collections :: HashMap ; use twox_hash :: XxHash64 ; let mut hash : HashMap < _ , _ , BuildHasherDefault < XxHash64 >> = Default :: default (); hash . insert ( 42 , ""the answer"" ); assert_eq !( hash . get (& 42 ), Some (& ""the answer"" )); With a random seed use std :: collections :: HashMap ; use twox_hash :: RandomXxHashBuilder64 ; let mut hash : HashMap < _ , _ , RandomXxHashBuilder64 > = Default :: default (); hash . insert ( 42 , ""the answer"" ); assert_eq !( hash . get (& 42 ), Some (& ""the answer"" )); Benchmarks 64-bit Bytes SipHasher (MB/s) XXHash (MB/s) Ratio 1 52 38 73% 4 210 148 70% 16 615 615 100% 32 914 1391 152% 128 1347 3657 271% 256 1414 5019 355% 512 1546 6168 399% 1024 1565 6206 397% 1048576 1592 7564 475% Bytes FnvHasher (MB/s) XXHash (MB/s) Ratio 1 1000 38 4% 4 800 148 19% 16 761 615 81% 32 761 1391 183% 128 727 3657 503%"
platform/external/rust/crates/ucd-trie,third_party,rust_crates,"androidbp,cargo","ucd-trie A library that provides compressed trie sets specifically tailored toward representing boolean Unicode character properties. Documentation https://docs.rs/ucd-trie License This project is licensed under either of Apache License, Version 2.0, ( LICENSE-APACHE or https://www.apache.org/licenses/LICENSE-2.0 ) MIT license ( LICENSE-MIT or https://opensource.org/licenses/MIT ) at your option."
platform/external/rust/crates/ucs2,third_party,rust_crates,"androidbp,cargo","ucs2-rs UCS-2 handling for Rust. Note that UCS-2 is the predecessor of UTF-16 . It is a fixed-length encoding, and it is used for things like UEFI . History This crate arose out of the needs of the uefi-rs crate. The code was extracted and placed here for easier maintenance and easier reuse. Most of the initial code has been contributed by FredrikAleksander . License Licensed under the Mozilla Public License 2.0. See the LICENSE file for the full text."
platform/external/rust/crates/uds,third_party,rust_crates,,Bug: 208837303
platform/external/rust/crates/uefi,third_party,rust_crates,"androidbp,cargo","uefi Rusty wrapper for the Unified Extensible Firmware Interface . This crate makes it easy to develop Rust software that leverages safe , convenient , and performant abstractions for UEFI functionality. Value-add and Use Cases uefi supports writing code for both pre- and post-exit boot services epochs, but its true strength shines when you create UEFI images that heavily interact with UEFI boot services. Still, you have the flexibility to just integrate selected types and abstractions into your project, for example to parse the UEFI memory map. Note that for producing UEFI images, you also need to use a corresponding uefi compiler target of Rust, such as x86_64-unknown-uefi . API and User Documentation Please refer to docs.rs for comprehensive documentation of the latest stable release . The latest not necessarily yet published documentation can be found in src/lib.rs , which can also be locally viewed by running $ cargo xtask doc --open . For an introduction to the uefi-rs project an"
platform/external/rust/crates/uefi-macros,third_party,rust_crates,"androidbp,cargo",uefi-macros This crate provides procedural macros used by the uefi-rs project to simplify the development of UEFI applications and reduce boilerplate.
platform/external/rust/crates/uefi-raw,third_party,rust_crates,"androidbp,cargo",uefi-raw This crate contains raw UEFI types that closely match the definitions in the UEFI Specification .
platform/external/rust/crates/uguid,third_party,rust_crates,"androidbp,cargo","uguid no_std library providing a GUID (Globally Unique Identifier) type, as used in GPT disks, UEFI, and Microsoft Windows. Features No features are enabled by default. bytemuck : Implements bytemuck's Pod and Zeroable traits for Guid . serde : Implements serde's Serialize and Deserialize traits for Guid . std : Provides std::error::Error implementation for the error type. Minimum Supported Rust Version (MSRV) The current MSRV is 1.68. License Licensed under either of Apache License, Version 2.0 or MIT license at your option. Disclaimer This project is not an official Google project. It is not supported by Google and Google specifically disclaims all warranties as to its quality, merchantability, or fitness for a particular purpose."
platform/external/rust/crates/unicode-bidi,third_party,rust_crates,"androidbp,cargo","unicode-bidi This crate implements the Unicode Bidirectional Algorithm for display of mixed right-to-left and left-to-right text. It is written in safe Rust, compatible with the current stable release. Documentation"
platform/external/rust/crates/unicode-ident,third_party,rust_crates,"androidbp,cargo","Unicode ident Implementation of Unicode Standard Annex #31 for determining which char values are valid in programming language identifiers. This crate is a better optimized implementation of the older unicode-xid crate. This crate uses less static storage, and is able to classify both ASCII and non-ASCII codepoints with better performance, 2–10× faster than unicode-xid . Comparison of performance The following table shows a comparison between five Unicode identifier implementations. unicode-ident is this crate; unicode-xid is a widely used crate run by the “unicode-rs” org; ucd-trie and fst are two data structures supported by the ucd-generate tool; roaring is a Rust implementation of Roaring bitmap. The static storage column shows the total size of static tables that the crate bakes into your binary, measured in 1000s of bytes. The remaining columns show the cost per call to evaluate whether a single char has the XID_Start or XID_Continue Unicode property, comparing across different r"
platform/external/rust/crates/unicode-normalization,third_party,rust_crates,"androidbp,cargo","unicode-normalization Unicode character composition and decomposition utilities as described in Unicode Standard Annex #15 . This crate requires Rust 1.36+. extern crate unicode_normalization ; use unicode_normalization :: char :: compose ; use unicode_normalization :: UnicodeNormalization ; fn main () { assert_eq !( compose ( 'A' , '\u{30a}' ), Some ( 'Å' )); let s = ""ÅΩ"" ; let c = s . nfc (). collect ::< String >(); assert_eq !( c , ""ÅΩ"" ); } crates.io You can use this package in your project by adding the following to your Cargo.toml : [ dependencies ] unicode - normalization = ""0.1.22"" no_std + alloc support This crate is completely no_std + alloc compatible. This can be enabled by disabling the std feature, i.e. specifying default-features = false for this crate on your Cargo.toml ."
platform/external/rust/crates/unicode-segmentation,third_party,rust_crates,"androidbp,cargo","Iterators which split strings on Grapheme Cluster or Word boundaries, according to the Unicode Standard Annex #29 rules. Documentation use unicode_segmentation :: UnicodeSegmentation ; fn main () { let s = ""a̐éö̲\r\n"" ; let g = s . graphemes ( true ). collect ::< Vec <& str >>(); let b : &[ _ ] = &[ ""a̐"" , ""é"" , ""ö̲"" , ""\r\n"" ]; assert_eq !( g , b ); let s = ""The quick (\""brown\"") fox can't jump 32.3 feet, right?"" ; let w = s . unicode_words (). collect ::< Vec <& str >>(); let b : &[ _ ] = &[ ""The"" , ""quick"" , ""brown"" , ""fox"" , ""can't"" , ""jump"" , ""32.3"" , ""feet"" , ""right"" ]; assert_eq !( w , b ); let s = ""The quick (\""brown\"") fox"" ; let w = s . split_word_bounds (). collect ::< Vec <& str >>(); let b : &[ _ ] = &[ ""The"" , "" "" , ""quick"" , "" "" , ""("" , ""\"""" , ""brown"" , ""\"""" , "")"" , "" "" , "" "" , ""fox"" ]; assert_eq !( w , b ); } no_std unicode-segmentation does not depend on libstd, so it can be used in crates with the #![no_std] attribute. crates.io You can use this package in your pr"
platform/external/rust/crates/unicode-width,third_party,rust_crates,"androidbp,cargo","unicode-width Determine displayed width of char and str types according to Unicode Standard Annex #11 rules. Documentation extern crate unicode_width ; use unicode_width :: UnicodeWidthStr ; fn main () { let teststr = ""Ｈｅｌｌｏ, ｗｏｒｌｄ!"" ; let width = UnicodeWidthStr :: width ( teststr ); println !( ""{}"" , teststr ); println !( ""The above string is {} columns wide."" , width ); let width = teststr . width_cjk (); println !( ""The above string is {} columns wide (CJK)."" , width ); } NOTE: The computed width values may not match the actual rendered column width. For example, the woman scientist emoji comprises of a woman emoji, a zero-width joiner and a microscope emoji. extern crate unicode_width ; use unicode_width :: UnicodeWidthStr ; fn main () { assert_eq !( UnicodeWidthStr :: width ( ""👩"" ), 2 ); // Woman assert_eq !( UnicodeWidthStr :: width ( ""🔬"" ), 2 ); // Microscope assert_eq !( UnicodeWidthStr :: width ( ""👩‍🔬"" ), 4 ); // Woman scientist } See Unicode Standard Annex #11 for precise de"
platform/external/rust/crates/unicode-xid,third_party,rust_crates,"androidbp,cargo","unicode-xid Determine if a char is a valid identifier for a parser and/or lexer according to Unicode Standard Annex #31 rules. Documentation extern crate unicode_xid ; use unicode_xid :: UnicodeXID ; fn main () { let ch = 'a' ; println !( ""Is {} a valid start of an identifier? {}"" , ch , UnicodeXID :: is_xid_start ( ch )); } features unicode-xid supports a no_std feature. This eliminates dependence on std, and instead uses equivalent functions from core. changelog 0.2.4 Update to Unicode 15.0.0 Replace const tables with static tables. 0.2.3 Update to Unicode 14.0.0 0.2.2 Add an ASCII fast-path 0.2.1 Update to Unicode 13.0.0 Speed up lookup 0.2.0 Update to Unicode 12.1.0. 0.1.0 Initial release."
platform/external/rust/crates/uniffi,third_party,rust_crates,"androidbp,cargo","UniFFI - a multi-language bindings generator for Rust UniFFI is a toolkit for building cross-platform software components in Rust. For the impatient, see the UniFFI user guide or the UniFFI examples . By writing your core business logic in Rust and describing its interface in an “object model”, you can use UniFFI to help you: Compile your Rust code into a shared library for use on different target platforms. Generate bindings to load and use the library from different target languages. You can describe your object model in an interface definition file or by using proc-macros . UniFFI is currently used extensively by Mozilla in Firefox mobile and desktop browsers; written once in Rust, auto-generated bindings allow that functionality to be called from both Kotlin (for Android apps) and Swift (for iOS apps). It also has a growing community of users shipping various cool things to many users. UniFFI comes with support for Kotlin , Swift , Python and Ruby with 3rd party bindings available"
platform/external/rust/crates/uniffi_checksum_derive,third_party,rust_crates,"androidbp,cargo","UniFFI - a multi-language bindings generator for Rust UniFFI is a toolkit for building cross-platform software components in Rust. For the impatient, see the UniFFI user guide or the UniFFI examples . By writing your core business logic in Rust and describing its interface in an “object model”, you can use UniFFI to help you: Compile your Rust code into a shared library for use on different target platforms. Generate bindings to load and use the library from different target languages. You can describe your object model in an interface definition file or by using proc-macros . UniFFI is currently used extensively by Mozilla in Firefox mobile and desktop browsers; written once in Rust, auto-generated bindings allow that functionality to be called from both Kotlin (for Android apps) and Swift (for iOS apps). It also has a growing community of users shipping various cool things to many users. UniFFI comes with support for Kotlin , Swift , Python and Ruby with 3rd party bindings available"
platform/external/rust/crates/uniffi_core,third_party,rust_crates,"androidbp,cargo","UniFFI - a multi-language bindings generator for Rust UniFFI is a toolkit for building cross-platform software components in Rust. For the impatient, see the UniFFI user guide or the UniFFI examples . By writing your core business logic in Rust and describing its interface in an “object model”, you can use UniFFI to help you: Compile your Rust code into a shared library for use on different target platforms. Generate bindings to load and use the library from different target languages. You can describe your object model in an interface definition file or by using proc-macros . UniFFI is currently used extensively by Mozilla in Firefox mobile and desktop browsers; written once in Rust, auto-generated bindings allow that functionality to be called from both Kotlin (for Android apps) and Swift (for iOS apps). It also has a growing community of users shipping various cool things to many users. UniFFI comes with support for Kotlin , Swift , Python and Ruby with 3rd party bindings available"
platform/external/rust/crates/uniffi_macros,third_party,rust_crates,"androidbp,cargo","UniFFI - a multi-language bindings generator for Rust UniFFI is a toolkit for building cross-platform software components in Rust. For the impatient, see the UniFFI user guide or the UniFFI examples . By writing your core business logic in Rust and describing its interface in an “object model”, you can use UniFFI to help you: Compile your Rust code into a shared library for use on different target platforms. Generate bindings to load and use the library from different target languages. You can describe your object model in an interface definition file or by using proc-macros . UniFFI is currently used extensively by Mozilla in Firefox mobile and desktop browsers; written once in Rust, auto-generated bindings allow that functionality to be called from both Kotlin (for Android apps) and Swift (for iOS apps). It also has a growing community of users shipping various cool things to many users. UniFFI comes with support for Kotlin , Swift , Python and Ruby with 3rd party bindings available"
platform/external/rust/crates/uniffi_meta,third_party,rust_crates,"androidbp,cargo","UniFFI - a multi-language bindings generator for Rust UniFFI is a toolkit for building cross-platform software components in Rust. For the impatient, see the UniFFI user guide or the UniFFI examples . By writing your core business logic in Rust and describing its interface in an “object model”, you can use UniFFI to help you: Compile your Rust code into a shared library for use on different target platforms. Generate bindings to load and use the library from different target languages. You can describe your object model in an interface definition file or by using proc-macros . UniFFI is currently used extensively by Mozilla in Firefox mobile and desktop browsers; written once in Rust, auto-generated bindings allow that functionality to be called from both Kotlin (for Android apps) and Swift (for iOS apps). It also has a growing community of users shipping various cool things to many users. UniFFI comes with support for Kotlin , Swift , Python and Ruby with 3rd party bindings available"
platform/external/rust/crates/unsafe-libyaml,third_party,rust_crates,"androidbp,cargo","unsafe-libyaml This library is libyaml translated from C to unsafe Rust with the assistance of c2rust . [ dependencies ] unsafe - libyaml = ""0.2"" Compiler support: requires rustc 1.56+ License MIT license, same as libyaml."
platform/external/rust/crates/untrusted,third_party,rust_crates,"androidbp,cargo,rustfmt","THE SOFTWARE IS PROVIDED “AS IS” AND THE AUTHORS DISCLAIM ALL WARRANTIES WITH REGARD TO THIS SOFTWARE INCLUDING ALL IMPLIED WARRANTIES OF MERCHANTABILITY AND FITNESS. IN NO EVENT SHALL THE AUTHORS BE LIABLE FOR ANY SPECIAL, DIRECT, INDIRECT, OR CONSEQUENTIAL DAMAGES OR ANY DAMAGES WHATSOEVER RESULTING FROM LOSS OF USE, DATA OR PROFITS, WHETHER IN AN ACTION OF CONTRACT, NEGLIGENCE OR OTHER TORTIOUS ACTION, ARISING OUT OF OR IN CONNECTION WITH THE USE OR PERFORMANCE OF THIS SOFTWARE. untrusted.rs Safe, fast, zero-panic, zero-crashing, zero-allocation parsing of untrusted inputs in Rust. untrusted.rs is 100% Rust with no use of unsafe . It never uses the heap. No part of untrusted.rs's API will ever panic or cause a crash. It is #![no_std] and so it works perfectly with both libcore- and libstd- based projects. It does not depend on any crates other than libcore. untrusted.rs is intended to be used with the latest version of Rust Stable. It should usually work with the latest Rust Beta an"
platform/external/rust/crates/url,third_party,rust_crates,"androidbp,cargo","rust-url URL library for Rust, based on the URL Standard . Documentation Please see UPGRADING.md if you are upgrading from a previous version."
platform/external/rust/crates/userfaultfd,third_party,rust_crates,"androidbp,cargo",Userfaultfd-rs Rust bindings for Linux's userfaultfd functionality. License This software is distributed under the terms of both the MIT license and the Apache License (Version 2.0). See LICENSE-APACHE and LICENSE-MIT .
platform/external/rust/crates/userfaultfd-sys,third_party,rust_crates,"androidbp,cargo,rs_file",Bug: 259594956
platform/external/rust/crates/utf-8,third_party,rust_crates,"androidbp,cargo","rust-utf8 Incremental, zero-copy UTF-8 decoding for Rust Documentation"
platform/external/rust/crates/uuid,third_party,rust_crates,"androidbp,cargo","uuid Here's an example of a UUID: 67e55044 - 10b1 - 426f - 9247 - bb680e5fe0c8 A UUID is a unique 128-bit value, stored as 16 octets, and regularly formatted as a hex string in five groups. UUIDs are used to assign unique identifiers to entities without requiring a central allocating authority. They are particularly useful in distributed systems, though can be used in disparate areas, such as databases and network protocols. Typically a UUID is displayed in a readable string form as a sequence of hexadecimal digits, separated into groups by hyphens. The uniqueness property is not strictly guaranteed, however for all practical purposes, it can be assumed that an unintentional collision would be extremely unlikely. Getting started Add the following to your Cargo.toml : [ dependencies . uuid ] version = ""1.7.0"" features = [ ""v4"" , # Lets you generate random UUIDs ""fast-rng"" , # Use a faster (but still sufficiently random) RNG ""macro-diagnostics"" , # Enable better diagnostics for compile-t"
platform/external/rust/crates/v4l2r,third_party,rust_crates,"androidbp,cargo","Rust bindings for V4L2 This is a work-in-progress library to implement safe Rust bindings and high-level interfaces for V4L2. Currently the following is implemented: Safe low-level abstractions to manage OUTPUT and CAPTURE queues, as well as buffers allocation/queueing/dequeuing for MMAP , USERPTR and DMABUF memory types, High-level abstraction of the stateful video decoder interface , High-level abstraction of the stateful video encoder interface , C FFI for using the video decoder interface from C programs. The library provides several levels of abstraction over V4L2: At the lowest level is a very thin layer over the V4L2 ioctls, that stays as close as possible to the actual kernel API while adding extra safety and removing some of the historical baggage like the difference in format for single-planar and multi-planar queues. A higher-level abstraction exposes devices, queues, and other V4L2 concepts as strongly typed objects. The goal here is to provide an nice-to-use interface that"
platform/external/rust/crates/version_check,third_party,rust_crates,,Bug: 277753050
platform/external/rust/crates/vhost,third_party,rust_crates,"androidbp,cargo","vHost A pure rust library for vDPA, vhost and vhost-user. The vhost crate aims to help implementing dataplane for virtio backend drivers. It supports three different types of dataplane drivers: vhost: the dataplane is implemented by linux kernel vhost-user: the dataplane is implemented by dedicated vhost-user servers vDPA(vhost DataPath Accelerator): the dataplane is implemented by hardwares The main relationship among Traits and Structs exported by the vhost crate is as below: Kernel-based vHost Backend Drivers The vhost drivers in Linux provide in-kernel virtio device emulation. Normally the hypervisor userspace process emulates I/O accesses from the guest. Vhost puts virtio emulation code into the kernel, taking hypervisor userspace out of the picture. This allows device emulation code to directly call into kernel subsystems instead of performing system calls from userspace. The hypervisor relies on ioctl based interfaces to control those in-kernel vhost drivers, such as vhost-net,"
platform/external/rust/crates/vhost-device-vsock,third_party,rust_crates,"androidbp,cargo",vhost-device-vsock Design The crate introduces a vhost-device-vsock device that enables communication between an application running in the guest i.e inside a VM and an application running on the host i.e outside the VM. The application running in the guest communicates over VM sockets i.e over AF_VSOCK sockets. The application running on the host connects to a unix socket on the host i.e communicates over AF_UNIX sockets. The main components of the crate are split into various files as described below: packet.rs Introduces the VsockPacket structure that represents a single vsock packet processing methods. rxops.rs Introduces various vsock operations that are enqueued into the rxqueue to be sent to the guest. Exposes a RxOps structure. rxqueue.rs rxqueue contains the pending rx operations corresponding to that connection. The queue is represented as a bitmap as we handle connection-oriented connections. The module contains various queue manipulation methods. Exposes a RxQueue structure
platform/external/rust/crates/vhost-user-backend,third_party,rust_crates,"androidbp,cargo","vhost-user-backend Design The vhost-user-backend crate provides a framework to implement vhost-user backend services, which includes following external public APIs: A daemon control object ( VhostUserDaemon ) to start and stop the service daemon. A vhost-user backend trait ( VhostUserBackendMut ) to handle vhost-user control messages and virtio messages. A vring access trait ( VringT ) to access virtio queues, and three implementations of the trait: VringState , VringMutex and VringRwLock . Usage The vhost-user-backend crate provides a framework to implement vhost-user backend services. The main interface provided by vhost-user-backend library is the struct VhostUserDaemon : pub struct VhostUserDaemon < S , V , B = ()> where S : VhostUserBackend < V , B >, V : VringT < GM < B >> + Clone + Send + Sync + ' static , B : Bitmap + ' static , { pub fn new ( name : String , backend : S , atomic_mem : GuestMemoryAtomic < GuestMemoryMmap < B >>) -> Result < Self >; pub fn start (& mut self , li"
platform/external/rust/crates/virtio-bindings,third_party,rust_crates,"androidbp,cargo","virtio-bindings Rust FFI bindings to virtio generated using bindgen . Usage Add this to your Cargo.toml : virtio - bindings = ""0.2"" You can then import the bindings where you need them. As an example, to grab the bindings for virtio-blk, you can do: use virtio_bindings :: bindings :: virtio_blk ::*; Development To update the bindings, follow the steps in the Contributing Document ."
platform/external/rust/crates/virtio-drivers,third_party,rust_crates,"androidbp,cargo","VirtIO-drivers-rs VirtIO guest drivers in Rust. For no_std environment. Support status Device types Device Supported Block ✅ Net ✅ GPU ✅ Input ✅ Console ✅ Socket ✅ ... ❌ Transports Transport Supported Legacy MMIO ✅ version 1 MMIO ✅ version 2 PCI ✅ Memory-mapped CAM only, e.g. aarch64 or PCIe ECAM Device-independent features Feature flag Supported VIRTIO_F_INDIRECT_DESC ✅ Indirect descriptors VIRTIO_F_EVENT_IDX ✅ avail_event and used_event fields VIRTIO_F_VERSION_1 TODO VirtIO version 1 compliance VIRTIO_F_ACCESS_PLATFORM ❌ Limited device access to memory VIRTIO_F_RING_PACKED ❌ Packed virtqueue layout VIRTIO_F_IN_ORDER ❌ Optimisations for in-order buffer usage VIRTIO_F_ORDER_PLATFORM ❌ Platform ordering for memory access VIRTIO_F_SR_IOV ❌ Single root I/O virtualization VIRTIO_F_NOTIFICATION_DATA ❌ Extra data in device notifications Examples & Tests x86_64 cd examples / x86_64 make qemu aarch64 cd examples / aarch64 make qemu RISCV cd examples / riscv make qemu You will see device info &"
platform/external/rust/crates/virtio-queue,third_party,rust_crates,"androidbp,cargo","virtio-queue The virtio-queue crate provides a virtio device implementation for a virtio queue, a virtio descriptor and a chain of such descriptors. Two formats of virtio queues are defined in the specification: split virtqueues and packed virtqueues. The virtio-queue crate offers support only for the split virtqueues format. The purpose of the virtio-queue API is to be consumed by virtio device implementations (such as the block device or vsock device). The main abstraction is the Queue . The crate is also defining a state object for the queue, i.e. QueueState . Usage Let’s take a concrete example of how a device would work with a queue, using the MMIO bus. First, it is important to mention that the mandatory parts of the virtio interface are the following: the device status field → provides an indication of the completed steps of the device initialization routine, the feature bits → the features the driver/device understand(s), notifications , one or more virtqueues → the mechanism f"
platform/external/rust/crates/virtio-vsock,third_party,rust_crates,"androidbp,cargo","virtio-vsock The virtio-vsock crate provides abstractions for the components of the vsock device . For now, it offers only an implementation for the vsock packet. The support is provided only for stream sockets. The vsock device is a socket device that can be used as a communication mechanism between the host and the guest. It is implemented using the virtio standard. The vsock device has three queues: an RX one, a TX one and an event one. In a simplified manner, the communication between the host and the guest is realized with the buffers that are exchanged using the device’s queues. These buffers are called packets in the vsock device context. Vsock Packet Design The virtio vsock packet is defined in the standard as having a header of type virtio_vsock_hdr and an optional data array of bytes. There are multiple operations that can be requested within a packet, e.g. VIRTIO_VSOCK_OP_RST for resetting the connection, VIRTIO_VSOCK_OP_RW for sending payload. Most operations are of the VIR"
platform/external/rust/crates/vm-memory,third_party,rust_crates,"androidbp,cargo","vm-memory Design In a typical Virtual Machine Monitor (VMM) there are several components, such as boot loader, virtual device drivers, virtio backend drivers and vhost drivers, that need to access the VM physical memory. The vm-memory crate provides a set of traits to decouple VM memory consumers from VM memory providers. Based on these traits, VM memory consumers can access the physical memory of the VM without knowing the implementation details of the VM memory provider. Thus VMM components based on these traits can be shared and reused by multiple virtualization solutions. The detailed design of the vm-memory crate can be found here . Platform Support Arch: x86, AMD64, ARM64 OS: Linux/Unix/Windows Xen support Supporting Xen requires special handling while mapping the guest memory and hence a separate feature is provided in the crate: xen . Mapping the guest memory for Xen requires an ioctl() to be issued along with mmap() for the memory area. The arguments for the ioctl() are receiv"
platform/external/rust/crates/vmm-sys-util,third_party,rust_crates,"androidbp,cargo","vmm-sys-util This crate is a collection of modules that provides helpers and utilities used by multiple rust-vmm components. The crate implements safe wrappers around common utilities for working with files, event file descriptors, ioctls and others. Support Platforms : x86_64 aarch64 Operating Systems : Linux Windows (partial support) License This code is licensed under BSD-3-Clause ."
platform/external/rust/crates/vmm_vhost,third_party,rust_crates,,Bug: 185402791
platform/external/rust/crates/vsock,third_party,rust_crates,"androidbp,cargo","vsock-rs Virtio socket support for Rust. Implements VsockListener and VsockStream which are analogous to the std::net::TcpListener and std::net::TcpStream types. Usage Refer to the crate documentation . Testing Prerequisites You will need a recent qemu-system-x86_64 build in your path. Host Setup the required virtio kernel modules: make kmod Start the test vm, you can shutdown the vm with the keyboard shortcut Ctrl+A and then x : make vm Tests Run the test suite with: make check"
platform/external/rust/crates/vsprintf,third_party,rust_crates,"androidbp,cargo,rs_file",vsprintf Convert a format string and vararg list to a Rust string. Documentation
platform/external/rust/crates/vulkano,third_party,rust_crates,"androidbp,cargo,rs_file","Vulkano Vulkano is a Rust wrapper around the Vulkan graphics API . It follows the Rust philosophy, which is that as long as you don‘t use unsafe code you shouldn’t be able to trigger any undefined behavior. In the case of Vulkan, this means that non-unsafe code should always conform to valid API usage. What does vulkano do? Provides a low-levelish API around Vulkan. It doesn't hide what it does but provides some comfort types. Plans to prevent all invalid API usages, even the most obscure ones. The purpose of Vulkano is not to simply let you draw a teapot, but to cover all possible usages of Vulkan and detect all the possible problems in order to write robust programs. Invalid API usage is prevented thanks to both compile-time checks and runtime checks. Can handle synchronization on the GPU side for you (unless you choose to do that yourself), as this aspect of Vulkan is both annoying to handle and error-prone. Dependencies between submissions are automatically detected, and semaphores"
platform/external/rust/crates/walkdir,third_party,rust_crates,"androidbp,cargo,rustfmt","walkdir A cross platform Rust library for efficiently walking a directory recursively. Comes with support for following symbolic links, controlling the number of open file descriptors and efficient mechanisms for pruning the entries in the directory tree. Dual-licensed under MIT or the UNLICENSE . Documentation docs.rs/walkdir Usage To use this crate, add walkdir as a dependency to your project's Cargo.toml : [ dependencies ] walkdir = ""2"" Example The following code recursively iterates over the directory given and prints the path for each entry: use walkdir :: WalkDir ; for entry in WalkDir :: new ( ""foo"" ) { let entry = entry . unwrap (); println !( ""{}"" , entry . path (). display ()); } Or, if you'd like to iterate over all entries and ignore any errors that may arise, use filter_map . (e.g., This code below will silently skip directories that the owner of the running process does not have permission to access.) use walkdir :: WalkDir ; for entry in WalkDir :: new ( ""foo"" ). into_it"
platform/external/rust/crates/want,third_party,rust_crates,"androidbp,cargo","Want Crates.io Docs A Future s channel-like utility to signal when a value is wanted. Futures are supposed to be lazy, and only starting work if Future::poll is called. The same is true of Stream s, but when using a channel as a Stream , it can be hard to know if the receiver is ready for the next value. Put another way, given a (tx, rx) from futures::sync::mpsc::channel() , how can the sender ( tx ) know when the receiver ( rx ) actually wants more work to be produced? Just because there is room in the channel buffer doesn't mean the work would be used by the receiver. This is where something like want comes in. Added to a channel, you can make sure that the tx only creates the message and sends it when the rx has poll() for it, and the buffer was empty. License want is provided under the MIT license. See LICENSE ."
platform/external/rust/crates/wasi,third_party,rust_crates,,Bug: 276726864
platform/external/rust/crates/weak-table,third_party,rust_crates,"androidbp,cargo","weak-table: weak hash maps and sets for Rust This crate defines several kinds of weak hash maps and sets. See the full API documentation for details. Rust version support This crate supports Rust version 1.46 and later. Crate features weak-table is built with the std feature, which enables functionality dependent on the std library, enabled by default. Optionally, the following dependency may be enabled: ahash : use ahash ’s hasher rather than the std hasher If the std feature is disabled (for no_std) then the ahash dependency must be enabled. Examples Here we create a weak hash map and demonstrate that it forgets mappings whose keys expire: use weak_table :: WeakKeyHashMap ; use std :: sync ::{ Arc , Weak }; let mut table = < WeakKeyHashMap < Weak < str >, u32 >>:: new (); let one = Arc ::< str >:: from ( ""one"" ); let two = Arc ::< str >:: from ( ""two"" ); table . insert ( one . clone (), 1 ); assert_eq !( table . get ( ""one"" ), Some (& 1 ) ); assert_eq !( table . get ( ""two"" ), None )"
platform/external/rust/crates/webpki,third_party,rust_crates,"androidbp,cargo","THE SOFTWARE IS PROVIDED “AS IS” AND THE AUTHORS DISCLAIM ALL WARRANTIES WITH REGARD TO THIS SOFTWARE INCLUDING ALL IMPLIED WARRANTIES OF MERCHANTABILITY AND FITNESS. IN NO EVENT SHALL THE AUTHORS BE LIABLE FOR ANY SPECIAL, DIRECT, INDIRECT, OR CONSEQUENTIAL DAMAGES OR ANY DAMAGES WHATSOEVER RESULTING FROM LOSS OF USE, DATA OR PROFITS, WHETHER IN AN ACTION OF CONTRACT, NEGLIGENCE OR OTHER TORTIOUS ACTION, ARISING OUT OF OR IN CONNECTION WITH THE USE OR PERFORMANCE OF THIS SOFTWARE. What is webpki? webpki is a library that validates Web PKI (TLS/SSL) certificates. webpki is designed to provide a full implementation of the client side of the Web PKI to a diverse range of applications and devices, including embedded (IoT) applications, mobile apps, desktop applications, and server infrastructure. webpki is intended to not only be the best implementation of the Web PKI, but to also precisely define what the Web PKI is. webpki is written in Rust and uses ring for signature verification. web"
platform/external/rust/crates/which,third_party,rust_crates,"androidbp,cargo","which A Rust equivalent of Unix command “which”. Locate installed executable in cross platforms. Support platforms Linux Windows macOS Examples To find which rustc executable binary is using. use which :: which ; let result = which ( ""rustc"" ). unwrap (); assert_eq !( result , PathBuf :: from ( ""/usr/bin/rustc"" )); After enabling the regex feature, find all cargo subcommand executables on the path: use which :: which_re ; which_re ( Regex :: new ( ""^cargo-.*"" ). unwrap ()). unwrap () . for_each (| pth | println !( ""{}"" , pth . to_string_lossy ())); Documentation The documentation is available online ."
platform/external/rust/crates/winapi,third_party,rust_crates,,Bug: 276728389
platform/external/rust/crates/winnow,third_party,rust_crates,"androidbp,cargo","winnow, making parsing a breeze About Build up a parser for your format of choice with the building blocks provided by winnow . For more details, see: Tutorial Special Topics Why winnow? How does it compare to ...? API Reference List of combinators Contributors winnow is the fruit of the work of many contributors over the years, many thanks for your help! In particular, thanks to Geal for the original nom crate ."
platform/external/rust/crates/x509-cert,third_party,rust_crates,"androidbp,cargo","RustCrypto : X.509 Certificates Pure Rust implementation of the X.509 Public Key Infrastructure Certificate format as described in RFC 5280 . Documentation Minimum Supported Rust Version This crate requires Rust 1.65 at a minimum. We may change the MSRV in the future, but it will be accompanied by a minor version bump. License Licensed under either of: Apache License, Version 2.0 MIT license at your option. Contribution Unless you explicitly state otherwise, any contribution intentionally submitted for inclusion in the work by you, as defined in the Apache-2.0 license, shall be dual licensed as above, without any additional terms or conditions."
platform/external/rust/crates/x509-parser,third_party,rust_crates,"androidbp,cargo","X.509 Parser A X.509 v3 ( RFC5280 ) parser, implemented with the nom parser combinator framework. It is written in pure Rust, fast, and makes extensive use of zero-copy. A lot of care is taken to ensure security and safety of this crate, including design (recursion limit, defensive programming), tests, and fuzzing. It also aims to be panic-free. The code is available on Github and is part of the Rusticata project. Certificates are usually encoded in two main formats: PEM (usually the most common format) or DER. A PEM-encoded certificate is a container, storing a DER object. See the pem module for more documentation. To decode a DER-encoded certificate, the main parsing method is [ X509Certificate::from_der ] ( part of the FromDer trait ), which builds a X509Certificate object. An alternative method is to use X509CertificateParser , which allows specifying parsing options (for example, not automatically parsing option contents). The returned objects for parsers follow the definitions of"
platform/external/rust/crates/xml-rs,third_party,rust_crates,"androidbp,cargo","xml-rs, an XML library for Rust Documentation xml-rs is an XML library for the Rust programming language. It supports reading and writing of XML documents in a streaming fashion (without DOM). Features XML spec conformance better than other pure-Rust libraries. Easy to use API based on Iterator s and regular String s without tricky lifetimes. Support for UTF-16, UTF-8, ISO-8859-1, and ASCII encodings. Written entirely in the safe Rust subset. Designed to safely handle untrusted input. The API is heavily inspired by Java Streaming API for XML ( StAX ). It contains a pull parser much like StAX event reader. It provides an iterator API, so you can leverage Rust's existing iterators library features. It also provides a streaming document writer much like StAX event writer. This writer consumes its own set of events, but reader events can be converted to writer events easily, and so it is possible to write XML transformation chains in a pretty clean manner. This parser is mostly full-featur"
platform/external/rust/crates/yaml-rust,third_party,rust_crates,"androidbp,cargo","yaml-rust The missing YAML 1.2 implementation for Rust. yaml-rust is a pure Rust YAML 1.2 implementation, which enjoys the memory safety property and other benefits from the Rust language. The parser is heavily influenced by libyaml and yaml-cpp . Quick Start Add the following to the Cargo.toml of your project: [ dependencies ] yaml - rust = ""0.4"" and import: extern crate yaml_rust ; Use yaml::YamlLoader to load the YAML documents and access it as Vec/HashMap: extern crate yaml_rust ; use yaml_rust ::{ YamlLoader , YamlEmitter }; fn main () { let s = "" foo : - list1 - list2 bar : - 1 - 2.0 ""; let docs = YamlLoader :: load_from_str ( s ). unwrap (); // Multi document support, doc is a yaml::Yaml let doc = & docs [ 0 ]; // Debug support println !( ""{:?}"" , doc ); // Index access for map & array assert_eq !( doc [ ""foo"" ][ 0 ]. as_str (). unwrap (), ""list1"" ); assert_eq !( doc [ ""bar"" ][ 1 ]. as_f64 (). unwrap (), 2.0 ); // Chained key/array access is checked and won't panic, // return Ba"
platform/external/rust/crates/zerocopy,third_party,rust_crates,"androidbp,cargo,rustfmt","zerocopy Want to help improve zerocopy? Fill out our user survey ! Fast, safe, compile error. Pick two. Zerocopy makes zero-cost memory manipulation effortless. We write unsafe so you don't have to. Overview Zerocopy provides four core marker traits, each of which can be derived (e.g., #[derive(FromZeroes)] ): FromZeroes indicates that a sequence of zero bytes represents a valid instance of a type FromBytes indicates that a type may safely be converted from an arbitrary byte sequence AsBytes indicates that a type may safely be converted to a byte sequence Unaligned indicates that a type's alignment requirement is 1 Types which implement a subset of these traits can then be converted to/from byte sequences with little to no runtime overhead. Zerocopy also provides byte-order aware integer types that support these conversions; see the byteorder module. These types are especially useful for network parsing. Cargo Features alloc By default, zerocopy is no_std . When the alloc feature is en"
platform/external/rust/crates/zerocopy-derive,third_party,rust_crates,"androidbp,cargo",Bug: 262009284
platform/external/rust/crates/zeroize,third_party,rust_crates,"androidbp,cargo","RustCrypto : zeroize Securely zero memory (a.k.a. zeroize ) while avoiding compiler optimizations. This crate implements a portable approach to securely zeroing memory using techniques which guarantee they won't be “optimized away” by the compiler. The Zeroize trait is the crate's primary API. Documentation About Zeroing memory securely is hard - compilers optimize for performance, and in doing so they love to “optimize away” unnecessary zeroing calls. There are many documented “tricks” to attempt to avoid these optimizations and ensure that a zeroing routine is performed reliably. This crate isn‘t about tricks: it uses core::ptr::write_volatile and core::sync::atomic memory fences to provide easy-to-use, portable zeroing behavior which works on all of Rust’s core number types and slices thereof, implemented in pure Rust with no usage of FFI or assembly. No insecure fallbacks! No dependencies! No FFI or inline assembly! WASM friendly (and tested)! #![no_std] i.e. embedded-friendly ! No"
platform/external/rust/crates/zeroize_derive,third_party,rust_crates,"androidbp,cargo","RustCrypto : zeroize_derive Custom derive support for zeroize : a crate for securely zeroing memory while avoiding compiler optimizations. This crate isn't intended to be used directly. See zeroize crate for documentation. Minimum Supported Rust Version Rust 1.56 or newer. In the future, we reserve the right to change MSRV (i.e. MSRV is out-of-scope for this crate's SemVer guarantees), however when we do it will be accompanied by a minor version bump. License Licensed under either of: Apache License, Version 2.0 MIT license at your option. Contribution Unless you explicitly state otherwise, any contribution intentionally submitted for inclusion in the work by you, as defined in the Apache-2.0 license, shall be dual licensed as above, without any additional terms or conditions."
platform/external/rust/crates/zip,third_party,rust_crates,"androidbp,cargo","zip-rs Documentation Info A zip library for rust which supports reading and writing of simple ZIP files. Supported compression formats: stored (i.e. none) deflate bzip2 zstd Currently unsupported zip extensions: Encryption Multi-disk Usage With all default features: [ dependencies ] zip = ""0.6"" Without the default features: [ dependencies ] zip = { version = ""0.6.6"" , default - features = false } The features available are: aes-crypto : Enables decryption of files which were encrypted with AES. Supports AE-1 and AE-2 methods. deflate : Enables the deflate compression algorithm, which is the default for zip files. bzip2 : Enables the BZip2 compression algorithm. time : Enables features using the time crate. zstd : Enables the Zstandard compression algorithm. All of these are enabled by default. MSRV Our current Minimum Supported Rust Version is 1.59.0 . When adding features, we will follow these guidelines: We will always support the latest four minor Rust versions. This gives you a 6 m"
platform/external/rust/crates/zune-inflate,third_party,rust_crates,cargo,"zune-inflate This crate features an optimized inflate algorithm supporting whole buffer decompression. Supported formats are raw deflate zlib (deflate with a zlib wrapper on) gzip The implementation is heavily based on Eric Biggers libdeflate and hence has similar characteristics. Specifically, we do not support streaming decompression but prefer whole buffer decompression. Installation To use in your crate, simply add the following in your Cargo.toml [ dependencies ] #other amazing crates from other amazing people zune - inflate = ""0.2.0"" Features One can enable or disable a specific format using cargo features. Specifically, the following can be enabled gzip : Enable decompressing of gzip encoded data zlib : Enable decompressing of zlib encoded data To enable one feature, modify Cargo.toml entry to be [ dependencies ] zune - inflate = { version = ""0.2"" , default - features = false , features = [ ""#ADD_SPECIFIC_FEATURE"" ] } Usage. The library exposes a simple API for decompressing dat"
platform/external/rust/cros-libva,third_party,,"androidbp,cargo","Libva Rust Wrapper This crate provides lightweight and (hopefully) safe libva abstractions for use within Rust code with minimal dependencies. It is developed for use in ChromeOS, but has no ChromeOS specifics or dependencies and should thus be usable anywhere. Dependencies The native libva library is required at link time, so make sure to have the libva-dev or equivalent package for your distribution installed. The libva version needs to be 1.20.0 or newer. The VA-API driver corresponding to your hardware is also required: for Intel hardware it will be intel-media-driver , whereas AMD hardware relies on Mesa . An easy way to see whether everything is in order is to run the vainfo utility packaged with libva-utils or as a standalone package in some distributions. vainfo will print the VA-API version, driver string, and a list of supported profiles and endpoints, i.e.: vainfo: VA-API version: 1.13 (libva 2.13.0) vainfo: Driver version: Intel iHD driver for Intel(R) Gen Graphics - 22.2.2"
platform/external/rust/cxx,third_party,,"androidbp,cargo,rs_file","CXX — safe FFI between Rust and C++ This library provides a safe mechanism for calling C++ code from Rust and Rust code from C++, not subject to the many ways that things can go wrong when using bindgen or cbindgen to generate unsafe C-style bindings. This doesn't change the fact that 100% of C++ code is unsafe. When auditing a project, you would be on the hook for auditing all the unsafe Rust code and all the C++ code. The core safety claim under this new model is that auditing just the C++ side would be sufficient to catch all problems, i.e. the Rust side can be 100% safe. [ dependencies ] cxx = ""1.0"" [ build - dependencies ] cxx - build = ""1.0"" Compiler support: requires rustc 1.60+ and c++11 or newer Release notes Guide Please see https://cxx.rs for a tutorial, reference material, and example code. Overview The idea is that we define the signatures of both sides of our FFI boundary embedded together in one Rust module (the next section shows an example). From this, CXX receives a c"
platform/external/rust/ninja-to-soong,third_party,,,Bug: 457231668
platform/external/rust/pica,third_party,,"androidbp,cargo,rs_file",Pica Pica is a virtual UWB Controller implementing the FiRa UCI specification. It has been designed for testing UWB ranging capabilities. Pica supports the following features: Pica keeps an internal representation of a 3-D scene. Pica lets multiple clients connect through TCP sockets. Each new connection spawns an attached UWB subsystem. Connected hosts can interact together as if they existed in a single 3-D scene. Pica implements a nice GUI through a web server. Pica provides HTTP commands to interact with the scene directly such as create and destroy virtual anchors. Build and Run $ > git clone https :// github . com / google / pica . git $ > cd pica / $ > cargo run You should receive the following output: Pica: Listening on: 7000 Pica: Web server started on http://0.0.0.0:3000 You can now open the web interface at http://0.0.0.0:3000 and the HTTP commands documentation at http://0.0.0.0:3000/openapi . The scene should be empty and look like this: Command line A command line tool is
platform/external/rust/rutabaga_gfx,third_party,,,Bug: 457231668
platform/external/ruy,third_party,,androidbp,"The ruy matrix multiplication library This is not an officially supported Google product. ruy is a matrix multiplication library. Its focus is to cover the matrix multiplication needs of neural network inference engines. Its initial user has been TensorFlow Lite, where it is used by default on the ARM CPU architecture. ruy supports both floating-point and 8bit-integer-quantized matrices. Efficiency ruy is designed to achieve high performance not just on very large sizes, as is the focus of many established libraries, but on whatever are the actual sizes and shapes of matrices most critical in current TensorFlow Lite applications. This often means quite small sizes, e.g. 100x100 or even 50x50, and all sorts of rectangular shapes. It's not as fast as completely specialized code for each shape, but it aims to offer a good compromise of speed across all shapes and a small binary size. Documentation Some documentation will eventually be available in the doc/ directory, see doc/README.md ."
platform/external/s2-geometry-library-java,third_party,,androidbp,Bug: 199275786
platform/external/safe-iop,third_party,,androidbp,
platform/external/sandboxed-api,third_party,,androidbp,"Copyright 2019-2023 Google LLC What is Sandboxed API? The Sandboxed API project ( SAPI ) makes sandboxing of C/C++ libraries less burdensome: after initial setup of security policies and generation of library interfaces, a stub API is generated, transparently forwarding calls using a custom RPC layer to the real library running inside a sandboxed environment. Additionally, each SAPI library utilizes a tightly defined security policy, in contrast to the typical sandboxed project, where security policies must cover the total syscall/resource footprint of all its libraries. Documentation Developer documentation is available on the Google Developers site for Sandboxed API . There is also a Getting Started guide. Getting Involved If you want to contribute, please read CONTRIBUTING.md and send us pull requests. You can also report bugs or file feature requests. If you'd like to talk to the developers or get notified about major product updates, you may want to subscribe to our mailing list o"
platform/external/scapy,third_party,,androidbp,"Scapy Scapy is a powerful Python-based interactive packet manipulation program and library. It is able to forge or decode packets of a wide number of protocols, send them on the wire, capture them, store or read them using pcap files, match requests and replies, and much more. It is designed to allow fast packet prototyping by using default values that work. It can easily handle most classical tasks like scanning, tracerouting, probing, unit tests, attacks or network discovery (it can replace hping , 85% of nmap , arpspoof , arp-sk , arping , tcpdump , wireshark , p0f , etc.). It also performs very well at a lot of other specific tasks that most other tools can't handle, like sending invalid frames, injecting your own 802.11 frames, combining techniques (VLAN hopping+ARP cache poisoning, VoIP decoding on WEP protected channel, ...), etc. Scapy supports Python 3.7+. It's intended to be cross platform, and runs on many different platforms (Linux, OSX, *BSD, and Windows). Getting started"
platform/external/scrypt,third_party,,androidbp,
platform/external/scudo,third_party,,androidbp,Bug: 140939296
platform/external/sdk-platform-java,third_party,,androidbp,"This repository consists of the following modules: gapic-generator-java : the Protobuf compiler plugin to generate Java code. See gapic-generator-java/DEVELOPMENT.md for setup. gax-java : the runtime library required for Google Cloud client libraries, including the ones generated by gapic-generator-java. java-common-protos and api-common-java : Protobuf-generated common classes for Google services. (They are not generated by gapic-generator-java) java-iam : Protobuf-generated classes for Google's Identity and Access Management (IAM). (They are not generated by gapic-generator-java) showcase : demonstration of the generated client library for the fake “Showcase” API. gapic-generator-java-bom : The Bill-of-Material for the libraries produced from this repository. This is used by java-shared-dependencies . Development Setup See DEVELOPMENT.md ."
platform/external/sdl2,third_party,,,
platform/external/sdl2_ttf,third_party,,,
platform/external/sdv/vsomeip,third_party,,androidbp,"vsomeip Copyright Copyright (C) 2015-2017, Bayerische Motoren Werke Aktiengesellschaft (BMW AG) License This Source Code Form is subject to the terms of the Mozilla Public License, v. 2.0. If a copy of the MPL was not distributed with this file, You can obtain one at http://mozilla.org/MPL/2.0/ . vsomeip Overview The vsomeip stack implements the http://some-ip.com/ (Scalable service-Oriented MiddlewarE over IP (SOME/IP)) protocol. The stack consists out of: a shared library for SOME/IP ( libvsomeip3.so ) a second shared library for SOME/IP's service discovery ( libvsomeip3-sd.so ) which is loaded during runtime if the service discovery is enabled. Build Instructions for Linux Dependencies A C++11 enabled compiler like gcc >= 4.8 is needed. vsomeip uses CMake as buildsystem. vsomeip uses Boost >= 1.55: Ubuntu 14.04: sudo apt-get install libboost-system1.55-dev libboost-thread1.55-dev libboost-log1.55-dev Ubuntu 12.04: a PPA is necessary to use version 1.54 of Boost: -- URL: https://laun"
platform/external/seccomp-tests,third_party,,androidbp,"Seccomp-BPF Kernel Self-Test Suite This repository contains a mirror of the upstream Linux kernel test suite for the Seccomp-BPF system call filter. The test suite runs as part of CTS, but it is maintained in a separate repository because the code is GPL. Syncing to Upstream Rather than hold the entire Linux history in this repository, only the subdirectory for the Seccomp selftests are preserved here. In order to sync this repository to the upstream Linux, follow these instructions. The pristine copy of the upstream source is kept on a branch called upstream-master. This branch is then merged into an Android development branch. First-Time Setup These instructions only need to be followed for the first time you are updating the repository from a checkout. Configure a remote to use as the source repository (limited to only syncing the master branch): git remote add upstream-linux git://git.kernel.org/pub/scm/linux/kernel/git/torvalds/linux.git -t master --no-tags Updating the Source Per"
platform/external/selinux,third_party,,androidbp,SELinux Userspace SELinux is a flexible Mandatory Access Control (MAC) system built into the Linux Kernel. SELinux provides administrators with a comprehensive access control mechanism that enables greater access granularity over the existing Linux Discretionary Access Controls (DAC) and is present in many major Linux distributions. This repository contains the sources for the SELinux utilities and system libraries which allow for the configuration and management of an SELinux-based system. Please submit all bug reports and patches to the selinux@vger.kernel.org mailing list. You can subscribe by sending “subscribe selinux” in the body of an email to majordomo@vger.kernel.org . Archives of the mailing list are available at https://lore.kernel.org/selinux . Installation SELinux libraries and tools are packaged in several Linux distributions: Alpine Linux ( https://pkgs.alpinelinux.org/package/edge/testing/x86/policycoreutils ) Arch Linux User Repository ( https://aur.archlinux.org/packa
platform/external/sepolicy,third_party,,,
platform/external/setfilters,third_party,,androidbp,Set filters library This repository contains implementations of a collection set filter data structures. Note This is not an officially supported Google product.
platform/external/setupcompat,third_party,,androidbp,Bug: 119302147
platform/external/setupdesign,third_party,,androidbp,Bug: 139309277
platform/external/sfntly,third_party,,androidbp,"sfntly This project is not developed any further. Only Bug fixes will be merged, but new features won't. An actively maintained fork with new features is available at https://github.com/rillig/sfntly"
platform/external/sg3_utils,third_party,,androidbp,Bug: 257494669
platform/external/shaderc/glslang,third_party,,,"Also see the Khronos landing page for glslang as a reference front end: https://www.khronos.org/opengles/sdk/tools/Reference-Compiler/ The above page includes where to get binaries, and is kept up to date regarding the feature level of glslang. glslang An OpenGL and OpenGL ES shader front end and validator. There are several components: A GLSL/ESSL front-end for reference validation and translation of GLSL/ESSL into an AST. An HLSL front-end for translation of a broad generic HLL into the AST. A SPIR-V back end for translating the AST to SPIR-V. A standalone wrapper, glslangValidator , that can be used as a command-line tool for the above. How to add a feature protected by a version/extension/stage/profile: See the comment in glslang/MachineIndependent/Versions.cpp . Tasks waiting to be done are documented as GitHub issues. Execution of Standalone Wrapper To use the standalone binary form, execute glslangValidator , and it will print a usage statement. Basic operation is to give it a f"
platform/external/shaderc/shaderc,third_party,,,"Shaderc A collection of tools, libraries and tests for shader compilation. At the moment it includes: glslc , a command line compiler for GLSL/HLSL to SPIR-V, and libshaderc , a library API for doing the same. Shaderc wraps around core functionality in glslang and SPIRV-Tools . Shaderc aims to to provide: a command line compiler with GCC- and Clang-like usage, for better integration with build systems an API where functionality can be added without breaking existing clients an API supporting standard concurrency patterns across multiple operating systems increased functionality such as file #include support Status Shaderc has maintained backward compatibility for quite some time, and we don't anticipate any breaking changes. Ongoing enhancements are described in the CHANGES file. Shaderc has been shipping in the Android NDK since version r12b. (The NDK build uses sources from https://android.googlesource.com/platform/external/shaderc/ . Those repos are downstream from GitHub.) For lice"
platform/external/shaderc/spirv-headers,third_party,,androidbp,"SPIR-V Headers This repository contains machine-readable files for the SPIR-V Registry . This includes: Header files for various languages. JSON files describing the grammar for the SPIR-V core instruction set and the extended instruction sets. The XML registry file. A tool to build the headers from the JSON grammar. Headers are provided in the include directory, with up-to-date headers in the unified1 subdirectory. Older headers are provided according to their version. In contrast, the XML registry file has a linear history, so it is not tied to SPIR-V specification versions. How is this repository updated? When a new version or revision of the SPIR-V specification is published, the SPIR-V Working Group will push new commits onto master, updating the files under include . The SPIR-V XML registry file is updated by Khronos whenever a new enum range is allocated. Pull requests can be made to request allocation of new enum ranges in the XML registry file reserve specific tokens in the JS"
platform/external/shaderc/spirv-tools,third_party,,,"SPIR-V Tools Overview The SPIR-V Tools project provides an API and commands for processing SPIR-V modules. The project includes an assembler, binary module parser, disassembler, validator, and optimizer for SPIR-V. Except for the optimizer, all are based on a common static library. The library contains all of the implementation details, and is used in the standalone tools whilst also enabling integration into other code bases directly. The optimizer implementation resides in its own library, which depends on the core library. The interfaces are still under development, and are expected to change. SPIR-V is defined by the Khronos Group Inc. See the SPIR-V Registry for the SPIR-V specification, headers, and XML registry. Verisoning SPIRV-Tools See CHANGES for a high level summary of recent changes, by version. SPIRV-Tools project version numbers are of the form v year . index and with an optional -dev suffix to indicate work in progress. For exampe, the following versions are ordered fro"
platform/external/shflags,third_party,,androidbp,"shFlags README shFlags is a port of the Google gflags library for Unix shell. The code is written in a way to be as portable as possible to work across a wide array of Unix variants. It is also tested with shUnit2 to maintain code quality. If you'd like to use shFlags, feel free to read the documentation. https://github.com/kward/shflags/wiki/Documentation12x"
platform/external/sil-fonts,third_party,,,
platform/external/skia,third_party,,"androidbp,cargo",
platform/external/skqp,third_party,,androidbp,Bug: 72556177
platform/external/sl4a,third_party,,androidbp,"Scripting Layer For Android Introduction Originally authored by Damon Kohler, Scripting Layer for Android, SL4A, is an automation toolset for calling Android APIs in a platform-independent manner. It supports both remote automation via ADB as well as execution of scripts from on-device via a series of lightweight translation layers. Build Instructions Due to its inclusion in AOSP as a privileged app, building SL4A requires a system build. For the initial build of Android: cd <ANDROID_SOURCE_ROOT> source build/envsetup.sh lunch aosp_<TARGET> make [-j15] where <ANDROID_SOURCE_ROOT> is the root directory of the android tree and <TARGET> is the lunch target name Then Build SL4A: cd <ANDROID_SOURCE_ROOT>/external/sl4a mm [-j15] Adding SL4A Builds to Android Builds by Default If you are not using a custom buildspec, create one as follows: cp <ANDROID_SOURCE_ROOT>/build/buildspec.mk.default <ANDROID_SOURCE_ROOT>/buildspec.mk Modify the buildspec to build SL4A as a custom module by editing the"
platform/external/slf4j,third_party,,androidbp,"About SLF4J The Simple Logging Facade for Java (SLF4J) serves as a simple facade or abstraction for various logging frameworks (e.g. java.util.logging, logback, reload4j, log4j 2.x) allowing the end user to plug in the desired logging framework at deployment time. More information can be found on the SLF4J website . Build Status Search org.slf4j artifacts on Maven Central In case of problems In case of problems please do not hesitate to post an e-mail message on the slf4j-user@qos.ch mailing list. However, please do not directly e-mail SLF4J developers. The answer to your question might be useful to other users. Moreover, there are many knowledgeable users on the slf4j-user mailing lists who can quickly answer your questions. Urgent issues For urgent issues do not hesitate to champion a release . In principle, most championed issues are solved within 3 business days ensued by a release. How to build SLF4J SLF4J uses Maven as its build tool. SLF4J version 2.0.x will run under Java 8 but"
platform/external/smack,third_party,,,
platform/external/smali,third_party,,androidbp,"About smali/baksmali is an assembler/disassembler for the dex format used by dalvik, Android‘s Java VM implementation. The syntax is loosely based on Jasmin’s/dedexer's syntax, and supports the full functionality of the dex format (annotations, debug info, line info, etc.) Downloads are at https://bitbucket.org/JesusFreke/smali/downloads/ . If you are interested in submitting a patch, feel free to send me a pull request here. See the wiki for more info/news/release notes/etc. Support github Issue tracker - For any bugs/issues/feature requests #smali on freenode - Free free to drop by and ask a question. Don't expect an instant response, but if you hang around someone will respond. Some useful links for getting started with smali Official dex bytecode reference Registers wiki page Types, Methods and Fields wiki page Official dex format reference"
platform/external/smaratorg,third_party,,,Bug: 117210240
platform/external/snakeyaml,third_party,,androidbp,"The art of simplicity is a puzzle of complexity. Overview YAML is a data serialization format designed for human readability and interaction with scripting languages. SnakeYAML is a YAML 1.1 processor for the Java Virtual Machine version 7. For YAML 1.2 (which is a superset of JSON) you may have a look at SnakeYAML Engine SnakeYAML features a complete YAML 1.1 processor . (If you need YAML 1.2 support have a look here ). In particular, SnakeYAML can parse all examples from the specification. Unicode support including UTF-8/UTF-16 input/output. high-level API for serializing and deserializing native Java objects. support for all types from the YAML types repository . relatively sensible error messages. when you plan to feed the parser with untrusted data please study the settings which allow to restrict incoming data. Info Changes Documentation CVE and untrusted data Contribute GIT is now used to dance with the source code . If you find a bug in SnakeYAML, please file a bug report . You"
platform/external/sonic,third_party,,androidbp,
platform/external/sonivox,third_party,,androidbp,
platform/external/spdx-tools,third_party,,androidbp,"SPDX tools-golang tools-golang is a collection of Go packages intended to make it easier for Go programs to work with SPDX® files. Recent news 2022-01-11: v0.4.0 : added support for SPDX v2.3 and YAML, as well as other improvements and bugfixes. See RELEASE-NOTES.md for full details. What it does tools-golang currently works with files conformant to versions 2.1 and 2.2 of the SPDX specification, available at: https://spdx.dev/specifications tools-golang provides the following packages: spdx - in-memory data model for the sections of an SPDX document tvloader - tag-value document loader tvsaver - tag-value document saver rdfloader - RDF document loader json - JSON document parser and writer yaml - YAML document parser and writer builder - builds “empty” SPDX document (with hashes) for directory contents idsearcher - searches for SPDX short-form IDs and builds SPDX document licensediff - compares concluded licenses between files in two packages reporter - generates basic license count r"
platform/external/speex,third_party,,androidbp,
platform/external/spirv-llvm,third_party,,androidbp,
platform/external/sqlite,third_party,,,SQLite database engine (http://sqlite.org)
platform/external/squashfs-tools,third_party,,androidbp,
platform/external/srec,third_party,,,
platform/external/srtp,third_party,,,
platform/external/stardoc,third_party,,,Bug: 194825758
platform/external/starlark-go,third_party,,androidbp,"Starlark in Go This is the home of the Starlark in Go project. Starlark in Go is an interpreter for Starlark, implemented in Go. Starlark was formerly known as Skylark. The new import path for Go packages is ""go.starlark.net/starlark"" . Starlark is a dialect of Python intended for use as a configuration language. Like Python, it is an untyped dynamic language with high-level data types, first-class functions with lexical scope, and garbage collection. Unlike CPython, independent Starlark threads execute in parallel, so Starlark workloads scale well on parallel machines. Starlark is a small and simple language with a familiar and highly readable syntax. You can use it as an expressive notation for structured data, defining functions to eliminate repetition, or you can use it to add scripting capabilities to an existing application. A Starlark interpreter is typically embedded within a larger application, and the application may define additional domain-specific functions and data types"
platform/external/stg,third_party,,androidbp,"Symbol-Type Graph (STG) The STG (symbol-type graph) is an ABI representation and this project contains tools for the creation and comparison of such representations. The ABI extraction tool, stg , emits a native ABI format. Parsers exist for libabigail's XML format, BTF and ELF / DWARF. The ABI diff tool, stgdiff , supports multiple reporting options. STG has a versioned native file format. Older formats can be read and rewritten as the latest. NOTE: STG is under active developement. Tool arguments and behaviour are subject to change. Getting STG Distributions We intend to package STG for major distributions. Currently we have packages as follows: Distribution Package Arch Linux (AUR) stg-git Source Code This source code is available at https://android.googlesource.com/platform/external/stg/ . Building from Source Instructions are included for local and Docker builds. Dependencies STG is written in C++20. It is known to compile with GCC 11, Clang 15 or later versions. Mininum requireme"
platform/external/stlport,third_party,,,
platform/external/strace,third_party,,androidbp,
platform/external/stressapptest,third_party,,androidbp,"stressapptest Stressful Application Test (or stressapptest, its unix name) is a memory interface test. It tries to maximize randomized traffic to memory from processor and I/O, with the intent of creating a realistic high load situation in order to test the existing hardware devices in a computer. It has been used at Google for some time and now it is available under the apache 2.0 license. (Exported from code.google.com/p/stressapptest) Discussion group: https://groups.google.com/d/forum/stressapptest-discuss Usage To execute, a typical command would be: ./stressapptest -s 20 -M 256 -m 8 -W # Test 256MB, running 8 ""warm copy"" threads. Exit after 20 seconds. ./stressapptest --help # list the available arguments. Common arguments -M mbytes : megabytes of ram to test (auto-detect all memory available) -s seconds : number of seconds to run (20) -m threads : number of memory copy threads to run (auto-detect to number of CPUs) -W : Use more CPU-stressful memory copy (false) -n ipaddr : add"
platform/external/subsampling-scale-image-view,third_party,,androidbp,"Subsampling Scale Image View A custom image view for Android, designed for photo galleries and displaying huge images (e.g. maps and building plans) without OutOfMemoryError s. Includes pinch to zoom, panning, rotation and animation support, and allows easy extension so you can add your own overlays and touch event detection. The view optionally uses subsampling and tiles to support very large images - a low resolution base layer is loaded and as you zoom in, it is overlaid with smaller high resolution tiles for the visible area. This avoids holding too much data in memory. It's ideal for displaying large images while allowing you to zoom in to the high resolution details. You can disable tiling for smaller images and when displaying a bitmap object. There are some advantages and disadvantages to disabling tiling so to decide which is best, see the wiki . Guides Releases & downloads Installation and setup Image display notes & limitations Using preview images Handling orientation chang"
platform/external/svox,third_party,,,
platform/external/swiftshader,third_party,,androidbp,"SwiftShader Introduction SwiftShader[^1] is a high-performance CPU-based implementation[^2] of the Vulkan[^3] 1.3 graphics API. Its goal is to provide hardware independence for advanced 3D graphics. NOTE: The ANGLE project can be used to achieve a layered implementation[^4] of OpenGL ES 3.1 (aka. “SwANGLE”). Building SwiftShader libraries can be built for Windows, Linux, and macOS. Android and Chrome (OS) build environments are also supported. CMake Install CMake for Linux, macOS, or Windows and use either the GUI or run the following terminal commands: cd build cmake .. cmake --build . --parallel ./vk-unittests Tip: Set the CMAKE_BUILD_PARALLEL_LEVEL environment variable to control the level of parallelism. Visual Studio To build the Vulkan ICD library, use Visual Studio 2019 to open the project folder and wait for it to run CMake. Open the CMake Targets View in the Solution Explorer and select the vk_swiftshader project to build it. Usage The SwiftShader libraries act as drop-in repl"
platform/external/swig,third_party,,androidbp,
platform/external/syslinux,third_party,,,
platform/external/syspatch,third_party,,,
platform/external/syzkaller,third_party,,,"syzkaller - kernel fuzzer syzkaller is an unsupervised coverage-guided kernel fuzzer. Supported OSes: Akaros , FreeBSD , Fuchsia , gVisor , Linux , NetBSD , OpenBSD , Windows . Mailing list: syzkaller@googlegroups.com (join on web or by email ). Found bugs: Akaros , Darwin/XNU , FreeBSD , Linux , NetBSD , OpenBSD , Windows . Documentation Initially, syzkaller was developed with Linux kernel fuzzing in mind, but now it's being extended to support other OS kernels as well. Most of the documentation at this moment is related to the Linux kernel. For other OS kernels check: Akaros , Darwin/XNU , FreeBSD , Fuchsia , NetBSD , OpenBSD , Windows , gVisor . How to install syzkaller How to use syzkaller How syzkaller works How to contribute to syzkaller How to report Linux kernel bugs External Articles Research work based on syzkaller From HardenedLinux project: Kernel QA with syzkaller and qemu (tutorial on how to setup syzkaller with qemu) Syzkaller crash DEMO (tutorial on how to extend syzkal"
platform/external/tagsoup,third_party,,androidbp,
platform/external/tcpdump,third_party,,androidbp,"TCPDUMP 4.x.y by The Tcpdump Group To report a security issue please send an e-mail to security@tcpdump.org . To report bugs and other problems, contribute patches, request a feature, provide generic feedback etc please see the guidelines for contributing in the tcpdump source tree root. Anonymous Git is available via https://github.com/the-tcpdump-group/tcpdump.git This directory contains source code for tcpdump, a tool for network monitoring and data acquisition. Over the past few years, tcpdump has been steadily improved by the excellent contributions from the Internet community (just browse through the change log ). We are grateful for all the input. Supported platforms In many operating systems tcpdump is available as a native package or port, which simplifies installation of updates and long-term maintenance. However, the native packages are sometimes a few versions behind and to try a more recent snapshot it will take to compile tcpdump from the source code. tcpdump compiles and"
platform/external/tensorflow,third_party,,androidbp,"Documentation TensorFlow is an end-to-end open source platform for machine learning. It has a comprehensive, flexible ecosystem of tools , libraries , and community resources that lets researchers push the state-of-the-art in ML and developers easily build and deploy ML-powered applications. TensorFlow was originally developed by researchers and engineers working on the Google Brain team within Google's Machine Intelligence Research organization to conduct machine learning and deep neural networks research. The system is general enough to be applicable in a wide variety of other domains, as well. TensorFlow provides stable Python and C++ APIs, as well as non-guaranteed backward compatible API for other languages . Keep up-to-date with release announcements and security updates by subscribing to announce@tensorflow.org . See all the mailing lists . Install See the TensorFlow install guide for the pip package , to enable GPU support , use a Docker container , and build from source . To i"
platform/external/tesseract,third_party,,,Tesseract Open Source OCR Engine
platform/external/testng,third_party,,androidbp,![Java9 EA Build Status](https://img.shields.io/jenkins/s/https/adopt-openjdk.ci.cloudbees.com/TestNG.svg?label=“Java9 EA”) ![Java9 Jigsaw EA Build Status](https://img.shields.io/jenkins/s/https/adopt-openjdk.ci.cloudbees.com/TestNG-Jigsaw.svg?label=“Java9 Jigsaw”) Documentation available at TestNG's main web site .
platform/external/tflite-support,third_party,,androidbp,"TensorFlow Lite Support TFLite Support is a toolkit that helps users to develop ML and deploy TFLite models onto mobile devices. It works cross-Platform and is supported on Java, C++ (WIP), and Swift (WIP). The TFLite Support project consists of the following major components: TFLite Support Library : a cross-platform library that helps to deploy TFLite models onto mobile devices. TFLite Model Metadata : (metadata populator and metadata extractor library): includes both human and machine readable information about what a model does and how to use the model. TFLite Support Codegen Tool : an executable that generates model wrapper automatically based on the Support Library and the metadata. TFLite Support Task Library : a flexible and ready-to-use library for common machine learning model types, such as classification and detection, client can also build their own native/Android/iOS inference API on Task Library infra. TFLite Support library serves different tiers of deployment requireme"
platform/external/third-party-review,third_party,,,Bug: 272281139
platform/external/threetenbp,third_party,,androidbp,"ThreeTen backport project JSR-310 provides a new date and time library for Java SE 8. This project is the backport to Java SE 6 and 7. See the main home page of the project. The backport is NOT an implementation of JSR-310, as that would require jumping through lots of unnecessary hoops. Instead, this is a simple backport intended to allow users to quickly use the JSR-310 API on Java SE 6 and 7. The backport should be referred to using the “ThreeTen” name. Active development on JSR-310 is at OpenJDK : This GitHub repository is a fork of that originally used to create JSR-310. That repository used the same BSD-3-Clause license as this repository. Issues about the backport should be reported here at GitHub. Pull requests and issues will only be considered so far as matching the behaviour of the real Java SE 8. Additional requested features will be rejected. Building This project builds using maven. Time-zone data The time-zone database is stored as a pre-compiled dat file that is include"
platform/external/timezone-boundary-builder,third_party,,,Timezone Boundary Builder The goal of this project is to produce a shapefile with the boundaries of the world's timezones using OpenStreetMap data. Shapefiles and data The shapefiles are available for download in this project's releases . As of release 2018d shapefiles are available with or without oceans. Each shape or geojson object has a single attribute or property respectively called tzid . The tzid corresponds to the timezone name as defined in the timezone database (for example: America/Los_Angeles or Asia/Shanghai ). This project aims to stay up-to-date with all of the currently valid timezones that are defined in the timezone database. This project also will attempt to provide the most accurate possible boundaries of timezones according to community input. The underlying data is downloaded from OpenStreetMap via the overpass turbo API . Various boundaries are assembled together to produce each zone with various geographic operations. In numerous edge cases arbitrary boundaries
platform/external/timezonepicker-support,third_party,,,
platform/external/tink,third_party,,androidbp,"Tink A multi-language, cross-platform library that provides cryptographic APIs that are secure, easy to use correctly, and hard(er) to misuse. See also: https://developers.google.com/tink . NOTE : Tink is moving! As part of our roadmap we are splitting Tink into multiple GitHub repositories that will be hosted at github.com/tink-crypto and will be independently versioned. Roughly, we are going to create one repository per language, library extension such as KMS (except Tink Python), and tools. A few important highlights: The migration will be done gradually over the course of 2023 with a new release from each of the new repositories. Releases will be announced in our mailing list . We will keep updating each implementation/tool in github.com/google/tink for a specified amount of time; migrated implementations/tools will eventually stop being updated on github.com/google/tink . The support window depends on the specific implementation, as shown in the table below. New issues and pull re"
platform/external/tink-java,third_party,,androidbp,"Tink Java Test GCP Ubuntu MacOS Bazel Maven N/A Using crypto in your application shouldn't have to feel like juggling chainsaws in the dark. Tink is a crypto library written by a group of cryptographers and security engineers at Google. It was born out of our extensive experience working with Google's product teams, fixing weaknesses in implementations , and providing simple APIs that can be used safely without needing a crypto background. Tink provides secure APIs that are easy to use correctly and hard(er) to misuse. It reduces common crypto pitfalls with user-centered design, careful implementation and code reviews, and extensive testing. At Google, Tink is one of the standard crypto libraries, and has been deployed in hundreds of products and systems. To get a quick overview of Tink's design please take a look at Tink's goals . The official documentation is available at https://developers.google.com/tink . Contact and mailing list If you want to contribute, please read CONTRIBUTING"
platform/external/tinyalsa,third_party,,androidbp,
platform/external/tinyalsa_new,third_party,,androidbp,"TinyALSA TinyALSA is a small library to interface with ALSA in the Linux kernel. The aims are: Provide a basic pcm and mixer API. If it‘s not absolutely needed, don’t add it to the API. Avoid supporting complex and unnecessary operations, that could be dealt with at a higher level. Provide comprehensive documentation. Building TinyALSA supports these build systems: CMake Make Meson Soong for Android To build and install with Make, run the commands: make sudo make install sudo ldconfig Installing TinyALSA is now available as a set of the following Debian packages from launchpad : Package Name: Description: tinyalsa Contains tinyplay, tinycap, tinymix and tinypcminfo libtinyalsa Contains the shared library libtinyalsa-dev Contains the static library and header files To install these packages, run the commands: sudo apt-add-repository ppa:taylorcholberton/tinyalsa sudo apt-get update sudo apt-get install tinyalsa sudo apt-get install libtinyalsa-dev Documentation Once installed, the man p"
platform/external/tinycompress,third_party,,androidbp,
platform/external/tinyobjloader,third_party,,,"tinyobjloader https://github.com/syoyo/tinyobjloader Tiny but powerful single file wavefront obj loader written in C++. No dependency except for C++ STL. It can parse over 10M polygons with moderate memory and time. tinyobjloader is good for embedding .obj loader to your (global illumination) renderer ;-) If you are looking for C89 version, please see https://github.com/syoyo/tinyobjloader-c . Notice! We have released new version v1.0.0 on 20 Aug, 2016. Old version is available v0.9.x branch https://github.com/syoyo/tinyobjloader/tree/v0.9.x What's new 20 Aug, 2016 : Bump version v1.0.0. New data structure and API! Old version Previous old version is avaiable in v0.9.x branch. Example tinyobjloader can successfully load 6M triangles Rungholt scene. http://casual-effects.com/data/index.html examples/viewer/ OpenGL .obj viewer examples/callback_api/ Callback API example examples/voxelize/ Voxelizer example Use case TinyObjLoader is successfully used in ... New version(v1.0.x) Double prec"
platform/external/tinyxml,third_party,,,
platform/external/tinyxml2,third_party,,androidbp,"TinyXML-2 TinyXML-2 is a simple, small, efficient, C++ XML parser that can be easily integrated into other programs. The master is hosted on github: https://github.com/leethomason/tinyxml2 The online HTML version of these docs: http://leethomason.github.io/tinyxml2/ Examples are in the “related pages” tab of the HTML docs. What it does. In brief, TinyXML-2 parses an XML document, and builds from that a Document Object Model (DOM) that can be read, modified, and saved. XML stands for “eXtensible Markup Language.” It is a general purpose human and machine readable markup language to describe arbitrary data. All those random file formats created to store application data can all be replaced with XML. One parser for everything. http://en.wikipedia.org/wiki/XML There are different ways to access and interact with XML data. TinyXML-2 uses a Document Object Model (DOM), meaning the XML data is parsed into a C++ objects that can be browsed and manipulated, and then written to disk or another o"
platform/external/tlsdate,third_party,,,
platform/external/toolchain-utils,third_party,,rust_dir,"toolchain-utils Various utilities used by the ChromeOS toolchain team. Note To run Python scripts in this directory, first run: export PYTHONPATH=$(readlink -f .):$PYTHONPATH from this directory. Then you can run any script. To get help on any script, type in python <script> --help , or refer to the header of the script for more information."
platform/external/toy,third_party,,,
platform/external/toybox,third_party,,androidbp,
platform/external/tpm2,third_party,,androidbp,
platform/external/tpm2-tss,third_party,,androidbp,"Overview This repository hosts source code implementing the Trusted Computing Group's (TCG) TPM2 Software Stack (TSS). This stack consists of the following layers from top to bottom: Feature API (FAPI) as described in the TSS 2.0 Feature API Specification along with TSS 2.0 JSON Data Types and Policy Language Specification This API is designed to be very high-level API, intended to make programming with the TPM as simple as possible. The API functions are exposed through a single library: libtss2-fapi. Enhanced System API (ESAPI) as described in the TSS 2.0 Enhanced System API (ESAPI) Specification . This API is a 1-to-1 mapping of the TPM2 commands documented in Part 3 of the TPM2 specification. Additionally there are asynchronous versions of each command. In addition to SAPI, the ESAPI performs tracking of meta data for TPM object and automatic calculation of session based authorization and encryption values. Both the synchronous and asynchronous API are exposed through a single libr"
platform/external/trace-cmd,third_party,,androidbp,Bug: 227522675
platform/external/trappy,third_party,,,TRAPpy TRAPpy (Trace Analysis and Plotting in Python) is a visualization tool to help analyze data generated on a device. It parses ftrace-like logs and creates in-memory data structures to be used for plotting and data analysis. Installation The following instructions are for Ubuntu 14.04 LTS but they should also work with Debian jessie. Older versions of Ubuntu or Debian (e.g. Ubuntu 12.04 or Debian wheezy) will likely require to install more packages from pip as the ones present in Ubuntu 12.04 or Debian wheezy will probably be too old. Required dependencies Install additional tools required for some tests and functionalities $ sudo apt install trace-cmd kernelshark Install the Python package manager $ sudo apt install python-pip python-dev Install required python packages $ sudo apt install libfreetype6-dev libpng12-dev python-nose $ sudo pip install numpy matplotlib pandas ipython[all] Install TRAPpy $ sudo pip install --upgrade trappy Quickstart Now launch the ipython notebook se
platform/external/tremolo,third_party,,androidbp,
platform/external/tremor,third_party,,,
platform/external/truth,third_party,,androidbp,"What is Truth? Truth makes your test assertions and failure messages more readable. Similar to AssertJ , it natively supports many JDK and Guava types, and it is extensible to others. Truth is owned and maintained by the Guava team. It is used in the majority of the tests in Google’s own codebase. Read more at the main website ."
platform/external/turbine,third_party,,androidbp,Turbine Turbine is a header compiler for Java.
platform/external/tz,third_party,,,Bug: 253084078
platform/external/u-boot,third_party,,,
platform/external/ublksrv,third_party,,androidbp,Bug: 376130584
platform/external/ukey2,third_party,,,Bug: 123365555
platform/external/unicode,third_party,,,
platform/external/universal-tween-engine,third_party,,,
platform/external/usb-ids,third_party,,,Bug: 414635660
platform/external/usrsctp,third_party,,androidbp,"usrsctp This is a userland SCTP stack supporting FreeBSD, Linux, Mac OS X and Windows. See manual for more information. The status of continuous integration testing is available from our Buildbot ."
platform/external/utf8proc,third_party,,,
platform/external/uwb,third_party,,"androidbp,rustfmt",Bug: 237676695
platform/external/v4l-utils,third_party,,androidbp,"v4l-utils Linux utilities and libraries to handle media devices (TV devices, capture devices, radio devices, remote controllers). You can always find the latest development v4l-utils in the git repo: http://git.linuxtv.org/v4l-utils.git . Those utilities follow the latest Linux Kernel media API, as documented at: http://linuxtv.org/downloads/v4l-dvb-apis/ . Any questions/remarks/patches can be sent to the linux-media mailinglist. See https://linuxtv.org/lists.php for more information about the mailinglist. There is also a wiki page for the v4l-utils: https://linuxtv.org/wiki/index.php/V4l-utils . Building v4l-utils uses the meson build system. A number of packages is required to fully build v4l-utils. The first step is to install those packages. The package names are different on each distro. On Debian and derivated distributions, you need to install the following packages with apt-get or aptitude : debhelper doxygen gcc git graphviz libasound2-dev libjpeg-dev libqt5opengl5-dev libudev"
platform/external/v4l2_codec2,third_party,,androidbp,"General Information Scope of this document This document is aimed to provide information about the v4l2_codec2 project. The target readers of this document are the developers and following maintainers of this project, and the partners who are willing to use the V4L2 components. Introduction v4l2_codec2 project provides a component implementation of Codec2 framework, the next-generation codec framework. The component implementation delegates the request to the driver via the V4L2 API. Quick Start Guide Prerequisites Gralloc support for graphic buffer allocation ION or Gralloc support for linear buffer allocation Kernel v5.3+ or this patch backported for buffer identification V4L2 stateful decoding API V4L2 encoding API Widevine DRM for secure playback Enable V4L2 Components Install the build package and files, and set the parameters in device.mk # Add the folder to the namespace. PRODUCT_SOONG_NAMESPACES += external / v4l2_codec2 # Add the build target. PRODUCT_PACKAGES += \ android . h"
platform/external/v8,third_party,,androidbp,"V8 JavaScript Engine V8 is Google's open source JavaScript engine. V8 implements ECMAScript as specified in ECMA-262. V8 is written in C++ and is used in Google Chrome, the open source browser from Google. V8 can run standalone, or can be embedded into any C++ application. V8 Project page: https://v8.dev/docs Getting the Code Checkout depot tools , and run fetch v8 This will checkout V8 into the directory v8 and fetch all of its dependencies. To stay up to date, run git pull origin gclient sync For fetching all branches, add the following into your remote configuration in .git/config : fetch = +refs/branch-heads/*:refs/remotes/branch-heads/* fetch = +refs/tags/*:refs/tags/* Contributing Please follow the instructions mentioned at v8.dev/docs/contribute ."
platform/external/valgrind,third_party,,,
platform/external/vboot_reference,third_party,,"androidbp,rust_dir",
platform/external/virglrenderer,third_party,,androidbp,Bug: 111504385
platform/external/virtio-media,third_party,,,"Virtio-media This is a virtio protocol definition, companion Linux guest kernel driver, and set of host-side devices for virtualizing media devices using virtio, following the same model (and structures) as V4L2. It can be used to virtualize cameras, codec devices, or any other device supported by V4L2. Want to try it? See the TRY_IT_OUT document . V4L2 is a UAPI that allows a less privileged entity (user-space) to use video hardware exposed by a more privileged entity (the kernel). Virtio-media is an encapsulation of this API into virtio, turning it into a virtualization API for all classes of video devices supported by V4L2, where the host plays the role of the kernel and the guest the role of user-space. The host is therefore responsible for presenting a virtual device that behaves like an actual V4L2 device, which the guest can control. This repository includes a simple guest Linux kernel module supporting this protocol. On the host side, devices can be implemented in several ways:"
platform/external/vixl,third_party,,androidbp,"VIXL: ARMv8 Runtime Code Generation Library 8.0.0 Contents: Overview Licence Requirements Known limitations Bug reports Usage Overview VIXL contains three components. Programmatic assemblers to generate A64, A32 or T32 code at runtime. The assemblers abstract some of the constraints of each ISA; for example, most instructions support any immediate. Disassemblers that can print any instruction emitted by the assemblers. A simulator that can simulate any instruction emitted by the A64 assembler. The simulator allows generated code to be run on another architecture without the need for a full ISA model. The VIXL git repository can be found on GitHub . Build and Test Status Simulator Native MacOS Licence This software is covered by the licence described in the LICENCE file. Contributions, as pull requests or via other means, are accepted under the terms of the same LICENCE . Requirements To build VIXL the following software is required: Python 3.5+ SCons 2.0 GCC 4.8+ or Clang 4.0+ A 64-bit"
platform/external/vkoverhead,third_party,,,Bug: 509273825
platform/external/vm_tools/p9,third_party,,,Bug: 171318426
platform/external/vogar,third_party,,androidbp,"Vogar Vogar is a generic code/test/benchmark runner tool for Android. It is primarily used to run libcore and art tests and benchmarks, however this tool can also run arbitrary Java files either on host or target device. Vogar supports multiple testing frameworks and configurations: Allows running JUnit tests, TestNG tests, jtreg tests, Caliper benchmarks or executable Java classes. It supports running fine-grained tests that can be specified with hash symbol, e.g. “com.android.Test#test”. Allows running tests and benchmarks using five available runtime modes: activity , app_process , device , host or jvm . Building and running First build it: With a minimal aosp/master-art tree: export SOONG_ALLOW_MISSING_DEPENDENCIES = true $ { ANDROID_BUILD_TOP }/ art / tools / buildbot - build . sh -- target With a full Android (AOSP) aosp/master tree: m vogar Features Vogar supports running tests and/or benchmarks (called “actions” below in the document) in five different modes (specified with --m"
platform/external/volk,third_party,,,Bug: 279043541
platform/external/volley,third_party,,androidbp,"Volley Volley is an HTTP library that makes networking for Android apps easier and, most importantly, faster. For more information about Volley and how to use it, visit the documentation page ."
platform/external/vtable-dumper,third_party,,,
platform/external/vulkan-headers,third_party,,androidbp,"Vulkan-Headers Vulkan header files and API registry This repository contains Vulkan header files, include files for C and C++, and related scripts and tests. Most of the files in this repository are sourced from, or generated from, other repositories as described in CONTRIBUTING.md . Vulkan-Headers exists as a staging area for these files, most of which are then consumed by downstream repositories used to build SDK components such as the Vulkan Validation Layers and Conformance Test Suite. Developers normally obtain headers from the official Vulkan-SDK . They can also use headers from, or packaged from, this repository. In most cases, developers should only need the headers, not the scripts and other material in this repository. If you need to run the scripts, please use them from their canonical source in the Vulkan Specification repository . Contributing See the CONTRIBUTING.md Building See BUILD.md SDK Support Vulkan-Headers are shipped as part of the official Vulkan-SDK C/C++ Packa"
platform/external/vulkan-tools,third_party,,,"Vulkan Ecosystem Components This project provides Khronos official Vulkan Tools and Utilities for Windows, Linux, Android, and MacOS. CI Build Status Platform Build Status Linux/Android Windows Introduction This project provides Vulkan tools and utilities that can assist development by enabling developers to verify their applications correct use of the Vulkan API. The following components are available in this repository: Mock ICD Vkcube and Vkcube++ Demo VulkanInfo Windows Runtime Contact Information Tobin Ehlis Mark Lobodzinski Information for Developing or Contributing: Please see the CONTRIBUTING.md file in this repository for more details. Please see the GOVERNANCE.md file in this repository for repository management details. How to Build and Run BUILD.md Includes directions for building all components as well as running the vkcube demo applications. Version Tagging Scheme Updates to the Vulkan-Tools repository which correspond to a new Vulkan specification release are tagged usin"
platform/external/vulkan-validation-layers,third_party,,,"Vulkan Ecosystem Components This project provides the Khronos official Vulkan validation layers for Windows, Linux, Android, and MacOS. CI Build Status Platform Build Status Linux/Android Windows Introduction Vulkan is an Explicit API, enabling direct control over how GPUs actually work. By design, minimal error checking is done inside a Vulkan driver. Applications have full control and responsibility for correct operation. Any errors in how Vulkan is used can result in a crash. This project provides Vulkan validation layers that can be enabled to assist development by enabling developers to verify their applications correct use of the Vulkan API. The following components are available in this repository: Validation Layers Tests Contact Information Tobin Ehlis Mark Lobodzinski Information for Developing or Contributing: Please see the CONTRIBUTING.md file in this repository for more details. Please see the GOVERNANCE.md file in this repository for repository management details. How to"
platform/external/walt,third_party,,,WALT Latency Timer DISCLAIMER: This is not an official Google product. Post about WALT on Android Developers Blog Instructional videos showing how to use WALT Detailed usage instructions Mailing list - walt-discuss Low-traffic mailing list for major announcements walt-announce WALT is designed to measure the latency of physical sensors and outputs on phones and computers. It can currently perform the following measurements: Tap latency - time from the moment a finger-like probe touches down (or up) on the screen until the kernel timestamps an ACTION_DOWN (or ACTION_UP) event. This physical contact with the screen is timed using an accelerometer mounted on the probe. Drag latency (scroll). Screen draw latency - using a photodiode that detects whether the screen is black or white. Audio output and microphone latencies . MIDI input and output latencies The WALT app for Android can be installed from Google Play or downloaded in the releases section ; the iOS app must be built from source.
platform/external/wayland,third_party,,androidbp,"Wayland Wayland is a project to define a protocol for a compositor to talk to its clients as well as a library implementation of the protocol. The compositor can be a standalone display server running on Linux kernel modesetting and evdev input devices, an X application, or a wayland client itself. The clients can be traditional applications, X servers (rootless or fullscreen) or other display servers. The wayland protocol is essentially only about input handling and buffer management. The compositor receives input events and forwards them to the relevant client. The clients creates buffers and renders into them and notifies the compositor when it needs to redraw. The protocol also handles drag and drop, selections, window management and other interactions that must go through the compositor. However, the protocol does not handle rendering, which is one of the features that makes wayland so simple. All clients are expected to handle rendering themselves, typically through cairo or Open"
platform/external/wayland-protocols,third_party,,androidbp,Bug: 111264136
platform/external/weave-common,third_party,,,"Weave Common code This repository will contain code common to Weave, uWeave, and the Android and iOS clients."
platform/external/webkit,third_party,,,
platform/external/webp,third_party,,androidbp,"WebP Codec __ __ ____ ____ ____ / \\/ \/ _ \/ _ )/ _ \ \ / __/ _ \ __/ \__\__/\____/\_____/__/ ____ ___ / _/ / \ \ / _ \/ _/ / \_/ / / \ \ __/ \__ \____/____/\_____/_____/____/v1.5.0 WebP codec is a library to encode and decode images in WebP format. This package contains the library that can be used in other programs to add WebP support, as well as the command line tools ‘cwebp’ and ‘dwebp’ to compress and decompress images respectively. See https://developers.google.com/speed/webp for details on the image format. The latest source tree is available at https://chromium.googlesource.com/webm/libwebp It is released under the same license as the WebM project. See https://www.webmproject.org/license/software/ or the “COPYING” file for details. An additional intellectual property rights grant can be found in the file PATENTS. Building See the building documentation . Encoding and Decoding Tools The examples/ directory contains tools to encode and decode images and animations, view informat"
platform/external/webrtc,third_party,google_origin,androidbp,"WebRTC is a free, open software project that provides browsers and mobile applications with Real-Time Communications (RTC) capabilities via simple APIs. The WebRTC components have been optimized to best serve this purpose. Our mission: To enable rich, high-quality RTC applications to be developed for the browser, mobile platforms, and IoT devices, and allow them all to communicate via a common set of protocols. The WebRTC initiative is a project supported by Google, Mozilla and Opera, amongst others. Development See here for instructions on how to get started developing with the native code. Authoritative list of directories that contain the native API header files. More info Official web site: http://www.webrtc.org Master source code repo: https://webrtc.googlesource.com/src Samples and reference apps: https://github.com/webrtc Mailing list: http://groups.google.com/group/discuss-webrtc Continuous build: https://ci.chromium.org/p/webrtc/g/ci/console Coding style guide Code of conduct"
platform/external/webrtc_legacy,third_party,,androidbp,"WebRTC is a free, open software project that provides browsers and mobile applications with Real-Time Communications (RTC) capabilities via simple APIs. The WebRTC components have been optimized to best serve this purpose. Our mission: To enable rich, high-quality RTC applications to be developed for the browser, mobile platforms, and IoT devices, and allow them all to communicate via a common set of protocols. The WebRTC initiative is a project supported by Google, Mozilla and Opera, amongst others. This page is maintained by the Google Chrome team. Development See http://www.webrtc.org/native-code/development for instructions on how to get started developing with the native code. More info Official web site: http://www.webrtc.org Master source code repo: https://chromium.googlesource.com/external/webrtc Samples and reference apps: https://github.com/webrtc Mailing list: http://groups.google.com/group/discuss-webrtc Continuous build: http://build.chromium.org/p/client.webrtc"
platform/external/webview_support_interfaces,third_party,,,Bug: 69806605
platform/external/wireless-regdb,third_party,,,Bug: 509273825
platform/external/wmediumd,third_party,,androidbp,"Introduction This is a wireless medium simulation tool for Linux, based on the netlink API implemented in the mac80211_hwsim kernel driver. Unlike the default in-kernel forwarding mode of mac80211_hwsim , wmediumd allows simulating frame loss and delay. This version is forked from an earlier version, hosted here: https://github.com/cozybit/wmediumd Prerequisites First, you need a recent Linux kernel with the mac80211_hwsim module available. If you do not have this module, you may be able to build it using the backports project . Wmediumd requires libnl3.0. Building cd wmediumd && make Using Wmediumd Starting wmediumd with an appropriate config file is enough to make frames pass through wmediumd: sudo modprobe mac80211_hwsim radios=2 sudo ./wmediumd/wmediumd -c tests/2node.cfg & # run some hwsim test However, please see the next section on some potential pitfalls. A complete example using network namespaces is given at the end of this document. Configuration Wmediumd supports multiple w"
platform/external/wpa_supplicant,third_party,,,
platform/external/wpa_supplicant_6,third_party,,,
platform/external/wpa_supplicant_8,third_party,,androidbp,
platform/external/wpantund,third_party,,,
platform/external/wuffs-mirror-release-c,third_party,,androidbp,"Wuffs Mirror (release/c) This repository mirrors a subset of the Wuffs (Wrangling Untrusted File Formats Safely) repository. Wuffs is both a programming language (Wuffs-the-language) and a standard library (Wuffs-the-library) written in that language. The Wuffs toolchain converts from Wuffs-the-language to C and Wuffs-the-library is available as a single C file - a header file library . People who just want to use Wuffs-the-library in its C form (instead of modifying its Wuffs form or otherwise needing Wuffs-the-language tools) only need that one C file. This repository's release/c directory contains that C file (at various versions). It mirrors the release/c directory of the original Wuffs repository (except for the “unsupported snapshot” version). By excluding everything else, this repository is much smaller and changes much less frequently. Updates This repository's release/c directory is manually updated by the script/sync.sh shell script, which also logs to sync.txt . Disclaimer T"
platform/external/wycheproof,third_party,,androidbp,"Project Wycheproof https://github.com/google/wycheproof Project Wycheproof is named after Mount Wycheproof , the smallest mountain in the world. The main motivation for the project is to have a goal that is achievable. The smaller the mountain the more likely it is to be able to climb it. Contents Introduction Coverage Usage Hall of Bugs Maintainers Contact and mailing list"
platform/external/x264,third_party,,,
platform/external/xdelta3,third_party,,,
platform/external/xerces-cpp,third_party,,,
platform/external/xmlrpcpp,third_party,,,
platform/external/xmlwriter,third_party,,,
platform/external/xmp_toolkit,third_party,,,
platform/external/xz-embedded,third_party,,androidbp,
platform/external/xz-java,third_party,,androidbp,Bug: 122833812
platform/external/yaffs2,third_party,,,
platform/external/yapf,third_party,,,"YAPF Introduction YAPF is a Python formatter based on clang-format (developed by Daniel Jasper). In essence, the algorithm takes the code and calculates the best formatting that conforms to the configured style. It takes away a lot of the drudgery of maintaining your code. The ultimate goal is that the code YAPF produces is as good as the code that a programmer would write if they were following the style guide. Note YAPF is not an official Google product (experimental or otherwise), it is just code that happens to be owned by Google. Installation To install YAPF from PyPI: $ pip install yapf YAPF is still considered in “beta” stage, and the released version may change often; therefore, the best way to keep up-to-date with the latest development is to clone this repository or install directly from github: $ pip install git + https :// github . com / google / yapf . git Note that if you intend to use YAPF as a command-line tool rather than as a library, installation is not necessary. YA"
platform/external/zlib,third_party,,androidbp,
platform/external/zlib-madler,third_party,,,Bug: 531046939
platform/external/zopfli,third_party,,androidbp,
platform/external/zstd,third_party,,androidbp,"Zstandard , or zstd as short version, is a fast lossless compression algorithm, targeting real-time compression scenarios at zlib-level and better compression ratios. It's backed by a very fast entropy stage, provided by Huff0 and FSE library . Zstandard's format is stable and documented in RFC8878 . Multiple independent implementations are already available. This repository represents the reference implementation, provided as an open-source dual BSD OR GPLv2 licensed C library, and a command line utility producing and decoding .zst , .gz , .xz and .lz4 files. Should your project require another programming language, a list of known ports and bindings is provided on Zstandard homepage . Development branch status: Benchmarks For reference, several fast compression algorithms were tested and compared on a desktop featuring a Core i7-9700K CPU @ 4.9GHz and running Ubuntu 20.04 ( Linux ubu20 5.15.0-101-generic ), using lzbench , an open-source in-memory benchmark by @inikep compiled with g"
platform/external/zucchini,third_party,,androidbp,"Basic Definitions for Patching Binary : Executable image and data. Binaries may persist in an archive (e.g., chrome.7z), and need to be periodically updated. Formats for binaries include {PE files EXE / DLL, ELF, DEX}. Architectures binaries include {x86, x64, ARM, AArch64, Dalvik}. A binary is also referred to as an executable or an image file. Patching : Sending a “new” file to clients who have an “old” file by computing and transmitting a “patch” that can be used to transform “old” into “new”. Patches are compressed for transmission. A key performance metric is patch size, which refers to the size of compressed patch file. For our experiments we use 7z. Patch generation : Computation of a “patch” from “old” and “new”. This can be expensive (e.g., ~15-20 min for Chrome, using 1 GB of RAM), but since patch generation is a run-once step on the server-side when releasing “new” binaries, the expense is not too critical. Patch application : Transformation from “old” binaries to “new”, usi"
platform/external/zxing,third_party,,androidbp,"Project in Maintenance Mode Only The project is in maintenance mode, meaning, changes are driven by contributed patches. Only bug fixes and minor enhancements will be considered. The Barcode Scanner app can no longer be published, so it's unlikely any changes will be accepted for it. There is otherwise no active development or roadmap for this project. It is “DIY”. Get Started Developing To get started, please visit: https://github.com/zxing/zxing/wiki/Getting-Started-Developing ZXing (“zebra crossing”) is an open-source, multi-format 1D/2D barcode image processing library implemented in Java, with ports to other languages. Supported Formats 1D product 1D industrial 2D UPC-A Code 39 QR Code UPC-E Code 93 Data Matrix EAN-8 Code 128 Aztec EAN-13 Codabar PDF 417 UPC/EAN Extension 2/5 ITF MaxiCode RSS-14 RSS-Expanded Components Active Module Description core The core image decoding library, and test code javase JavaSE-specific client code android Android client Barcode Scanner android-inte"
platform/frameworks/av,aosp,platform/frameworks,androidbp,
platform/frameworks/base,aosp,platform/frameworks,androidbp,Android framework classes and services
platform/frameworks/compile/libbcc,aosp,platform/frameworks,androidbp,
platform/frameworks/compile/linkloader,aosp,platform/frameworks,,
platform/frameworks/compile/llvm-ndk-cc,aosp,platform/frameworks,,
platform/frameworks/compile/mclinker,aosp,platform/frameworks,androidbp,
platform/frameworks/compile/slang,aosp,platform/frameworks,androidbp,
platform/frameworks/data,aosp,platform/frameworks,,
platform/frameworks/data-binding,aosp,platform/frameworks,androidbp,
platform/frameworks/ex,aosp,platform/frameworks,,
platform/frameworks/hardware/interfaces,aosp,platform/frameworks,androidbp,
platform/frameworks/janktesthelper,aosp,platform/frameworks,,
platform/frameworks/layoutlib,aosp,platform/frameworks,androidbp,
platform/frameworks/libs/binary_translation,aosp,platform/frameworks,androidbp,"Berberis Dynamic binary translator to run Android apps with riscv64 native code on x86_64 devices or emulators. Supported extensions include Zb* (bit manipulation) and most of Zv (vector). Some less commonly used vector instructions are not yet implemented, but Android CTS and some Android apps run with the current set of implemented instructions. Public mailing list: berberis-discuss@googlegroups.com Getting Started Note: Googlers, read go/berberis and go/berberis-start first. Build From your Android root checkout, run: source build/envsetup.sh lunch sdk_phone64_x86_64_riscv64-trunk_staging-eng m berberis_all For development, we recommend building all existing targets before uploading changes, since they are currently not always synchronized with berberis_all : mmm frameworks/libs/binary_translation Run Hello World out/host/linux-x86/bin/berberis_program_runner_riscv64 \ out/target/product/emu64xr/testcases/berberis_hello_world_static.native_bridge/x86_64/berberis_hello_world_static O"
platform/frameworks/libs/gsma_services,aosp,platform/frameworks,,Bug: 261786178
platform/frameworks/libs/modules-utils,aosp,platform/frameworks,androidbp,"frameworks/libs/modules-utils/ Libraries and utilities intended for use by module and framework code. Since modules use the code in this project, it must adhere to mainline requirements, for example, by setting min_sdk_version in Soong modules. Java code This project uses a single source path for Java code. All Java code should go in the java directory with subdirectories corresponding to the java package. Android.bp files should go alongside the java source files, and should only include java source for a single java package to encourage good code hygiene. Tests for java code should go in the javatests directory and follow the same structure."
platform/frameworks/libs/native_bridge_support,aosp,platform/frameworks,androidbp,Bug: 148637402
platform/frameworks/libs/net,aosp,platform/frameworks,,Bug: 142381467
platform/frameworks/libs/service_entitlement,aosp,platform/frameworks,androidbp,"Service Entitlement Service entitlement library exports the APIs for querying the service status, based on GSMA TS.43 spec. How to debug Log TAG to filter: ServiceEntitlement Enable logging the PII data: Grand the permission: adb root Enable by system property: adb shell setprop dbg . se . pii_loggable true NOTE Debug option only available on devices which is built as userdebug."
platform/frameworks/libs/systemui,aosp,platform/frameworks,androidbp,Bug: 142381467
platform/frameworks/media/libvideoeditor,aosp,platform/frameworks,,
platform/frameworks/mff,aosp,platform/frameworks,,
platform/frameworks/minikin,aosp,platform/frameworks,"androidbp,rust_dir",
platform/frameworks/ml,aosp,platform/frameworks,,
platform/frameworks/multidex,aosp,platform/frameworks,androidbp,
platform/frameworks/native,aosp,platform/frameworks,"androidbp,rustfmt",
platform/frameworks/opt/bitmap,aosp,platform/frameworks,androidbp,
platform/frameworks/opt/bluetooth,aosp,platform/frameworks,,
platform/frameworks/opt/calendar,aosp,platform/frameworks,androidbp,
platform/frameworks/opt/car/services,aosp,platform/frameworks,,Bug: 72656027
platform/frameworks/opt/car/setupwizard,aosp,platform/frameworks,,Bug: 111264136
platform/frameworks/opt/carddav,aosp,platform/frameworks,,CardDAV library
platform/frameworks/opt/chips,aosp,platform/frameworks,androidbp,
platform/frameworks/opt/colorpicker,aosp,platform/frameworks,androidbp,
platform/frameworks/opt/com.google.android,aosp,platform/frameworks,,
platform/frameworks/opt/com.google.android.googlelogin,aosp,platform/frameworks,,
platform/frameworks/opt/datetimepicker,aosp,platform/frameworks,androidbp,
platform/frameworks/opt/emoji,aosp,platform/frameworks,,
platform/frameworks/opt/gamedevicets,aosp,platform/frameworks,,Bug: 150011951
platform/frameworks/opt/gamesdk,aosp,platform/frameworks,,"Android Game Development Kit (AGDK) Integrating the AGDK libraries in your game Unless you need to compile AGDK from sources, it's recommended that you use the package with the pre-compiled library. You can download it on https://developer.android.com/games/agdk . Build AGDK In order to build AGDK, this project must be initialized using the repo tool . On Windows , we recommend running all commands involving repo with Git Bash, and setting git config --global core.symlinks true to avoid issues with symlinks. mkdir android - games - sdk cd android - games - sdk repo init - u https :// android . googlesource . com / platform / manifest - b android - games - sdk Build with locally installed SDK/NDK If the Android SDK is already installed locally, then download only the AGDK source and build tools (~500Mb). repo sync - c - j8 gamesdk repo sync - c - j8 external / modp_b64 external / googletest external / nanopb - c external / protobuf external / StatsD tools / repohooks repo sync - c - j8"
platform/frameworks/opt/inputconnectioncommon,aosp,platform/frameworks,,
platform/frameworks/opt/inputmethodcommon,aosp,platform/frameworks,androidbp,
platform/frameworks/opt/localepicker,aosp,platform/frameworks,androidbp,Bug: 162952352
platform/frameworks/opt/mailcommon,aosp,platform/frameworks,,
platform/frameworks/opt/mms,aosp,platform/frameworks,,
platform/frameworks/opt/net/ethernet,aosp,platform/frameworks,,
platform/frameworks/opt/net/ike,aosp,platform/frameworks,androidbp,IKEv2 Library for Android Introduction This IKEv2 library is an in-process client library implementing the IKEv2 protocol as well as extensions necessary for the support of IWLAN. It is designed to work in a non-privileged fashion on top of the Android IPsec API surface.
platform/frameworks/opt/net/ims,aosp,platform/frameworks,androidbp,
platform/frameworks/opt/net/lowpan,aosp,platform/frameworks,,
platform/frameworks/opt/net/voip,aosp,platform/frameworks,androidbp,
platform/frameworks/opt/net/wifi,aosp,platform/frameworks,,
platform/frameworks/opt/photoviewer,aosp,platform/frameworks,androidbp,
platform/frameworks/opt/setupwizard,aosp,platform/frameworks,,
platform/frameworks/opt/sherpa,aosp,platform/frameworks,,
platform/frameworks/opt/telephony,aosp,platform/frameworks,androidbp,
platform/frameworks/opt/timezonepicker,aosp,platform/frameworks,androidbp,
platform/frameworks/opt/tv/tvsystem,aosp,platform/frameworks,androidbp,Bug: 162952352
platform/frameworks/opt/vcard,aosp,platform/frameworks,androidbp,
platform/frameworks/opt/widget,aosp,platform/frameworks,,
platform/frameworks/policies/base,aosp,platform/frameworks,,
platform/frameworks/proto_logging,aosp,platform/frameworks,,Bug: 143080132
platform/frameworks/rs,aosp,platform/frameworks,androidbp,
platform/frameworks/support,aosp,platform/frameworks,,This branch of this repository is no longer in use. See the androidx-master-dev branch instead.
platform/frameworks/support-golden,aosp,platform/frameworks,,Bug: 151081578
platform/frameworks/testing,aosp,platform/frameworks,,
platform/frameworks/uiautomator,aosp,platform/frameworks,,
platform/frameworks/volley,aosp,platform/frameworks,,
platform/frameworks/webview,aosp,platform/frameworks,,
platform/frameworks/wilhelm,aosp,platform/frameworks,androidbp,
platform/gdk,aosp,platform/gdk,,
platform/hardware/akm,aosp,platform/hardware,,
platform/hardware/broadcom/libbt,aosp,platform/hardware,,
platform/hardware/broadcom/wlan,aosp,platform/hardware,,
platform/hardware/bsp/bootloader/intel/edison-u-boot,aosp,platform/hardware,,
platform/hardware/bsp/bootloader/nxp/uboot-imx,aosp,platform/hardware,,
platform/hardware/bsp/bootloader/rockchip/rk-u-boot,aosp,platform/hardware,,Bug: 120215675
platform/hardware/bsp/broadcom,aosp,platform/hardware,,
platform/hardware/bsp/freescale,aosp,platform/hardware,,b/26753464
platform/hardware/bsp/imagination,aosp,platform/hardware,,b/26880144
platform/hardware/bsp/intel,aosp,platform/hardware,,
platform/hardware/bsp/kernel/common/v4.1,aosp,platform/hardware,,b/25498721
platform/hardware/bsp/kernel/common/v4.4,aosp,platform/hardware,,b/26494856
platform/hardware/bsp/kernel/freescale,aosp,platform/hardware,,b/26753464
platform/hardware/bsp/kernel/freescale/picoimx-3.14,aosp,platform/hardware,,b/27069028
platform/hardware/bsp/kernel/imagination/v4.1,aosp,platform/hardware,,b/26880144
platform/hardware/bsp/kernel/intel,aosp,platform/hardware,,
platform/hardware/bsp/kernel/intel/broxton-v4.4,aosp,platform/hardware,,
platform/hardware/bsp/kernel/intel/edison-v3.10,aosp,platform/hardware,,b/26729373
platform/hardware/bsp/kernel/intel/edison-v4.4,aosp,platform/hardware,,
platform/hardware/bsp/kernel/intel/minnowboard-v3.14,aosp,platform/hardware,,b/26729373
platform/hardware/bsp/kernel/marvell,aosp,platform/hardware,,b/26407117
platform/hardware/bsp/kernel/marvell/pxa-v3.14,aosp,platform/hardware,,b/26821295
platform/hardware/bsp/kernel/mediatek/mt8516-v4.4,aosp,platform/hardware,,Bug: 109818743
platform/hardware/bsp/kernel/nxp/imx-v4.1,aosp,platform/hardware,,
platform/hardware/bsp/kernel/nxp/imx-v4.9,aosp,platform/hardware,,Bug: 69930933
platform/hardware/bsp/kernel/qcom,aosp,platform/hardware,,
platform/hardware/bsp/kernel/qcom/qcom-msm-v3.10,aosp,platform/hardware,,b/26821820
platform/hardware/bsp/kernel/qcom/qcom-msm-v4.9,aosp,platform/hardware,,Bug: 117617496
platform/hardware/bsp/kernel/qcom/qcom-msm8x09-v3.10,aosp,platform/hardware,,Bug: 78661516
platform/hardware/bsp/kernel/qcom/qcom-msm8x53-v3.18,aosp,platform/hardware,,Bug: 117617496
platform/hardware/bsp/kernel/raspberrypi/pi-v4.1,aosp,platform/hardware,,b/28018813
platform/hardware/bsp/kernel/raspberrypi/pi-v4.4,aosp,platform/hardware,,
platform/hardware/bsp/kernel/rockchip,aosp,platform/hardware,,b/26753464
platform/hardware/bsp/kernel/rockchip/rk-v4.4,aosp,platform/hardware,,Bug: 120215675
platform/hardware/bsp/marvell,aosp,platform/hardware,,b/26407117
platform/hardware/bsp/qcom,aosp,platform/hardware,,
platform/hardware/bsp/rockchip,aosp,platform/hardware,,b/26753464
platform/hardware/generic/goldfish,aosp,platform/hardware,,Bug: 310034153
platform/hardware/google,aosp,platform/hardware,,
platform/hardware/google/aemu,aosp,platform/hardware,androidbp,"AEMU library This is an utility library for common functions used in the Android Emulator. External projects (gfxstream, QEMU) may use to perform C++ functions."
platform/hardware/google/apf,aosp,platform/hardware,androidbp,
platform/hardware/google/atv/refDesignRcu/atmosic,aosp,platform/hardware,,Bug: 262583348
platform/hardware/google/atv/refDesignRcu/realtek,aosp,platform/hardware,,Bug: 262583348
platform/hardware/google/atv/refDesignRcu/telink,aosp,platform/hardware,,Bug: 262583348
platform/hardware/google/av,aosp,platform/hardware,androidbp,Bug: 74364101
platform/hardware/google/camera,aosp,platform/hardware,androidbp,Bug: 162952352
platform/hardware/google/display/common,aosp,platform/hardware,,Bug: 372344643
platform/hardware/google/easel,aosp,platform/hardware,,
platform/hardware/google/gchips,aosp,platform/hardware,androidbp,Bug: 201551519
platform/hardware/google/gfxstream,aosp,platform/hardware,androidbp,Graphics Streaming Kit (formerly: Vulkan Cereal) Graphics Streaming Kit (colloquially known as Gfxstream) is a code generator that makes it easier to serialize and forward graphics API calls from one place to another: From a virtual machine guest to host for virtualized graphics From one process to another for IPC graphics From one computer to another via network sockets Build: Linux The latest directions for the standalone Linux build are provided here . Build: Windows Make sure the latest CMake is installed. Make sure Visual Studio 2019 is installed on your system along with all the Clang C++ toolchain components. Then: mkdir build cd build cmake . ../ -A x64 -T ClangCL A solution file should be generated. Then open the solution file in Visual studio and build the gfxstream_backend target. Build: Android for host Be in the Android build system. Then: m libgfxstream_backend It then ends up in out/host This also builds for Android on-device. Output artifacts libgfxstream_backend.(dll|s
platform/hardware/google/graphics/common,aosp,platform/hardware,androidbp,Bug: 201551519
platform/hardware/google/graphics/gs101,aosp,platform/hardware,androidbp,Bug: 201551519
platform/hardware/google/graphics/gs201,aosp,platform/hardware,androidbp,Bug: 244231765
platform/hardware/google/graphics/zuma,aosp,platform/hardware,androidbp,Bug: 299982256
platform/hardware/google/graphics/zumapro,aosp,platform/hardware,androidbp,Bug: 343227137
platform/hardware/google/interfaces,aosp,platform/hardware,androidbp,Bug: 72879006
platform/hardware/google/pixel,aosp,platform/hardware,androidbp,Bug: 115686814
platform/hardware/google/pixel-sepolicy,aosp,platform/hardware,,Bug: 143720201
platform/hardware/google/trusty,aosp,platform/hardware,,Bug: 234928363
platform/hardware/intel/audio_media,aosp,platform/hardware,,
platform/hardware/intel/bootstub,aosp,platform/hardware,,
platform/hardware/intel/common/bd_prov,aosp,platform/hardware,,
platform/hardware/intel/common/libmix,aosp,platform/hardware,,
platform/hardware/intel/common/libstagefrighthw,aosp,platform/hardware,,
platform/hardware/intel/common/libva,aosp,platform/hardware,,
platform/hardware/intel/common/libwsbm,aosp,platform/hardware,,
platform/hardware/intel/common/omx-components,aosp,platform/hardware,,
platform/hardware/intel/common/utils,aosp,platform/hardware,,
platform/hardware/intel/common/wrs_omxil_core,aosp,platform/hardware,,
platform/hardware/intel/img/hwcomposer,aosp,platform/hardware,,
platform/hardware/intel/img/libdrm,aosp,platform/hardware,,
platform/hardware/intel/img/psb_headers,aosp,platform/hardware,,
platform/hardware/intel/img/psb_video,aosp,platform/hardware,,
platform/hardware/intel/sensors,aosp,platform/hardware,,
platform/hardware/interfaces,aosp,platform/hardware,androidbp,
platform/hardware/invensense,aosp,platform/hardware,,
platform/hardware/knowles/athletico/sound_trigger_hal,aosp,platform/hardware,androidbp,Bug: 141248619
platform/hardware/libhardware,aosp,platform/hardware,androidbp,hardware abstraction library
platform/hardware/libhardware_legacy,aosp,platform/hardware,androidbp,
platform/hardware/marvell/bt,aosp,platform/hardware,,
platform/hardware/mediatek,aosp,platform/hardware,,
platform/hardware/msm7k,aosp,platform/hardware,,msm7k hardware glue
platform/hardware/nvidia/audio,aosp,platform/hardware,,
platform/hardware/nvidia/tegra124,aosp,platform/hardware,,
platform/hardware/nxp/keymint,aosp,platform/hardware,androidbp,Bug: 244369531
platform/hardware/nxp/nfc,aosp,platform/hardware,androidbp,Bug: 68716290
platform/hardware/nxp/nxp_mcu_loader,aosp,platform/hardware,,Bug: 509273825
platform/hardware/nxp/secure_element,aosp,platform/hardware,androidbp,Bug: 71703242
platform/hardware/nxp/uwb,aosp,platform/hardware,androidbp,Bug: 261458536
platform/hardware/nxp/weaver,aosp,platform/hardware,androidbp,Bug: 244369531
platform/hardware/qcom/audio,aosp,platform/hardware,,
platform/hardware/qcom/bootctrl,aosp,platform/hardware,androidbp,
platform/hardware/qcom/bt,aosp,platform/hardware,,
platform/hardware/qcom/camera,aosp,platform/hardware,,
platform/hardware/qcom/data/ipacfg-mgr,aosp,platform/hardware,,
platform/hardware/qcom/display,aosp,platform/hardware,androidbp,
platform/hardware/qcom/gps,aosp,platform/hardware,,
platform/hardware/qcom/keymaster,aosp,platform/hardware,,
platform/hardware/qcom/media,aosp,platform/hardware,,
platform/hardware/qcom/msm8960,aosp,platform/hardware,,
platform/hardware/qcom/msm8994,aosp,platform/hardware,,
platform/hardware/qcom/msm8996,aosp,platform/hardware,,
platform/hardware/qcom/msm8998,aosp,platform/hardware,androidbp,
platform/hardware/qcom/msm8x09,aosp,platform/hardware,,
platform/hardware/qcom/msm8x26,aosp,platform/hardware,,
platform/hardware/qcom/msm8x27,aosp,platform/hardware,,
platform/hardware/qcom/msm8x74,aosp,platform/hardware,,
platform/hardware/qcom/msm8x84,aosp,platform/hardware,,
platform/hardware/qcom/neuralnetworks/hvxservice,aosp,platform/hardware,androidbp,Bug: 72567981
platform/hardware/qcom/power,aosp,platform/hardware,,
platform/hardware/qcom/sdm710/data/ipacfg-mgr,aosp,platform/hardware,,Bug: 131691077
platform/hardware/qcom/sdm710/display,aosp,platform/hardware,androidbp,Bug: 131691077
platform/hardware/qcom/sdm710/gps,aosp,platform/hardware,,Bug: 131691077
platform/hardware/qcom/sdm710/media,aosp,platform/hardware,,Bug: 131691077
platform/hardware/qcom/sdm710/thermal,aosp,platform/hardware,,Bug: 131691077
platform/hardware/qcom/sdm710/vr,aosp,platform/hardware,,Bug: 131691077
platform/hardware/qcom/sdm845/bt,aosp,platform/hardware,,Bug: 115885826
platform/hardware/qcom/sdm845/data/ipacfg-mgr,aosp,platform/hardware,,Bug: 115885826
platform/hardware/qcom/sdm845/display,aosp,platform/hardware,androidbp,Bug: 115885826
platform/hardware/qcom/sdm845/gps,aosp,platform/hardware,,Bug: 115885826
platform/hardware/qcom/sdm845/media,aosp,platform/hardware,,Bug: 115885826
platform/hardware/qcom/sdm845/thermal,aosp,platform/hardware,,Bug: 115885826
platform/hardware/qcom/sdm845/vr,aosp,platform/hardware,,Bug: 115885826
platform/hardware/qcom/sensors,aosp,platform/hardware,,
platform/hardware/qcom/sm7150/display,aosp,platform/hardware,androidbp,Bug: 160260413
platform/hardware/qcom/sm7150/gps,aosp,platform/hardware,,Bug: 160260413
platform/hardware/qcom/sm7150/media,aosp,platform/hardware,,Bug: 160260413
platform/hardware/qcom/sm7150/vr,aosp,platform/hardware,,Bug: 160260413
platform/hardware/qcom/sm7250/display,aosp,platform/hardware,androidbp,Bug: 167236823
platform/hardware/qcom/sm7250/gps,aosp,platform/hardware,androidbp,Bug: 167236823
platform/hardware/qcom/sm7250/media,aosp,platform/hardware,,Bug: 167236823
platform/hardware/qcom/sm8150/data/ipacfg-mgr,aosp,platform/hardware,androidbp,Bug: 141248619
platform/hardware/qcom/sm8150/display,aosp,platform/hardware,androidbp,Bug: 141248619
platform/hardware/qcom/sm8150/gps,aosp,platform/hardware,androidbp,Bug: 141248619
platform/hardware/qcom/sm8150/media,aosp,platform/hardware,,Bug: 141248619
platform/hardware/qcom/sm8150/thermal,aosp,platform/hardware,,Bug: 141248619
platform/hardware/qcom/sm8150/vr,aosp,platform/hardware,,Bug: 141248619
platform/hardware/qcom/sm8150p/gps,aosp,platform/hardware,,Bug: 162952352
platform/hardware/qcom/wlan,aosp,platform/hardware,androidbp,
platform/hardware/ril,aosp,platform/hardware,androidbp,radio interface layer
platform/hardware/samsung/nfc,aosp,platform/hardware,androidbp,Bug: 179437419
platform/hardware/samsung_slsi/exynos5,aosp,platform/hardware,,
platform/hardware/sdv/interfaces,aosp,platform/hardware,,Bug: 509273825
platform/hardware/st/nfc,aosp,platform/hardware,androidbp,HAL st21nfc HAL
platform/hardware/st/secure_element,aosp,platform/hardware,androidbp,Bug: 118491577
platform/hardware/st/secure_element2,aosp,platform/hardware,androidbp,Bug: 146473949
platform/hardware/synaptics/wlan,aosp,platform/hardware,,Bug: 226894942
platform/hardware/telink/atv/refDesignRcu,aosp,platform/hardware,,Bug: 153349145
platform/hardware/ti/am57x,aosp,platform/hardware,androidbp,Bug: 111362717
platform/hardware/ti/omap3,aosp,platform/hardware,,
platform/hardware/ti/omap4-aah,aosp,platform/hardware,,
platform/hardware/ti/omap4xxx,aosp,platform/hardware,,
platform/hardware/ti/wlan,aosp,platform/hardware,,
platform/hardware/ti/wpan,aosp,platform/hardware,,
platform/libcore,aosp,platform/libcore,androidbp,Android Core Library Existing open bugs File a new bug File a new public bug Import files from OpenJDK Add nullability annotations Run benchmark tests
platform/libcore-snapshot,aosp,platform/libcore-snapshot,,
platform/libcore2,aosp,platform/libcore2,,
platform/libnativehelper,aosp,platform/libnativehelper,androidbp,"libnativehelper libnativehelper is a collection of JNI related utilities used in Android. There are several header and binary libraries here and not all of the functionality fits together well. The header libraries are mostly C++ based. The binary libraries are entirely written in C with no C++ dependencies. This is by design as the code here can be distributed in multiple ways, including mainline modules, so keeping the size down benefits everyone with smaller downloads and a stable ABI. Header Libraries jni_headers This is a header library that provides the API in the JNI Specification 1.6. Any project in Android that includes jni.h should depend on this. See: jni.h libnativehelper_header_only Header library that provide utilities defined entirely within the headers. There are scoped resource classes that make common JNI patterns of acquiring and releasing resources safer to use than the JNI specification equivalents. Examples being ScopedLocalRef to manage the lifetime of local refe"
platform/manifest,meta,,,Android Platform Manifest
platform/media/cts,aosp,platform/media,,Bug: 177363648
platform/motodev,aosp,platform/motodev,,
platform/ndk,aosp,platform/ndk,,"Android Native Development Kit (NDK) The latest version of this document is available at https://android.googlesource.com/platform/ndk/+/mirror-goog-main-ndk/README.md . Note: This document is for developers of the NDK, not developers that use the NDK. The NDK allows Android application developers to include native code in their Android application packages, compiled as JNI shared libraries. To navigate this site, use the navigation bar at the top of the page. For additional documentation, see the listing for the docs directory . If you're not sure where to start, the Onboarding page will guide you. Contents Other Resources"
platform/packages/apps/AccountsAndSyncSettings,aosp,platform/packages,,
platform/packages/apps/AlarmClock,aosp,platform/packages,,
platform/packages/apps/AvatarPicker,aosp,platform/packages,androidbp,Bug: 335805767
platform/packages/apps/BasicSmsReceiver,aosp,platform/packages,androidbp,
platform/packages/apps/Benchmark,aosp,platform/packages,,
platform/packages/apps/Bluetooth,aosp,platform/packages,androidbp,
platform/packages/apps/Browser,aosp,platform/packages,,
platform/packages/apps/Browser2,aosp,platform/packages,androidbp,
platform/packages/apps/Calculator,aosp,platform/packages,,Obsolete - functionality now provided by platform/packages/apps/ExactCalculator
platform/packages/apps/Calendar,aosp,platform/packages,androidbp,
platform/packages/apps/Camera,aosp,platform/packages,,
platform/packages/apps/Camera2,aosp,platform/packages,androidbp,
platform/packages/apps/Car/BugReport,aosp,platform/packages,,Bug: 329523851
platform/packages/apps/Car/BugReportPrebuilt,aosp,platform/packages,,Bug: 329523851
platform/packages/apps/Car/Calendar,aosp,platform/packages,androidbp,Car Calendar App Open Source reference application for viewing calendar events on Android Automotive OS. Build and install m - j CarCalendarApp adb install - r $ { out }/ system / app / CarCalendarApp / CarCalendarApp . apk
platform/packages/apps/Car/CalendarPrebuilt,aosp,platform/packages,,Bug: 298678826
platform/packages/apps/Car/Cluster,aosp,platform/packages,,Bug: 132732686
platform/packages/apps/Car/CompanionDeviceSupport,aosp,platform/packages,,Bug: 155771477
platform/packages/apps/Car/Dashcam,aosp,platform/packages,,Bug: 396212872
platform/packages/apps/Car/DataSubscriptionReference,aosp,platform/packages,androidbp,Bug: 357762254
platform/packages/apps/Car/DebuggingRestrictionController,aosp,platform/packages,androidbp,Bug: 199275786
platform/packages/apps/Car/Dialer,aosp,platform/packages,androidbp,
platform/packages/apps/Car/DialerPrebuilt,aosp,platform/packages,androidbp,Bug: 243413954
platform/packages/apps/Car/DriverUI,aosp,platform/packages,,Bug: 303654726
platform/packages/apps/Car/DriverUIPrebuilt,aosp,platform/packages,,Bug: 3073316
platform/packages/apps/Car/Hvac,aosp,platform/packages,androidbp,
platform/packages/apps/Car/LatinIME,aosp,platform/packages,androidbp,
platform/packages/apps/Car/Launcher,aosp,platform/packages,androidbp,Bug: 73667092
platform/packages/apps/Car/LensPicker,aosp,platform/packages,androidbp,
platform/packages/apps/Car/LinkViewer,aosp,platform/packages,androidbp,Bug: 139309277
platform/packages/apps/Car/LocalMediaPlayer,aosp,platform/packages,androidbp,
platform/packages/apps/Car/Media,aosp,platform/packages,androidbp,
platform/packages/apps/Car/MediaPrebuilt,aosp,platform/packages,androidbp,Bug: 243413954
platform/packages/apps/Car/Messenger,aosp,platform/packages,androidbp,
platform/packages/apps/Car/MessengerPrebuilt,aosp,platform/packages,androidbp,Bug: 243413954
platform/packages/apps/Car/MultiDisplay,aosp,platform/packages,,Bug: 242786972
platform/packages/apps/Car/Notification,aosp,platform/packages,androidbp,"Owner: Adora Zhang
Bug: 109938698"
platform/packages/apps/Car/Overview,aosp,platform/packages,,
platform/packages/apps/Car/Provision,aosp,platform/packages,androidbp,Bug: 170686931
platform/packages/apps/Car/Radio,aosp,platform/packages,androidbp,
platform/packages/apps/Car/RadioPrebuilt,aosp,platform/packages,androidbp,Bug: 335514862
platform/packages/apps/Car/References,aosp,platform/packages,,Bug: 303853688
platform/packages/apps/Car/RotaryController,aosp,platform/packages,androidbp,"Car rotary service Building make CarRotaryController -j64 Enable/disable RotaryService To enable, run: adb shell settings put secure enabled_accessibility_services com.android.car.rotary/com.android.car.rotary.RotaryService To disable, run: adb shell settings delete secure enabled_accessibility_services Inject events Inject RotaryEvent To rotate the controller counter-clockwise, run: adb shell cmd car_service inject-rotary For clockwise, run: adb shell cmd car_service inject-rotary -c true To rotate the controller multiple times (100 ms ago and 50 ms ago), run: adb shell cmd car_service inject-rotary -dt 100 50 Inject KeyEvent To nudge the controller up, run: adb shell cmd car_service inject-key 280 Use KeyCode 280 for nudge up, 281 for nudge down, 282 for nudge left, 283 for nudge right. To click the controller center button, run: adb shell cmd car_service inject-key 23 To long click the controller center button, send down and up action seperately. For example: adb shell cmd car_servi"
platform/packages/apps/Car/RotaryImePrebuilt,aosp,platform/packages,,Bug: 378553259
platform/packages/apps/Car/SensitiveAppLock,aosp,platform/packages,,Bug: 459539041
platform/packages/apps/Car/Settings,aosp,platform/packages,androidbp,
platform/packages/apps/Car/SettingsIntelligence,aosp,platform/packages,androidbp,Bug: 199275786
platform/packages/apps/Car/Stream,aosp,platform/packages,,
platform/packages/apps/Car/SystemUI,aosp,platform/packages,androidbp,Bug: 199275786
platform/packages/apps/Car/SystemUpdater,aosp,platform/packages,androidbp,
platform/packages/apps/Car/Templates,aosp,platform/packages,,Bug: 176937819
platform/packages/apps/Car/TemplatesPrebuilt,aosp,platform/packages,,Bug: 509273825
platform/packages/apps/Car/UserManagement,aosp,platform/packages,,
platform/packages/apps/Car/VoiceControl,aosp,platform/packages,,Bug: 342412470
platform/packages/apps/Car/externallibs,aosp,platform/packages,,Bug: 139309277
platform/packages/apps/Car/libs,aosp,platform/packages,,
platform/packages/apps/Car/systemlibs,aosp,platform/packages,,
platform/packages/apps/Car/tests,aosp,platform/packages,,"Car test apps This repository is only for car test applications. They can be unbundled from Android devices. Prerequisites You need to build or have a car-ui-lib aar ready first if to build test apps on Android Studio. android-10.0.0_r30 is a release tag placeholder in this doc, you should replace the one you need. Building There are 3 ways to get the source. Pick one works better for you. A: Download tgz from the source if no plan to contribue. B: Repo workflow, see workstation setup . C: Git workflow, e.g. git clone -b $BRANCH https://android.googlesource.com/platform/packages/apps/Car/tests cd tests f=`git rev-parse --git-dir`/hooks/commit-msg ; mkdir -p $(dirname $f) ; curl -Lo $f https://gerrit-review.googlesource.com/tools/hooks/commit-msg ; chmod +x $f To learn more, checkout Basic Gerrit Walkthrough . See tools/git_clone_projects.sh as an example to get both Car/libs and tests projects. Install Android Studio , open the tests project by Android Studio and do your magic. You wil"
platform/packages/apps/CarrierConfig,aosp,platform/packages,androidbp,
platform/packages/apps/CellBroadcastReceiver,aosp,platform/packages,androidbp,
platform/packages/apps/CertInstaller,aosp,platform/packages,androidbp,
platform/packages/apps/Contacts,aosp,platform/packages,androidbp,"UI for the Contacts, Call log, and Dialer applications"
platform/packages/apps/ContactsCommon,aosp,platform/packages,,
platform/packages/apps/ContactsPicker,aosp,platform/packages,,Bug: 457231668
platform/packages/apps/DeskClock,aosp,platform/packages,androidbp,
platform/packages/apps/DevCamera,aosp,platform/packages,androidbp,
platform/packages/apps/DeviceDiagnostics,aosp,platform/packages,,Bug: 370754696
platform/packages/apps/Dialer,aosp,platform/packages,androidbp,
platform/packages/apps/DocumentsUI,aosp,platform/packages,androidbp,
platform/packages/apps/Email,aosp,platform/packages,,
platform/packages/apps/EmergencyInfo,aosp,platform/packages,androidbp,
platform/packages/apps/ExactCalculator,aosp,platform/packages,,
platform/packages/apps/Exchange,aosp,platform/packages,,
platform/packages/apps/EyeDropper,aosp,platform/packages,,Bug: 436095022
platform/packages/apps/FMRadio,aosp,platform/packages,,
platform/packages/apps/Gallery,aosp,platform/packages,androidbp,
platform/packages/apps/Gallery2,aosp,platform/packages,androidbp,
platform/packages/apps/Gallery3D,aosp,platform/packages,,
platform/packages/apps/GlobalSearch,aosp,platform/packages,,
platform/packages/apps/GoogleSearch,aosp,platform/packages,,
platform/packages/apps/HTMLViewer,aosp,platform/packages,androidbp,
platform/packages/apps/IM,aosp,platform/packages,,
platform/packages/apps/IdentityCredentialSupport,aosp,platform/packages,,Bug: 133158630
platform/packages/apps/ImsServiceEntitlement,aosp,platform/packages,androidbp,Bug: 174054833
platform/packages/apps/InCallUI,aosp,platform/packages,,
platform/packages/apps/KeyChain,aosp,platform/packages,androidbp,
platform/packages/apps/Launcher,aosp,platform/packages,,
platform/packages/apps/Launcher2,aosp,platform/packages,androidbp,
platform/packages/apps/Launcher3,aosp,platform/packages,androidbp,
platform/packages/apps/LegacyCamera,aosp,platform/packages,androidbp,
platform/packages/apps/Login,aosp,platform/packages,,Bug: 509273825
platform/packages/apps/ManagedProvisioning,aosp,platform/packages,androidbp,"Managed Provisioning Bundled app responsible for provisioning an enterprise device Flows QR { ""android.app.extra.PROVISIONING_DEVICE_ADMIN_COMPONENT_NAME"" : ""com.afwsamples.testdpc/com.afwsamples.testdpc.DeviceAdminReceiver"" , ""android.app.extra.PROVISIONING_DEVICE_ADMIN_PACKAGE_DOWNLOAD_LOCATION"" : ""https://testdpc-latest-apk.appspot.com/preview"" , ""android.app.extra.PROVISIONING_DEVICE_ADMIN_SIGNATURE_CHECKSUM"" : ""gJD2YwtOiWJHkSMkkIfLRlj-quNqG1fb6v100QmzM9w="" } AS Setup aidegen - n - i = s - p =/ opt / android - studio - with - blaze - canary \ packages / apps / ManagedProvisioning \ frameworks / base \ cts \ vendor / xts \ packages / apps / Settings \ vendor / unbundled_google / packages / SettingsGoogle \ external / connectedappssdk \ packages / services / Car / packages / CarManagedProvisioning \ vendor / google / apps / SetupWizardOverlay / PixelSetupWizard References Local Development - Flagging for Trunk Stable Development"
platform/packages/apps/McLauncher,aosp,platform/packages,,
platform/packages/apps/Messaging,aosp,platform/packages,androidbp,
platform/packages/apps/Mms,aosp,platform/packages,,
platform/packages/apps/Multiuser,aosp,platform/packages,androidbp,Bug: 365986832
platform/packages/apps/Music,aosp,platform/packages,androidbp,
platform/packages/apps/MusicFX,aosp,platform/packages,androidbp,
platform/packages/apps/Nfc,aosp,platform/packages,,
platform/packages/apps/OnDeviceAppPrediction,aosp,platform/packages,androidbp,Bug: 162952352
platform/packages/apps/OneTimeInitializer,aosp,platform/packages,androidbp,
platform/packages/apps/PackageInstaller,aosp,platform/packages,androidbp,
platform/packages/apps/PersonalContext,aosp,platform/packages,,Bug: 509273825
platform/packages/apps/Phone,aosp,platform/packages,,Call management UI
platform/packages/apps/PhoneCommon,aosp,platform/packages,androidbp,
platform/packages/apps/PrivateSpace,aosp,platform/packages,,Bug: 377963109
platform/packages/apps/Protips,aosp,platform/packages,androidbp,
platform/packages/apps/Provision,aosp,platform/packages,androidbp,Minimal configuration/provisioning app
platform/packages/apps/QuickAccessWallet,aosp,platform/packages,androidbp,Bug: 147308306
platform/packages/apps/QuickSearchBox,aosp,platform/packages,androidbp,
platform/packages/apps/RemoteProvisioner,aosp,platform/packages,androidbp,"RemoteProvisioner Platform Application RemoteProvisioner is the application responsible for driving the provisioning process for Remote Key Provisioning (RKP) between the device and server. Primary Features Periodic Provisioning The application registers a periodic job using WorkManager . This job is scheduled to run once every ~24 hours in order to check the status of the attestation key pool and determine if further provisioning is needed. An active network connection is set as a prerequisite for the job to be executed. On Demand Provisioning RemoteProvisioner publishes an implementation of the IGenerateRkpKeyService . The Keystore frameworks code registers with this interface and notifies the application whenever the following conditions are met: An attested key is generated by an application, meaning an RKP key may have been consumed. Key generation is attempted, but fails due to no available attestation keys. In the event of (1) , the application will just check the key pool state"
platform/packages/apps/RetailDemo,aosp,platform/packages,,
platform/packages/apps/SafetyRegulatoryInfo,aosp,platform/packages,androidbp,
platform/packages/apps/SampleLocationAttribution,aosp,platform/packages,androidbp,Bug: 130040385
platform/packages/apps/SecureElement,aosp,platform/packages,androidbp,Bug: 69476027
platform/packages/apps/Settings,aosp,platform/packages,androidbp,
platform/packages/apps/SettingsIntelligence,aosp,platform/packages,androidbp,Bug: 111264136
platform/packages/apps/SmartCardService,aosp,platform/packages,,
platform/packages/apps/SoundRecorder,aosp,platform/packages,androidbp,
platform/packages/apps/SpareParts,aosp,platform/packages,androidbp,
platform/packages/apps/SpeechRecorder,aosp,platform/packages,,
platform/packages/apps/Stk,aosp,platform/packages,androidbp,
platform/packages/apps/StorageManager,aosp,platform/packages,androidbp,
platform/packages/apps/Sync,aosp,platform/packages,,
platform/packages/apps/SystemUIGo,aosp,platform/packages,androidbp,Bug: 237676695
platform/packages/apps/TV,aosp,platform/packages,androidbp,"Live TV Live TV is the Open Source reference application for watching TV on Android TVs. Live TV is a system app for Android TV. It should be compiled with Android TV platform. How to build: Enable the feature PackageManager.FEATURE_LIVE_TV. Put this project under Android platform repository if required. Include this package inside platform build. Build the platform. https://source.android.com/source/building.html NOTE: This is a reference application and should not be used with further hardening. Build just Live Tv To install LiveTv echo ""Compiling"" m - j LiveTv echo ""Installing"" adb install - r $ { OUT }/ system / priv - app / LiveTv / LiveTv . apk If it is your first time installing LiveTv you will need to do adb root adb remount adb push $ { OUT }/ system / priv - app / LiveTv / LiveTv . apk / system / priv - app / LiveTv / LiveTv . apk adb reboot"
platform/packages/apps/Tag,aosp,platform/packages,androidbp,
platform/packages/apps/Terminal,aosp,platform/packages,androidbp,
platform/packages/apps/Test/connectivity,aosp,platform/packages,,
platform/packages/apps/ThemePicker,aosp,platform/packages,androidbp,Bug: 139309277
platform/packages/apps/TimeZoneData,aosp,platform/packages,,"owner: nfuller
bug #: http://b/62080143"
platform/packages/apps/TimeZoneUpdater,aosp,platform/packages,,
platform/packages/apps/Traceur,aosp,platform/packages,androidbp,Bug: 68207033
platform/packages/apps/TvFeedbackConsent,aosp,platform/packages,androidbp,Bug: 298638056
platform/packages/apps/TvSettings,aosp,platform/packages,androidbp,
platform/packages/apps/TvSystemUI,aosp,platform/packages,androidbp,Bug: 280042042
platform/packages/apps/UnifiedEmail,aosp,platform/packages,,
platform/packages/apps/UniversalMediaPlayer,aosp,platform/packages,androidbp,Bug: 139309277
platform/packages/apps/Updater,aosp,platform/packages,,
platform/packages/apps/VideoEditor,aosp,platform/packages,,
platform/packages/apps/VirtualGamepad,aosp,platform/packages,,Bug: 509273825
platform/packages/apps/VoiceDialer,aosp,platform/packages,,
platform/packages/apps/WallpaperPicker,aosp,platform/packages,androidbp,
platform/packages/apps/WallpaperPicker2,aosp,platform/packages,androidbp,Bug: 139309277
platform/packages/experimental,aosp,platform/packages,,
platform/packages/inputmethods/LatinIME,aosp,platform/packages,androidbp,
platform/packages/inputmethods/LeanbackIME,aosp,platform/packages,androidbp,Default keyboard for Android TV
platform/packages/inputmethods/OpenWnn,aosp,platform/packages,androidbp,
platform/packages/inputmethods/PinyinIME,aosp,platform/packages,,
platform/packages/modules/ANGLE,aosp,platform/packages,androidbp,"ANGLE for Android Readme Additional ANGLE developer instructions for all platforms (Windows, Linux, MacOS, and Android) are available here . Download The full ANGLE for Android APK build uses the Chromium and Android build systems, so both the Chromium and Android repos must be cloned. Note that these instructions are only focused on building with Linux, since the Android build process is only supported on Linux and MacOS. Chromium The following is a summary of the Checking out and building Chromium for Android page. Please refer to it for more details. Install depot_tools Clone the depot_tools repository: mkdir / path / to / depot_tools && cd / path / to / depot_tools git clone https :// chromium . googlesource . com / chromium / tools / depot_tools . git Add depot_tools to the end of your PATH (you will probably want to put this in your ~/.bashrc or ~/.zshrc ). export PATH = ""$PATH:/path/to/depot_tools"" Get the Chromium Code Clone the Chromium repository: mkdir / path / to / chromium"
platform/packages/modules/AdServices,aosp,platform/packages,androidbp,Bug: 237676695
platform/packages/modules/ApiExtensions,aosp,platform/packages,,Bug: 146511931
platform/packages/modules/AppSearch,aosp,platform/packages,androidbp,Bug: 201124196
platform/packages/modules/ArtPrebuilt,aosp,platform/packages,androidbp,Bug: 145197560
platform/packages/modules/Bluetooth,aosp,platform/packages,"androidbp,cargo,rustfmt","Fluoride Bluetooth stack Building and running on AOSP Just build AOSP - Fluoride is there by default. Building and running on Linux Instructions for a Debian based distribution: Debian Bullseye or newer Ubuntu 20.10 or newer Clang-11 or Clang-12 Flex 2.6.x Bison 3.x.x (tested with 3.0.x, 3.2.x and 3.7.x) You‘ll want to download some pre-requisite packages as well. If you’re currently configured for AOSP development, you should have most required packages. Otherwise, you can use the following apt-get list or use the --run-bootstrap option on build.py (see below) to get a list of packages missing on your system: sudo apt - get install repo git - core gnupg flex bison gperf build - essential \ zip curl zlib1g - dev gcc - multilib g ++- multilib \ x11proto - core - dev libx11 - dev libncurses5 \ libgl1 - mesa - dev libxml2 - utils xsltproc unzip liblz4 - tool libssl - dev \ libc ++- dev libevent - dev \ flatbuffers - compiler libflatbuffers1 openssl \ libflatbuffers - dev libfmt - dev libt"
platform/packages/modules/BootPrebuilt/5.10/arm64,aosp,platform/packages,,Bug: 176937819
platform/packages/modules/BootPrebuilt/5.4/arm64,aosp,platform/packages,,Bug: 172684219
platform/packages/modules/CaptivePortalLogin,aosp,platform/packages,androidbp,Bug: 133225687
platform/packages/modules/CellBroadcastService,aosp,platform/packages,androidbp,Bug: 141390836
platform/packages/modules/ConfigInfrastructure,aosp,platform/packages,,Bug: 257952277
platform/packages/modules/Connectivity,aosp,platform/packages,,Bug: 170293271
platform/packages/modules/CrashRecovery,aosp,platform/packages,,Bug: 281838476
platform/packages/modules/Cronet,aosp,platform/packages,,Bug: 143925547
platform/packages/modules/DeviceLock,aosp,platform/packages,,Bug: 298295554
platform/packages/modules/DnsResolver,aosp,platform/packages,"androidbp,rustfmt","Logging This code uses LOG(X) for logging. Log levels are VERBOSE,DEBUG,INFO,WARNING and ERROR. The default setting is WARNING and logs relate to WARNING and ERROR will be shown. If you want to enable the DEBUG level logs, using following command. adb shell service call dnsresolver 10 i32 1 VERBOSE 0 DEBUG 1 INFO 2 WARNING 3 ERROR 4 Verbose resolver logs could contain PII -- do NOT enable in production builds."
platform/packages/modules/ExtServices,aosp,platform/packages,androidbp,"ExtServices module Introduction ExtServices is an updatable Mainline module that contains the logic used by Android framework components such as storage cache, autofill, textclassifier, package watchdog, notifications and notification ranking that runs continually. These are algorithms for framework, making the module updatable to introduce the new features or bug fixes more frequently with monthly release than a platform quarter release cycle. Development (internal) Before you start to develop on ExtServices, please read go/smart-os-extservices to get the guideline. Other resources Public ExtServices document"
platform/packages/modules/GenericBootstrappingArchitecture,aosp,platform/packages,,Bug: 509273825
platform/packages/modules/GeoTZ,aosp,platform/packages,,"This directory contains code, tools and data for the AOSP reference location time zone provider. Location time zone providers are used for location-based time zone detection on Android. See Android's android.service.timezone.TimeZoneProviderService class for more details. Directory structure apex Files associated with a proposed mainline module APEX to hold the AOSP reference location time zone provider. common Utility code shared between several subdirectories. data_pipeline Code for a host sample / reference data generation pipeline. See run-data-pipeline.sh below. geotz_lookup A high-level API for performing time zone ID lookups for a location using the tzs2.dat file. Supports host and device usage. locationtzprovider A reference location time zone provider that uses AOSP APIs to obtain location and the geotz_lookup APIs to obtain the time zone IDs to pass to the platform. output_data Holds the tzs2.dat file generated by run-data-pipeline.sh along with the associated license files."
platform/packages/modules/Gki,aosp,platform/packages,,Bug: 168555184
platform/packages/modules/HealthFitness,aosp,platform/packages,androidbp,Bug: 267157152
platform/packages/modules/IPsec,aosp,platform/packages,androidbp,IKEv2 Library for Android Introduction This IKEv2 library is an in-process client library implementing the IKEv2 protocol as well as extensions necessary for the support of IWLAN. It is designed to work in a non-privileged fashion on top of the Android IPsec API surface.
platform/packages/modules/ImsMedia,aosp,platform/packages,,Bug: 298295554
platform/packages/modules/ImsStack,aosp,platform/packages,,Bug: 509273825
platform/packages/modules/IntentResolver,aosp,platform/packages,androidbp,IntentResolver About IntentResolver provides the implementation for Intent ACTION_CHOOSER See also: ShareCompat.IntentBuilder
platform/packages/modules/Media,aosp,platform/packages,,Bug: 183389745
platform/packages/modules/MediaSwCodec,aosp,platform/packages,,Bug: 183389745
platform/packages/modules/ModuleMetadata,aosp,platform/packages,androidbp,Bug: 120912432
platform/packages/modules/NetworkPermissionConfig,aosp,platform/packages,,Bug: 133225687
platform/packages/modules/NetworkStack,aosp,platform/packages,androidbp,Bug: 133225687
platform/packages/modules/NeuralNetworks,aosp,platform/packages,androidbp,Bug: 167963272
platform/packages/modules/Nfc,aosp,platform/packages,androidbp,Bug: 365583115
platform/packages/modules/NpuManager,aosp,platform/packages,,Bug: 509273825
platform/packages/modules/OnDevicePersonalization,aosp,platform/packages,androidbp,OnDevicePersonalization Module This repository contains implementations of OnDevicePersonalization module.
platform/packages/modules/Permission,aosp,platform/packages,androidbp,Bug: 146511931
platform/packages/modules/PermissionController,aosp,platform/packages,,Bug: 167963272
platform/packages/modules/Profiling,aosp,platform/packages,,Bug: 315180469
platform/packages/modules/RemoteKeyProvisioning,aosp,platform/packages,,Bug: 245866770
platform/packages/modules/RuntimeI18n,aosp,platform/packages,,Bug: 154623917
platform/packages/modules/SEPolicy,aosp,platform/packages,,Bug: 202394777
platform/packages/modules/Scheduling,aosp,platform/packages,,Bug: 174852380
platform/packages/modules/SdkExtensions,aosp,platform/packages,"androidbp,rustfmt","SdkExtensions module SdkExtensions module is responsible for: deciding the extension SDK level of the device; providing APIs for applications to query the extension SDK level; determining the values for the BOOTCLASSPATH, DEX2OATBOOTCLASSPATH, and SYSTEMSERVERCLASSPATH environment variables. General information Structure The module is packaged in an apex, com.android.sdkext , and has several components: bin/derive_classpath : a native binary that runs early in the device boot process. It reads individual classpath configs files from the system and other modules, merges them, and defines the definition of *CLASSPATH environ variables. bin/derive_sdk : native binary that runs early in the device boot process and reads metadata of other modules, to set system properties relating to the extension SDK (for instance build.version.extensions.r ). javalib/framework-sdkextension.jar : this is a jar on the bootclasspath that exposes APIs to applications to query the extension SDK level. Deriving"
platform/packages/modules/Sharesheet,aosp,platform/packages,,Bug: 119128957
platform/packages/modules/StatsD,aosp,platform/packages,,Bug: 146511931
platform/packages/modules/Telecom,aosp,platform/packages,,Bug: 436095022
platform/packages/modules/Telephony,aosp,platform/packages,,Bug: 298295554
platform/packages/modules/TestModule,aosp,platform/packages,,Bug: 139309277
platform/packages/modules/Tethering,aosp,platform/packages,,Bug: 153515085
platform/packages/modules/ThreadNetwork,aosp,platform/packages,,ThreadNetwork This project has been moved to packages/modules/Connectivity/thread .
platform/packages/modules/UprobeStats,aosp,platform/packages,,Bug: 313940574
platform/packages/modules/Uwb,aosp,platform/packages,"androidbp,rustfmt",Bug: 189143511
platform/packages/modules/Virtualization,aosp,platform/packages,"androidbp,rustfmt","Android Virtualization Framework (AVF) Android Virtualization Framework (AVF) provides secure and private execution environments for executing code. AVF is ideal for security-oriented use cases that require stronger isolation assurances over those offered by Android’s app sandbox. Visit our public doc site to learn more about what AVF is, what it is for, and how it is structured. This repository contains source code for userspace components of AVF. If you want a quick start, see the getting started guideline and follow the steps there. For in-depth explanations about individual topics and components, visit the following links. AVF components: pVM firmware Android Boot Loader (ABL) Microdroid Microdroid kernel Microdroid payload vmbase Encrypted Storage AVF APIs: Java API VM Payload API How-Tos: Building and running a demo app in Java Building and running a demo app in C++ Debugging Using custom VM Device assignment Microdroid vendor modules Huge Pages"
platform/packages/modules/WebApp,aosp,platform/packages,,Bug: 509273825
platform/packages/modules/WebViewBootstrap,aosp,platform/packages,,Bug: 318715319
platform/packages/modules/Wifi,aosp,platform/packages,,Bug: 153193481
platform/packages/modules/adb,aosp,platform/packages,androidbp,"ADB (Android Debug Bridge) repository The Android Debug Bridge connects Android devices to to computers running other OSes (Linux, MacOS, and Windows) over USB or TCP. User documentation man page Developer documentation main page"
platform/packages/modules/common,aosp,platform/packages,androidbp,"packages/modules/common This project includes mainline build and other utility code. Any library code intended for use by modules should go in frameworks/libs/modules-utils instead. java code This project uses a single source path for java code. All java code should go in the java directory with subdirectories corresponding to the java package. Android.bp files should go alongside the java source files, and should only include java source for a single java package to encourage good code hygiene. Tests for java code should go in the javatests directory and follow the same structure."
platform/packages/modules/desktop/Serviceability,aosp,platform/packages,,Bug: 383250491
platform/packages/modules/vndk,aosp,platform/packages,,Bug: 141157885
platform/packages/providers/ApplicationsProvider,aosp,platform/packages,,
platform/packages/providers/BlockedNumberProvider,aosp,platform/packages,androidbp,
platform/packages/providers/BookmarkProvider,aosp,platform/packages,androidbp,
platform/packages/providers/CalendarProvider,aosp,platform/packages,androidbp,Content provider for calendar data
platform/packages/providers/CallLogProvider,aosp,platform/packages,androidbp,
platform/packages/providers/ContactsKeysProvider,aosp,platform/packages,androidbp,Bug: 339035687
platform/packages/providers/ContactsProvider,aosp,platform/packages,androidbp,"Debugging Tools Enable all verbose logs Running ./logging.sh will enable all verbose logs for the queries in the provider. More details in the script itself. Querying the database There are 2 different ways to easily query the database, qc and contatcsproviderutils.sh . QC usage qc queries the deivce directly. For usage, append the query in single quotes after the command: e.g. qc/qc 'select * from raw_contacts' or to get all the tables qc/qc '.tables' QC support SQLite language, but it might have some limitations working with complex nested queries. contactsproviderutils.sh usage This script downlaods the database locally and logins into a local version. It is also possible to push any change back to the device. Add tools to path source contactsproviderutils.sh Pull contacts2.db and query: sqlite3-pull This will open a sql terminal with rlwrap which can be easily used for queries. Pull contacts2.db and query with a graphical interface: sqlitebrowser-pull Push local updates to the devi"
platform/packages/providers/DownloadProvider,aosp,platform/packages,androidbp,Download Manager
platform/packages/providers/DrmProvider,aosp,platform/packages,,
platform/packages/providers/GoogleContactsProvider,aosp,platform/packages,,ContactsProvider to sync contacts with Google
platform/packages/providers/GoogleSubscribedFeedsProvider,aosp,platform/packages,,
platform/packages/providers/ImProvider,aosp,platform/packages,,
platform/packages/providers/ManagementProvider,aosp,platform/packages,,
platform/packages/providers/MediaProvider,aosp,platform/packages,androidbp,
platform/packages/providers/PartnerBookmarksProvider,aosp,platform/packages,androidbp,
platform/packages/providers/TelephonyProvider,aosp,platform/packages,androidbp,
platform/packages/providers/TvProvider,aosp,platform/packages,androidbp,
platform/packages/providers/UserDictionaryProvider,aosp,platform/packages,androidbp,
platform/packages/providers/WebSearchProvider,aosp,platform/packages,,
platform/packages/screensavers/Basic,aosp,platform/packages,androidbp,
platform/packages/screensavers/PhotoTable,aosp,platform/packages,androidbp,
platform/packages/screensavers/WebView,aosp,platform/packages,androidbp,
platform/packages/services/AlternativeNetworkAccess,aosp,platform/packages,androidbp,Bug: 115934920
platform/packages/services/BuiltInPrintService,aosp,platform/packages,androidbp,
platform/packages/services/Car,aosp,platform/packages,,"AAOS Source code for Android Automotive OS . Structure car_product/ - AAOS product car-builtin-lib/ - A helper library for CarService to access hidden framework APIs car-lib/ - Car API car-lib-module/ - Car API module cpp/ - Native services experimental/ - Experimental Car API and services packages/ - Apps and services for cars service/ - Car service module service-builint - Platform builtin component that runs CarService module tests/ - Tests and sample apps tools/ - Helper scripts C++ Native (C++) code format is required to be compatible with .clang-format file. The formatter is already integrated to repo tool. To run manually, use: git clang-format --style=file --extension='h,cpp,cc' HEAD~ Note that clang-format is not desirable for Android java files. Therefore the command line above is limited to specific extensions. Debugging CarService Dumpsys and car shell can be useful when debugging CarService integration issues. dumpsys adb shell dumpsys car_service # to dump all car service"
platform/packages/services/CrossDeviceSync,aosp,platform/packages,,Bug: 457231668
platform/packages/services/DeviceAsWebcam,aosp,platform/packages,androidbp,Bug: 298295554
platform/packages/services/DroidfoodAttestationFixer,aosp,platform/packages,,Bug: 509273825
platform/packages/services/EasService,aosp,platform/packages,,
platform/packages/services/Iwlan,aosp,platform/packages,androidbp,Bug: 173251591
platform/packages/services/LockAndWipe,aosp,platform/packages,,
platform/packages/services/Mms,aosp,platform/packages,androidbp,
platform/packages/services/Mtp,aosp,platform/packages,androidbp,Bug: 162952352
platform/packages/services/NetworkRecommendation,aosp,platform/packages,,
platform/packages/services/QualifiedNetworksService,aosp,platform/packages,,Bug: 436095022
platform/packages/services/Telecomm,aosp,platform/packages,androidbp,
platform/packages/services/Telephony,aosp,platform/packages,androidbp,
platform/packages/services/display_safety,aosp,platform/packages,,Bug: 509273825
platform/packages/wallpapers/Basic,aosp,platform/packages,,
platform/packages/wallpapers/Galaxy4,aosp,platform/packages,,
platform/packages/wallpapers/HoloSpiral,aosp,platform/packages,,
platform/packages/wallpapers/ImageWallpaper,aosp,platform/packages,,Bug: 162952352
platform/packages/wallpapers/LivePicker,aosp,platform/packages,androidbp,
platform/packages/wallpapers/MagicSmoke,aosp,platform/packages,,
platform/packages/wallpapers/MusicVisualization,aosp,platform/packages,,
platform/packages/wallpapers/NoiseField,aosp,platform/packages,,
platform/packages/wallpapers/PhaseBeam,aosp,platform/packages,,
platform/pdk,aosp,platform/pdk,,
platform/platform_testing,aosp,platform/platform_testing,,
platform/prebuilt,aosp,platform/prebuilt,,binaries to support linux and osx builds
platform/prebuilts/abi-dumps/ndk,prebuilt,platform,,
platform/prebuilts/abi-dumps/platform,prebuilt,platform,,Bug: 79424996
platform/prebuilts/abi-dumps/vndk,prebuilt,platform,androidbp,
platform/prebuilts/android-emulator,prebuilt,platform,androidbp,
platform/prebuilts/android-emulator-build/archive,prebuilt,platform,,
platform/prebuilts/android-emulator-build/common,prebuilt,platform,,
platform/prebuilts/android-emulator-build/curl,prebuilt,platform,,
platform/prebuilts/android-emulator-build/mesa,prebuilt,platform,,
platform/prebuilts/android-emulator-build/mesa-deps,prebuilt,platform,,
platform/prebuilts/android-emulator-build/protobuf,prebuilt,platform,,
platform/prebuilts/android-emulator-build/qemu-android-deps,prebuilt,platform,,
platform/prebuilts/android-emulator-build/qt,prebuilt,platform,,
platform/prebuilts/android-emulator-build/system-images,prebuilt,platform,,Bug: 234635748
platform/prebuilts/androidx/chrome-for-testing,prebuilt,platform,,Bug: 369062017
platform/prebuilts/androidx/credentials,prebuilt,platform,,Bug: 479913611
platform/prebuilts/androidx/exoplayer,prebuilt,platform,,Bug: 111928761
platform/prebuilts/androidx/external,prebuilt,platform,,Bug: 110713131
platform/prebuilts/androidx/ink,prebuilt,platform,,Bug: 352743783
platform/prebuilts/androidx/internal,prebuilt,platform,,Bug: 110713131
platform/prebuilts/androidx/javascript-for-kotlin,prebuilt,platform,,Bug: 369061438
platform/prebuilts/androidx/konan,prebuilt,platform,,Bug: 200289211
platform/prebuilts/androidx/studio,prebuilt,platform,,Bug: 137137433
platform/prebuilts/androidx/traceprocessor,prebuilt,platform,,Bug: 177363648
platform/prebuilts/androidx/webgpu,prebuilt,platform,,Bug: 392602829
platform/prebuilts/androidx/xr,prebuilt,platform,,Bug: 376915227
platform/prebuilts/asuite,prebuilt,platform,,Bug: 114274040
platform/prebuilts/au-generator,prebuilt,platform,,
platform/prebuilts/bazel/common,prebuilt,platform,,"Updating the Bazel prebuilts in AOSP Instructions First, decide which version of Bazel you need. A Bazel release (e.g. Bazel 3.7.0) A Bazel nightly A Bazel per-commit build Whichever of these you use, you will need to use official nojdk x86-64 versions of Bazel, for Linux and macOS (Darwin). Run the release_bazel.py script in the root repository to download and verify the binaries from the trusted Bazel CI pipeline: python /prebuilts/bazel/common/release_bazel.py --commit <commit> To get the commit hash for builds, see the [Bazel releases], [Bazel nightlies] or [Bazel per-commit builds] sections below. this will run update.sh which will also: Download the remote_java_tools prebuilts corresponding to the downloaded Bazel binary verify that the downloaded binary has the correct SHA-256 checksum as provided from Bazel CI metadata. Once you have the binaries, you will need to create and send up to three CLs, to update the Linux, macOS, and platform-agnostic prebuilts that live in separate"
platform/prebuilts/bazel/darwin-x86_64,prebuilt,platform,,Updating the Bazel darwin/macOS prebuilts Refer to the linux-x86_64 README for instructions to update both the linux and darwin Bazel binaries together.
platform/prebuilts/bazel/linux-x86_64,prebuilt,platform,,Bug: 164126553
platform/prebuilts/bazel/windows-x86_64,prebuilt,platform,,Bug: 245995745
platform/prebuilts/boot-artifacts,prebuilt,platform,,Bug: 132075225
platform/prebuilts/build-artifacts,prebuilt,platform,,Bug: 73130070
platform/prebuilts/build-artifacts2,prebuilt,platform,,Bug: 134584503
platform/prebuilts/build-artifacts3,prebuilt,platform,,Bug: 138998685
platform/prebuilts/build-tools,prebuilt,platform,androidbp,prebuilts/build-tools See https://go/android-build-system-team/team/update-prebuilts.md for detailed instructions on how to update these.
platform/prebuilts/bundletool,prebuilt,platform,androidbp,Bug: 119496442
platform/prebuilts/checkcolor,prebuilt,platform,,"Lint check for hardcoded colors What is this lint check for This check detects whether hardcoded colors have been added in a CL. Starting in Android O, multiple device themes will exist on devices, enabling changing the look and feel of all system UI. In order to make that effort possible, colors in component that uses this check must be specified using theme attributes, rather than hardcoded colors. Otherwise, when the theme changes, this UI will not update properly. Examples of hardcoded colors Color files <!-- File: res/values/colors.xml --> <? xml version = ""1.0"" encoding = ""utf-8"" ?> <resources> <color name = ""hardcoded_color"" > #FFFFFF </color> </resources> Layout files <!-- File: res/layout/my_layout.xml --> <? xml version = ""1.0"" encoding = ""utf-8"" ?> <TextView android:textColor = ""#FF000000"" /> Or <!-- File: res/layout/my_layout.xml --> <? xml version = ""1.0"" encoding = ""utf-8"" ?> <TextView android:textColor = ""@color/hardcoded_color"" /> Style files <!-- File: res/values/style"
platform/prebuilts/checkstyle,prebuilt,platform,,"Checkstyle Checkstyle is used by developers to validate Java code style and formatting, and can be run as part of the pre-upload hooks. Contents Running it Projects used Checkstyle Git-Lint Pre-upload linting Disabling Clang Format for Java"
platform/prebuilts/cipd,prebuilt,platform,,Bug: 509273825
platform/prebuilts/clack,prebuilt,platform,,Bug: 70883689
platform/prebuilts/clang-tools,prebuilt,platform,androidbp,"Prebuilts for Clang/LLVM-based tools used in Android For the latest version of this doc, please make sure to visit: Android Clang/LLVM-based Tools Readme Doc Build Instructions $ mkdir clang-tools && cd clang-tools $ repo init -u https://android.googlesource.com/platform/manifest -b clang-tools $ repo sync -c $ OUT_DIR=out prebuilts/clang-tools/build-prebuilts.sh Update Prebuilts From an AOSP main tree or a clang-tools tree run: $ prebuilts/clang-tools/update-prebuilts.sh \ <build-id from go/ab/aosp-clang-tools>"
platform/prebuilts/clang/darwin-x86/3.1,prebuilt,platform,,
platform/prebuilts/clang/darwin-x86/3.2,prebuilt,platform,,
platform/prebuilts/clang/darwin-x86/arm/3.3,prebuilt,platform,,
platform/prebuilts/clang/darwin-x86/host/3.3,prebuilt,platform,,
platform/prebuilts/clang/darwin-x86/host/3.4,prebuilt,platform,,
platform/prebuilts/clang/darwin-x86/host/3.5,prebuilt,platform,,
platform/prebuilts/clang/darwin-x86/host/3.6,prebuilt,platform,,
platform/prebuilts/clang/darwin-x86/mips/3.3,prebuilt,platform,,
platform/prebuilts/clang/darwin-x86/sdk/3.5,prebuilt,platform,,
platform/prebuilts/clang/darwin-x86/x86/3.3,prebuilt,platform,,
platform/prebuilts/clang/host/darwin-universal,prebuilt,platform,,Bug: 190982865
platform/prebuilts/clang/host/darwin-x86,prebuilt,platform,androidbp,
platform/prebuilts/clang/host/linux-arm64,prebuilt,platform,,Bug: 477973233
platform/prebuilts/clang/host/linux-x86,prebuilt,platform,androidbp,"Android Clang/LLVM Prebuilts For the latest version of this doc, please make sure to visit: Android Clang/LLVM Prebuilts Readme Doc The links in the sections below are outdated in light of https://source.android.com/docs/whatsnew/site-updates#aosp-changes and will be fixed soon. LLVM Users Android Platform Currently clang-r547379 clang-r547379 for Android 16 release clang-r522817 for Android V release clang-r487747c for Android U release clang-r450784d for Android T release clang-r416183b1 for Android S release clang-r383902b1 for Android R-QPR2 release clang-r383902b for Android R release clang-r353983c1 for Android Q-QPR2 release clang-r353983c for Android Q release Look for “ClangDefaultVersion” and/or “clang-” in build/soong/cc/config/global.go . AOSP Code Search link Android Platform LLVM binutils Currently clang-r547379 These are symlinks to llvm tools and can be updated by running update-binutils.py . Android Platform clang-stable Currently clang-r547379 These are copies of some"
platform/prebuilts/clang/host/windows-x86,prebuilt,platform,,
platform/prebuilts/clang/host/windows-x86_32,prebuilt,platform,,
platform/prebuilts/clang/linux-x86/3.1,prebuilt,platform,,
platform/prebuilts/clang/linux-x86/3.2,prebuilt,platform,,
platform/prebuilts/clang/linux-x86/arm/3.3,prebuilt,platform,,
platform/prebuilts/clang/linux-x86/host/3.3,prebuilt,platform,,
platform/prebuilts/clang/linux-x86/host/3.4,prebuilt,platform,,
platform/prebuilts/clang/linux-x86/host/3.5,prebuilt,platform,,
platform/prebuilts/clang/linux-x86/host/3.6,prebuilt,platform,,
platform/prebuilts/clang/linux-x86/mips/3.3,prebuilt,platform,,
platform/prebuilts/clang/linux-x86/x86/3.3,prebuilt,platform,,
platform/prebuilts/cmake/darwin-x86,prebuilt,platform,,
platform/prebuilts/cmake/linux-arm64,prebuilt,platform,,Bug: 474618085
platform/prebuilts/cmake/linux-x86,prebuilt,platform,androidbp,
platform/prebuilts/cmake/windows-x86,prebuilt,platform,,
platform/prebuilts/cmdline-tools,prebuilt,platform,androidbp,Bug: 157688620
platform/prebuilts/deqp,prebuilt,platform,,
platform/prebuilts/devtools,prebuilt,platform,,
platform/prebuilts/dokka-devsite-plugin,prebuilt,platform,,Bug: 500107692
platform/prebuilts/eclipse,prebuilt,platform,,"Prebuilt packages from the Eclipse project, used to build components of the SDK."
platform/prebuilts/eclipse-build-deps,prebuilt,platform,,
platform/prebuilts/eclipse-build-deps-sources,prebuilt,platform,,
platform/prebuilts/fuchsia_sdk,prebuilt,platform,,"Fuchsia SDK This directory contains a subset of the Fuchsia Integrator Development Kit (IDK) downloaded from the public CIPD artifacts . Currently the only need is for some definitions in the pkg/ subdirectory, so to save a few GiB of storage that's all we include here. If necessary this could be expanded to include the full IDK. Updating Example command to download the f22 version: # Replace ""f22"" below with the desired CIPD version. $ echo ""fuchsia/sdk/core/linux-amd64 f22"" | cipd ensure - ensure - file - - root download / # Copy out the files we need and delete the rest. $ mv download / pkg pkg $ rm - rf download / Getting zbi-rs library sources: $ git clone - n -- filter = tree : 0 https : //fuchsia.googlesource.com/fuchsia $ cd fuchsia / $ git sparse - checkout set src / firmware / lib / zbi - rs $ git checkout origin / releases / f22 $ mv src / ../ $ cd .. $ rm - rf ./ fuchsia /"
platform/prebuilts/fullsdk-darwin/build-tools,prebuilt,platform,,Bug: 222299323
platform/prebuilts/fullsdk-darwin/build-tools/27.0.3,prebuilt,platform,,Bug: 111510386
platform/prebuilts/fullsdk-darwin/build-tools/28.0.2,prebuilt,platform,,Bug: 116145304
platform/prebuilts/fullsdk-darwin/build-tools/28.0.3,prebuilt,platform,,Bug: 117439534
platform/prebuilts/fullsdk-darwin/build-tools/29.0.0,prebuilt,platform,,Bug: 142566043
platform/prebuilts/fullsdk-darwin/build-tools/29.0.3,prebuilt,platform,,Bug: 148445002
platform/prebuilts/fullsdk-darwin/build-tools/30.0.2,prebuilt,platform,,Bug: 169237152
platform/prebuilts/fullsdk-darwin/build-tools/30.0.3,prebuilt,platform,,Bug: 192075235
platform/prebuilts/fullsdk-darwin/build-tools/31.0.0,prebuilt,platform,,Bug: 191697290
platform/prebuilts/fullsdk-darwin/build-tools/32.0.0,prebuilt,platform,,Bug: 216480909
platform/prebuilts/fullsdk-darwin/build-tools/32.1.0,prebuilt,platform,,Bug: 218563976
platform/prebuilts/fullsdk-darwin/cmdline-tools,prebuilt,platform,,Bug: 320680030
platform/prebuilts/fullsdk-darwin/platform-tools,prebuilt,platform,,Bug: 111510386
platform/prebuilts/fullsdk-darwin/tools,prebuilt,platform,,Bug: 111510386
platform/prebuilts/fullsdk-linux/build-tools,prebuilt,platform,,Bug: 222299323
platform/prebuilts/fullsdk-linux/build-tools/26.0.1,prebuilt,platform,,Bug: 123068679
platform/prebuilts/fullsdk-linux/build-tools/27.0.3,prebuilt,platform,,Bug: 111510386
platform/prebuilts/fullsdk-linux/build-tools/28.0.2,prebuilt,platform,,Bug: 116145304
platform/prebuilts/fullsdk-linux/build-tools/28.0.3,prebuilt,platform,,Bug: 117439534
platform/prebuilts/fullsdk-linux/build-tools/29.0.0,prebuilt,platform,,Bug: 142566043
platform/prebuilts/fullsdk-linux/build-tools/29.0.3,prebuilt,platform,,Bug: 148445002
platform/prebuilts/fullsdk-linux/build-tools/30.0.2,prebuilt,platform,,Bug: 169237152
platform/prebuilts/fullsdk-linux/build-tools/30.0.3,prebuilt,platform,,Bug: 192075235
platform/prebuilts/fullsdk-linux/build-tools/31.0.0,prebuilt,platform,,Bug: 191697290
platform/prebuilts/fullsdk-linux/build-tools/32.0.0,prebuilt,platform,,Bug: 216480909
platform/prebuilts/fullsdk-linux/build-tools/32.1.0,prebuilt,platform,,Bug: 218563976
platform/prebuilts/fullsdk-linux/cmdline-tools,prebuilt,platform,,Bug: 320680030
platform/prebuilts/fullsdk-linux/platform-tools,prebuilt,platform,,Bug: 111510386
platform/prebuilts/fullsdk-linux/tools,prebuilt,platform,,Bug: 111510386
platform/prebuilts/fullsdk/build-tools/21-darwin,prebuilt,platform,,
platform/prebuilts/fullsdk/build-tools/21-linux,prebuilt,platform,,
platform/prebuilts/fullsdk/build-tools/22-darwin,prebuilt,platform,,
platform/prebuilts/fullsdk/build-tools/22-linux,prebuilt,platform,,
platform/prebuilts/fullsdk/build-tools/22-windows,prebuilt,platform,,
platform/prebuilts/fullsdk/platforms,prebuilt,platform,,Bug: 273147633
platform/prebuilts/fullsdk/platforms/android-21,prebuilt,platform,,
platform/prebuilts/fullsdk/platforms/android-26,prebuilt,platform,,Bug: 123068679
platform/prebuilts/fullsdk/platforms/android-28,prebuilt,platform,,Bug: 111510386
platform/prebuilts/fullsdk/platforms/android-29,prebuilt,platform,,Bug: 134515950
platform/prebuilts/fullsdk/platforms/android-30,prebuilt,platform,,Bug: 158532185
platform/prebuilts/fullsdk/platforms/android-31,prebuilt,platform,,Bug: 191757234
platform/prebuilts/fullsdk/platforms/android-32,prebuilt,platform,,Bug: 229980653
platform/prebuilts/fullsdk/platforms/android-33,prebuilt,platform,,Bug: 229980653
platform/prebuilts/fullsdk/platforms/android-TPS,prebuilt,platform,,Bug: 243394417
platform/prebuilts/fullsdk/platforms/android-system-29,prebuilt,platform,,Bug: 134515950
platform/prebuilts/fullsdk/platforms/android-system-T,prebuilt,platform,,Bug: 218292013
platform/prebuilts/fullsdk/sources,prebuilt,platform,,Bug: 273147633
platform/prebuilts/fullsdk/sources/android-28,prebuilt,platform,,Bug: 116622037
platform/prebuilts/fullsdk/sources/android-29,prebuilt,platform,,Bug: 134515950
platform/prebuilts/fullsdk/sources/android-30,prebuilt,platform,,Bug: 158532185
platform/prebuilts/fullsdk/sources/android-31,prebuilt,platform,,Bug: 191757234
platform/prebuilts/fullsdk/sources/android-32,prebuilt,platform,,Bug: 229980653
platform/prebuilts/fullsdk/sources/android-33,prebuilt,platform,,Bug: 229980653
platform/prebuilts/fullsdk/sources/android-TPS,prebuilt,platform,,Bug: 243394417
platform/prebuilts/gas/linux-x86,prebuilt,platform,,"platform/prebuilts/gas/linux-x86 This repository exists as a temporary repository for containing copies of prebuilt binaries of GNU as (the assembler), copied from https://android.googlesource.com/platform/prebuilts/gcc/linux-x86/x86/x86_64-linux-android-4.9/ https://android.googlesource.com/platform/prebuilts/gcc/linux-x86/arm/arm-linux-androideabi-4.9/ https://android.googlesource.com/platform/prebuilts/gcc/linux-x86/aarch64/aarch64-linux-android-4.9/ It only contains binaries for linux-x86 host, which can target x86 and ARM (32b and 64b variants). It will be used to minimize Android Common Kernel dependencies on GNU binutils for the “S” release, as part of: https://android.googlesource.com/platform/prebuilts/clang/host/linux-x86/+/master/BINUTILS_KERNEL_DEPRECATION.md (The creation of this repository is step 4). If all goes well, then these binaries may never end up being used. Their existence is a hedge in the case of updates to kernel sources requiring the fallback to GNU as inste"
platform/prebuilts/gcc/darwin-x86/aarch64/aarch64-linux-android-4.8,prebuilt,platform,,
platform/prebuilts/gcc/darwin-x86/aarch64/aarch64-linux-android-4.9,prebuilt,platform,,
platform/prebuilts/gcc/darwin-x86/arm/arm-eabi-4.6,prebuilt,platform,,
platform/prebuilts/gcc/darwin-x86/arm/arm-eabi-4.7,prebuilt,platform,,
platform/prebuilts/gcc/darwin-x86/arm/arm-eabi-4.8,prebuilt,platform,,
platform/prebuilts/gcc/darwin-x86/arm/arm-linux-androideabi-4.6,prebuilt,platform,,
platform/prebuilts/gcc/darwin-x86/arm/arm-linux-androideabi-4.7,prebuilt,platform,,
platform/prebuilts/gcc/darwin-x86/arm/arm-linux-androideabi-4.8,prebuilt,platform,,
platform/prebuilts/gcc/darwin-x86/arm/arm-linux-androideabi-4.9,prebuilt,platform,,
platform/prebuilts/gcc/darwin-x86/host/headers,prebuilt,platform,,
platform/prebuilts/gcc/darwin-x86/host/i686-apple-darwin-4.2.1,prebuilt,platform,,
platform/prebuilts/gcc/darwin-x86/mips/mips64el-linux-android-4.8,prebuilt,platform,,
platform/prebuilts/gcc/darwin-x86/mips/mips64el-linux-android-4.9,prebuilt,platform,,
platform/prebuilts/gcc/darwin-x86/mips/mipsel-linux-android-4.4.3,prebuilt,platform,,"MIPS 4.4.3 toolchain, for 32-bit MacOS."
platform/prebuilts/gcc/darwin-x86/mips/mipsel-linux-android-4.6,prebuilt,platform,,
platform/prebuilts/gcc/darwin-x86/mips/mipsel-linux-android-4.7,prebuilt,platform,,
platform/prebuilts/gcc/darwin-x86/mips/mipsel-linux-android-4.8,prebuilt,platform,,
platform/prebuilts/gcc/darwin-x86/x86/i686-android-linux-4.4.3,prebuilt,platform,,
platform/prebuilts/gcc/darwin-x86/x86/i686-android-linux-4.6,prebuilt,platform,,
platform/prebuilts/gcc/darwin-x86/x86/i686-linux-android-4.6,prebuilt,platform,,
platform/prebuilts/gcc/darwin-x86/x86/i686-linux-android-4.7,prebuilt,platform,,
platform/prebuilts/gcc/darwin-x86/x86/x86_64-linux-android-4.7,prebuilt,platform,,
platform/prebuilts/gcc/darwin-x86/x86/x86_64-linux-android-4.8,prebuilt,platform,,
platform/prebuilts/gcc/darwin-x86/x86/x86_64-linux-android-4.9,prebuilt,platform,,
platform/prebuilts/gcc/linux-x86/aarch64/aarch64-linux-android-4.8,prebuilt,platform,,
platform/prebuilts/gcc/linux-x86/aarch64/aarch64-linux-android-4.9,prebuilt,platform,,
platform/prebuilts/gcc/linux-x86/arm/arm-eabi-4.6,prebuilt,platform,,
platform/prebuilts/gcc/linux-x86/arm/arm-eabi-4.7,prebuilt,platform,,
platform/prebuilts/gcc/linux-x86/arm/arm-eabi-4.8,prebuilt,platform,,
platform/prebuilts/gcc/linux-x86/arm/arm-linux-androideabi-4.6,prebuilt,platform,,
platform/prebuilts/gcc/linux-x86/arm/arm-linux-androideabi-4.7,prebuilt,platform,,
platform/prebuilts/gcc/linux-x86/arm/arm-linux-androideabi-4.8,prebuilt,platform,,
platform/prebuilts/gcc/linux-x86/arm/arm-linux-androideabi-4.9,prebuilt,platform,,
platform/prebuilts/gcc/linux-x86/host/i686-linux-glibc2.7-4.4.3,prebuilt,platform,,
platform/prebuilts/gcc/linux-x86/host/i686-linux-glibc2.7-4.6,prebuilt,platform,,
platform/prebuilts/gcc/linux-x86/host/x86_64-linux-glibc2.11-4.6,prebuilt,platform,,
platform/prebuilts/gcc/linux-x86/host/x86_64-linux-glibc2.11-4.8,prebuilt,platform,,
platform/prebuilts/gcc/linux-x86/host/x86_64-linux-glibc2.15-4.8,prebuilt,platform,,
platform/prebuilts/gcc/linux-x86/host/x86_64-linux-glibc2.17-4.8,prebuilt,platform,androidbp,"Host glibc sysroot Here lie the bones of a prebuilt glibc 2.17, the current host Linux sysroot. Full version updates have historically been painful. They also annoy users. This is the sysroot used to build the NDK and other host tools shared with app developers, not just OS developers, and even OS developers outside Google often seem to prefer (or at least “are required by corporate policy”) to stick to older host OS versions with old glibc versions. We do not currently plan to update to a newer glibc. Our hope is to be able to move to musl instead, which will also offer the option of shipping static host executables. In the meantime, we have been taking targeted updates to these headers. In particular, adding missing constants is almost always fine, whereas adding missing function declarations doesn‘t help anyone (though we could potentially add a static inline, but that’s not something we've done yet). In the ideal case, you can simply copy the current glibc header over the old one a"
platform/prebuilts/gcc/linux-x86/host/x86_64-linux-glibc2.19-4.9,prebuilt,platform,,Bug: 113893603
platform/prebuilts/gcc/linux-x86/host/x86_64-linux-glibc2.7-4.6,prebuilt,platform,,
platform/prebuilts/gcc/linux-x86/host/x86_64-w64-mingw32-4.8,prebuilt,platform,androidbp,
platform/prebuilts/gcc/linux-x86/mips/mips64el-linux-android-4.8,prebuilt,platform,,
platform/prebuilts/gcc/linux-x86/mips/mips64el-linux-android-4.9,prebuilt,platform,,
platform/prebuilts/gcc/linux-x86/mips/mipsel-linux-android-4.4.3,prebuilt,platform,,"MIPS 4.4.3 toolchain, for 32-bit linux."
platform/prebuilts/gcc/linux-x86/mips/mipsel-linux-android-4.6,prebuilt,platform,,
platform/prebuilts/gcc/linux-x86/mips/mipsel-linux-android-4.7,prebuilt,platform,,
platform/prebuilts/gcc/linux-x86/mips/mipsel-linux-android-4.8,prebuilt,platform,,
platform/prebuilts/gcc/linux-x86/x86/i686-android-linux-4.4.3,prebuilt,platform,,
platform/prebuilts/gcc/linux-x86/x86/i686-android-linux-4.6,prebuilt,platform,,
platform/prebuilts/gcc/linux-x86/x86/i686-linux-android-4.6,prebuilt,platform,,
platform/prebuilts/gcc/linux-x86/x86/i686-linux-android-4.7,prebuilt,platform,,
platform/prebuilts/gcc/linux-x86/x86/x86_64-linux-android-4.7,prebuilt,platform,,
platform/prebuilts/gcc/linux-x86/x86/x86_64-linux-android-4.8,prebuilt,platform,,
platform/prebuilts/gcc/linux-x86/x86/x86_64-linux-android-4.9,prebuilt,platform,,
platform/prebuilts/gdb/darwin-x86,prebuilt,platform,,
platform/prebuilts/gdb/linux-x86,prebuilt,platform,,
platform/prebuilts/go/darwin-x86,prebuilt,platform,,"The Go Programming Language Go is an open source programming language that makes it easy to build simple, reliable, and efficient software. Gopher image by Renee French , licensed under Creative Commons 4.0 Attribution license . Our canonical Git repository is located at https://go.googlesource.com/go . There is a mirror of the repository at https://github.com/golang/go . Unless otherwise noted, the Go source files are distributed under the BSD-style license found in the LICENSE file. Download and Install Binary Distributions Official binary distributions are available at https://go.dev/dl/ . After downloading a binary release, visit https://go.dev/doc/install for installation instructions. Install From Source If a binary distribution is not available for your combination of operating system and architecture, visit https://go.dev/doc/install/source for source installation instructions. Contributing Go is the work of thousands of contributors. We appreciate your help! To contribute, ple"
platform/prebuilts/go/linux-arm64,prebuilt,platform,,Bug: 400473397
platform/prebuilts/go/linux-x86,prebuilt,platform,,"The Go Programming Language Go is an open source programming language that makes it easy to build simple, reliable, and efficient software. Gopher image by Renee French , licensed under Creative Commons 4.0 Attribution license . Our canonical Git repository is located at https://go.googlesource.com/go . There is a mirror of the repository at https://github.com/golang/go . Unless otherwise noted, the Go source files are distributed under the BSD-style license found in the LICENSE file. Download and Install Binary Distributions Official binary distributions are available at https://go.dev/dl/ . After downloading a binary release, visit https://go.dev/doc/install for installation instructions. Install From Source If a binary distribution is not available for your combination of operating system and architecture, visit https://go.dev/doc/install/source for source installation instructions. Contributing Go is the work of thousands of contributors. We appreciate your help! To contribute, ple"
platform/prebuilts/go/windows-x86,prebuilt,platform,,
platform/prebuilts/google-breakpad/darwin-x86,prebuilt,platform,,
platform/prebuilts/google-breakpad/linux-x86,prebuilt,platform,,
platform/prebuilts/google-breakpad/windows-x86,prebuilt,platform,,
platform/prebuilts/gradle-plugin,prebuilt,platform,androidbp,
platform/prebuilts/jdk/jdk11,prebuilt,platform,,Bug: 141376136
platform/prebuilts/jdk/jdk17,prebuilt,platform,,Bug: 221879925
platform/prebuilts/jdk/jdk21,prebuilt,platform,androidbp,Bug: 303775530
platform/prebuilts/jdk/jdk25,prebuilt,platform,,Bug: 449665129
platform/prebuilts/jdk/jdk8,prebuilt,platform,,
platform/prebuilts/jdk/jdk9,prebuilt,platform,,Bug: 67088335
platform/prebuilts/ktlint,prebuilt,platform,,Bug: 111366828
platform/prebuilts/libedit/darwin-x86,prebuilt,platform,,
platform/prebuilts/libedit/linux-x86,prebuilt,platform,,
platform/prebuilts/libglog/darwin-x86,prebuilt,platform,,
platform/prebuilts/libglog/linux-x86,prebuilt,platform,,
platform/prebuilts/libglog/windows-x86,prebuilt,platform,,
platform/prebuilts/libprotobuf/darwin,prebuilt,platform,,
platform/prebuilts/libprotobuf/darwin-x86,prebuilt,platform,,
platform/prebuilts/libprotobuf/linux,prebuilt,platform,,
platform/prebuilts/libprotobuf/linux-x86,prebuilt,platform,,
platform/prebuilts/libprotobuf/windows,prebuilt,platform,,
platform/prebuilts/libprotobuf/windows-x86,prebuilt,platform,,
platform/prebuilts/libs/libedit,prebuilt,platform,,
platform/prebuilts/manifest-merger,prebuilt,platform,androidbp,Bug: 124529986
platform/prebuilts/maven_repo/android,prebuilt,platform,,
platform/prebuilts/maven_repo/bumptech,prebuilt,platform,androidbp,
platform/prebuilts/maven_repo/google-play-service-client-libraries-3p,prebuilt,platform,,Bug: 69172487
platform/prebuilts/metalava,prebuilt,platform,,Bug: 497006006
platform/prebuilts/misc,prebuilt,platform,androidbp,Miscellaneous prebuilt modules
platform/prebuilts/module_sdk/AdServices,prebuilt,platform,,Bug: 237676695
platform/prebuilts/module_sdk/AppSearch,prebuilt,platform,,Bug: 224849511
platform/prebuilts/module_sdk/Bluetooth,prebuilt,platform,,Bug: 219656082
platform/prebuilts/module_sdk/ConfigInfrastructure,prebuilt,platform,,Bug: 257952277
platform/prebuilts/module_sdk/Connectivity,prebuilt,platform,,Bug: 185897866
platform/prebuilts/module_sdk/CrashRecovery,prebuilt,platform,,Bug: 281838476
platform/prebuilts/module_sdk/DeviceLock,prebuilt,platform,,Bug: 298295554
platform/prebuilts/module_sdk/HealthFitness,prebuilt,platform,,Bug: 267157152
platform/prebuilts/module_sdk/IPsec,prebuilt,platform,,Bug: 185897866
platform/prebuilts/module_sdk/Media,prebuilt,platform,,Bug: 185897866
platform/prebuilts/module_sdk/MediaProvider,prebuilt,platform,,Bug: 185897866
platform/prebuilts/module_sdk/NeuralNetworks,prebuilt,platform,,Bug: 381406309
platform/prebuilts/module_sdk/Nfc,prebuilt,platform,,Bug: 365583115
platform/prebuilts/module_sdk/NpuManager,prebuilt,platform,,Bug: 509273825
platform/prebuilts/module_sdk/OnDevicePersonalization,prebuilt,platform,,Bug: 237676695
platform/prebuilts/module_sdk/Permission,prebuilt,platform,,Bug: 185897866
platform/prebuilts/module_sdk/Profiling,prebuilt,platform,,Bug: 315180469
platform/prebuilts/module_sdk/RemoteKeyProvisioning,prebuilt,platform,,Bug: 245866770
platform/prebuilts/module_sdk/Scheduling,prebuilt,platform,,Bug: 185897866
platform/prebuilts/module_sdk/SdkExtensions,prebuilt,platform,,Bug: 185897866
platform/prebuilts/module_sdk/StatsD,prebuilt,platform,,Bug: 185897866
platform/prebuilts/module_sdk/Telephony,prebuilt,platform,,Bug: 436095022
platform/prebuilts/module_sdk/ThreadNetwork,prebuilt,platform,,Bug: 236088525
platform/prebuilts/module_sdk/UprobeStats,prebuilt,platform,,Bug: 362262495
platform/prebuilts/module_sdk/Uwb,prebuilt,platform,,Bug: 223810876
platform/prebuilts/module_sdk/WebApp,prebuilt,platform,,Bug: 509273825
platform/prebuilts/module_sdk/WebViewBootstrap,prebuilt,platform,,Bug: 318715319
platform/prebuilts/module_sdk/Wifi,prebuilt,platform,,Bug: 185897866
platform/prebuilts/module_sdk/art,prebuilt,platform,androidbp,Bug: 140858096
platform/prebuilts/module_sdk/conscrypt,prebuilt,platform,,Bug: 143681106
platform/prebuilts/ndk,prebuilt,platform,androidbp,
platform/prebuilts/ninja/darwin-x86,prebuilt,platform,,
platform/prebuilts/ninja/linux-arm64,prebuilt,platform,,Bug: 474618085
platform/prebuilts/ninja/linux-x86,prebuilt,platform,,
platform/prebuilts/ninja/windows-x86,prebuilt,platform,,
platform/prebuilts/protobuf,prebuilt,platform,,Bug: 157602344
platform/prebuilts/python/darwin-x86,prebuilt,platform,,
platform/prebuilts/python/darwin-x86/2.7.5,prebuilt,platform,,
platform/prebuilts/python/linux-arm64,prebuilt,platform,,Bug: 474618085
platform/prebuilts/python/linux-x86,prebuilt,platform,,
platform/prebuilts/python/linux-x86/2.7.5,prebuilt,platform,,
platform/prebuilts/python/windows-x86,prebuilt,platform,,
platform/prebuilts/qemu-kernel,prebuilt,platform,androidbp,
platform/prebuilts/r8,prebuilt,platform,androidbp,Bug: 67880159
platform/prebuilts/remoteexecution-client,prebuilt,platform,androidbp,Remote Execution Client remoteexecution-client is a tool that can be used to speed up Android Platform builds when used against a service that implements the Remote Execution API . We plan to open source remoteexecution-client in the future but don't yet have a timeline.
platform/prebuilts/renderscript/host/darwin-x86,prebuilt,platform,,
platform/prebuilts/renderscript/host/linux-x86,prebuilt,platform,,
platform/prebuilts/renderscript/host/windows-x86,prebuilt,platform,,
platform/prebuilts/runtime,prebuilt,platform,androidbp,
platform/prebuilts/rust,prebuilt,platform,androidbp,Bug: 135215133
platform/prebuilts/rust-toolchain/darwin,prebuilt,platform,androidbp,Bug: 458335153
platform/prebuilts/rust-toolchain/linux-arm64,prebuilt,platform,,Bug: 474618085
platform/prebuilts/rust-toolchain/linux-musl-x86,prebuilt,platform,androidbp,Bug: 458335153
platform/prebuilts/rust-toolchain/linux-x86,prebuilt,platform,androidbp,Bug: 458335153
platform/prebuilts/rust-toolchain/windows-x86,prebuilt,platform,,Bug: 458335153
platform/prebuilts/sdk,prebuilt,platform,androidbp,
platform/prebuilts/simpleperf,prebuilt,platform,,
platform/prebuilts/siso,prebuilt,platform,,Bug: 509273825
platform/prebuilts/studio/jdk,prebuilt,platform,,
platform/prebuilts/studio/layoutlib,prebuilt,platform,,
platform/prebuilts/studio/skiaparser,prebuilt,platform,,Bug: 330362735
platform/prebuilts/swig/darwin-x86,prebuilt,platform,,
platform/prebuilts/swig/linux-x86,prebuilt,platform,,
platform/prebuilts/swig/windows-x86,prebuilt,platform,,
platform/prebuilts/tools,prebuilt,platform,androidbp,
platform/prebuilts/trusty/sysroot,prebuilt,platform,,"Trusty TEE Application SDK This SDK provides the necessary libraries, headers, and toolchain for building Trusty applications for integration into the Trusty TEE. The Trusty API reference is available on our website . This SDK is currently in flux and no stability guarantees are currently provided. Future versions may add, remove, or change APIs. SDK structure make $ARCH/trusty_sdk.mk Makefile suitable for including into an existing build system. Sets up the CC , CXX , LD , CFLAGS , CXXFLAGS , ASMFLAGS , and LDFLAGS variables with appropriate values for building Trusty apps. Includes the function add-trusty-library that adds the needed flags to compile and link against a particular SDK library. See header comments in this file for more details. $ARCH/lib....mk Library-specific makefiles that append necessary compile and link flags to use that library. Should be used via add-trusty-library if using make. sysroots $ARCH Sysroot containing the userspace libraries and headers for the corre"
platform/prebuilts/vndk/v27,prebuilt,platform,androidbp,Bug: 111264136
platform/prebuilts/vndk/v28,prebuilt,platform,androidbp,Bug: 114665752
platform/prebuilts/vndk/v29,prebuilt,platform,androidbp,Bug: 140451723
platform/prebuilts/vndk/v30,prebuilt,platform,androidbp,Bug: 156460398
platform/prebuilts/vndk/v31,prebuilt,platform,androidbp,Bug: 184970112
platform/prebuilts/vndk/v32,prebuilt,platform,androidbp,Bug: 216552881
platform/prebuilts/vndk/v33,prebuilt,platform,androidbp,Bug: 234094049
platform/prebuilts/vndk/v34,prebuilt,platform,androidbp,Bug: 271933185
platform/sdk,aosp,platform/sdk,,Development Tools for the SDK
platform/smaratorg,aosp,platform/smaratorg,,Bug: 117210240
platform/superproject,meta,,androidbp,
platform/superproject/main,meta,,androidbp,
platform/superproject/main-plus-rust,meta,,androidbp,
platform/superproject/main-with-phones,meta,,,
platform/system/acpi/bert_collector,aosp,platform/system,androidbp,Bug: 362954346
platform/system/adb,aosp,platform/system,androidbp,
platform/system/apex,aosp,platform/system,"androidbp,rustfmt",Bug: 112515528
platform/system/ashmemd,aosp,platform/system,androidbp,Bug: 123524472
platform/system/attestation,aosp,platform/system,,
platform/system/authgraph,aosp,platform/system,"androidbp,cargo,rustfmt",Bug: 293191657
platform/system/bluetooth,aosp,platform/system,,bluetooth tools
platform/system/bpf,aosp,platform/system,"androidbp,rustfmt",Bug: 117234388
platform/system/bpfprogs,aosp,platform/system,androidbp,Bug: 117234388
platform/system/bt,aosp,platform/system,,This code has been migrated to platform/packages/modules/Bluetooth
platform/system/bvb,aosp,platform/system,,"Bug: 27310701
Owner: zeuthen"
platform/system/ca-certificates,aosp,platform/system,androidbp,
platform/system/chre,aosp,platform/system,androidbp,"Context Hub Runtime Environment (CHRE) This project contains the AOSP reference implementation of the Context Hub Runtime Environment (CHRE), which is Android’s platform for developing always-on applications, called nanoapps . CHRE runs in a vendor-specific processor that is independent of the main applications processor that runs Android. This enables CHRE and its nanoapps to be more power-efficient for use cases that require frequent background processing of contextual data, like sensor inputs. Nanoapps are written to the CHRE API, which is standardized across all platforms, enabling them to be code-compatible across different devices. The CHRE reference implementation (“CHRE framework”) is designed to be portable across hardware and software platforms. While Android does not require a particular implementation (only compliance to the contracts given in the CHRE API) using the reference implementation helps to reduce the work needed to support CHRE, while also ensuring more consisten"
platform/system/connectivity/apmanager,aosp,platform/system,,
platform/system/connectivity/dhcp_client,aosp,platform/system,,
platform/system/connectivity/shill,aosp,platform/system,,
platform/system/connectivity/wificond,aosp,platform/system,androidbp,
platform/system/connectivity/wifilogd,aosp,platform/system,androidbp,
platform/system/core,aosp,platform/system,"androidbp,rustfmt",minimal bootable environment
platform/system/crash_reporter,aosp,platform/system,,"crash_reporter crash_reporter is a deamon running on the device that saves the call stack of crashing programs. It makes use of the Breakpad library. During a build, Breakpad symbol files are generated for all binaries. They are packaged into a zip file when running m dist , so that a developer can upload them to the crash server. On a device, if the user has opted in to metrics and crash reporting, a Breakpad minidump is generated when an executable crashes, which is then uploaded to the crash server. On the crash server, it compares the minidump's signature to the symbol files that the developer has uploaded, and extracts and symbolizes the stack trace from the minidump. SELinux policies In order to correctly generate a minidump, crash_reporter needs to be given the proper SELinux permissions for accessing the domain of the crashing executable. By default, crash_reporter has only been given access to a select number of system domains, such as metricsd , weave , and update_engine . If"
platform/system/cros-codecs,aosp,platform/system,"androidbp,cargo,rustfmt","Cros-codecs A lightweight, simple, low-dependency, and hopefully safe crate for hardware-accelerated video decoding and encoding on Linux. It is developed for use in ChromeOS (particularly crosvm ), but has no dependency to ChromeOS and should be usable anywhere. Current features Simple decoder API, VAAPI decoder support (using cros-libva ) for H.264, H.265, VP8, VP9 and AV1, VAAPI encoder support for H.264, VP9 and AV1, Stateful V4L2 encoder support. Planned features Stateful V4L2 decoder support, Stateless V4L2 decoder support, Support for more encoder codecs, C API to be used in non-Rust projects. Non-goals Support for systems other than Linux. Example programs The ccdec example program can decode an encoded stream and write the decoded frames to a file. As such it can be used for testing purposes. $ cargo build -- examples $ ./ target / debug / examples / ccdec -- help Usage : ccdec <input> [-- output <output> ] -- input - format < input - format > [-- output - format < output - fo"
platform/system/desktop/adb-dbc-bridge,aosp,platform/system,,Bug: 354273334
platform/system/desktop/ap,aosp,platform/system,,Bug: 391548234
platform/system/desktop/ec,aosp,platform/system,,Bug: 353328518
platform/system/desktop/fingerprint,aosp,platform/system,,Bug: 390253879
platform/system/desktop/intel-pmt,aosp,platform/system,,Bug: 367288210
platform/system/desktop/security,aosp,platform/system,,Bug: 374131061
platform/system/dmesgd,aosp,platform/system,androidbp,Bug: 217586605
platform/system/extras,aosp,platform/system,rustfmt,debugging/inspection tools
platform/system/firewalld,aosp,platform/system,,
platform/system/fs/casefolding_remover,aosp,platform/system,,Bug: 509273825
platform/system/fs/fs_mgr,aosp,platform/system,,Bug: 509273825
platform/system/gatekeeper,aosp,platform/system,androidbp,
platform/system/gsid,aosp,platform/system,androidbp,Bug: 122471789
platform/system/hardware/interfaces,aosp,platform/system,androidbp,
platform/system/hwservicemanager,aosp,platform/system,androidbp,
platform/system/incremental_delivery,aosp,platform/system,,Bug: 145679993
platform/system/iorap,aosp,platform/system,,Bug: 72046865
platform/system/iot/attestation,aosp,platform/system,,
platform/system/iot/mtdutils,aosp,platform/system,,
platform/system/iot/tools,aosp,platform/system,,"emmc_image.py is a tool to generate an eMMC USER image. Requirement: Python 2.7 simg2img Used to unsparse Android sparse images Source code available at https://android.googlesource.com/platform/system/core/+/master/libsparse/ Prebuilt binaries Debian >= Stretch or Ubuntu >= 17.10 sudo apt-get install simg2img The simg2img binary should either be available in PATH or SIMG2IMG_BIN should be set to its path. This currently lives in AOSP here: https://android.googlesource.com/platform/system/iot/tools/ Factory image downloaded from console in both slots: ./emmc_image.py --out emmc.zip --factory_files console_build.zip --all-slots Custom images in slot A, factory image downloaded from console in slot B: ./emmc_image.py --out emmc.zip --factory_files console_build.zip \ --all-slots \ --partition boot_a custom_boot.img \ --partition system_a custom_system.img \ --partition vbmeta_a custom_vbmeta.img Dump partition table: parted emmc.img"
platform/system/keyguard,aosp,platform/system,,
platform/system/keymaster,aosp,platform/system,androidbp,
platform/system/keymint,aosp,platform/system,"androidbp,cargo,rustfmt","KeyMint Rust Reference Implementation This repository holds a reference implementation of the Android KeyMint HAL , including closely related HAL interfaces: IRemotelyProvisionedComponent ISharedSecret ISecureClock Repository Structure The codebase is divided into a number of interdependent crates, as follows. derive/ : The kmr-derive crate holds proc macros used for deriving the kmr_wire::AsCborValue trait that is used for message serialization. This crate uses std , but is only required for the build process on the host, and does not produce code that runs on the device. wire/ : The kmr-wire crate holds the types that are used for communication between the userspace HAL service and the trusted application code that runs in the secure world, together with code for serializing and deserializing these types as CBOR. This crate is no_std but uses alloc . common/ : The kmr-common crate holds common code used throughout the KeyMint implementation. This includes metadata processing code, ke"
platform/system/lfi,aosp,platform/system,,Bug: 509273825
platform/system/libartpalette,aosp,platform/system,androidbp,Bug: 143843616
platform/system/libbase,aosp,platform/system,androidbp,"libbase Who is this library for? This library is a collection of convenience functions to make common tasks easier and less error-prone. In this context, “error-prone” covers both “hard to do correctly” and “hard to do with good performance”, but as a general purpose library, libbase's primary focus is on making it easier to do things easily and correctly when a compromise has to be made between “simplest API” on the one hand and “fastest implementation” on the other. Though obviously the ideal is to have both. Should my routine be added? The intention is to cover the 80% use cases, not be all things to all users. If you have a routine that‘s really useful in your project, congratulations. But that doesn’t mean it should be here rather than just in your project. The question for libbase is “should everyone be doing this?”/“does this make everyone's code cleaner/safer?”. Historically we've considered the bar for inclusion to be “are there at least three unrelated projects that would be"
platform/system/libcppbor,aosp,platform/system,androidbp,"LibCppBor: A Modern C++ CBOR Parser and Generator LibCppBor provides a natural and easy-to-use syntax for constructing and parsing CBOR messages. It does not (yet) support all features of CBOR, nor (yet) support validation against CDDL schemata, though both are planned. CBOR features that aren't supported include: Parsing Indefinite length view-only values for major types 2 (byte string) and 3 (text string) Writing Indefinite length values Semantic tagging Half floating point LibCppBor requires C++-17. CBOR representation LibCppBor represents CBOR data items as instances of the Item class or, more precisely, as instances of subclasses of Item , since Item is a pure interface. The subclasses of Item correspond almost one-to-one with CBOR major types, and are named to match the CDDL names to which they correspond. They are: Uint corresponds to major type 0, and can hold unsigned integers up through (2^64 - 1). Nint corresponds to major type 1. It can only hold values from -1 to -(2^63 -"
platform/system/libfmq,aosp,platform/system,"androidbp,rs_file",
platform/system/libhidl,aosp,platform/system,androidbp,
platform/system/libhwbinder,aosp,platform/system,androidbp,
platform/system/libprocinfo,aosp,platform/system,androidbp,Bug: 163786882
platform/system/librustutils,aosp,platform/system,"androidbp,rs_file",Bug: 195061451
platform/system/libskuconfig,aosp,platform/system,,Bug: 509273825
platform/system/libsysprop,aosp,platform/system,,Bug: 120044577
platform/system/libueventd-rs,aosp,platform/system,,Bug: 423674251
platform/system/libufdt,aosp,platform/system,androidbp,
platform/system/liburingutils,aosp,platform/system,androidbp,Bug: 388560452
platform/system/libvintf,aosp,platform/system,androidbp,
platform/system/libziparchive,aosp,platform/system,androidbp,Bug: 149737100
platform/system/linkerconfig,aosp,platform/system,androidbp,"LinkerConfig Introduction Linkerconfig is a program to generate linker configuration based on the runtime environment. Linkerconfig generates one or more ld.config.txt files and some other files under /linkerconfig during init. Linker will read this generated configuration file(s) to find out link relationship between libraries and executable. Inputs TODO: explain inputs (e.g. /system/etc/public.libraries.txt, /apex/apex-info-list.xml, ..) linker.config.json Linker configuration file can be used to add extra information while linkerconfig creates linker configuration with the module. This module can be defined as linker_config from Soong, and it will be translated as protobuf file at build time. A linker configuration file(linker.config.json) is compiled into a protobuf at build time by conv_linker_config . You can find the compiled file under <base>/etc/linker.config.pb . For example, /apex/com.android.art/etc/linker.config.pb is a configuration for the com.android.art APEX. /system/e"
platform/system/logging,aosp,platform/system,rust_dir,Bug: 168791309
platform/system/media,aosp,platform/system,androidbp,
platform/system/memory/amemdiff,aosp,platform/system,,Bug: 450016908
platform/system/memory/guardian,aosp,platform/system,,Bug: 509273825
platform/system/memory/libdmabufheap,aosp,platform/system,androidbp,Bug: 156383721
platform/system/memory/libion,aosp,platform/system,androidbp,Bug: 141634854
platform/system/memory/libmeminfo,aosp,platform/system,androidbp,Bug: 141634854
platform/system/memory/libmemtrack,aosp,platform/system,androidbp,Bug: 141634854
platform/system/memory/libmemunreachable,aosp,platform/system,androidbp,"libmemunreachable Introduction libmemunreachable is a zero-overhead native memory leak detector. It uses an imprecise mark-and-sweep garbage collector pass over all native memory, reporting any unreachable blocks as leaks. It is similar to the Heap Checker from tcmalloc , but with a few key differences to remove the overhead. Instead of instrumenting every call to malloc and free, it queries the allocator (jemalloc) for active allocations when leak detection is requested. In addition, it performs a very short stop-the-world data collection on the main process, and then forks a copy of the process to perform the mark-and-sweep, minimizing disruption to the original process. In the default (zero-overhead) mode, the returned data on leaks is limited to the address, approximate (upper bound) size, and the the first 32 bytes of the contents of the leaked allocation. If malloc_debug backtraces are enabled they will be included in the leak information, but backtracing allocations requires sig"
platform/system/memory/libwrapfd,aosp,platform/system,,Bug: 509273825
platform/system/memory/lmkd,aosp,platform/system,androidbp,Android Low Memory Killer Daemon Introduction Android Low Memory Killer Daemon (lmkd) is a process monitoring memory state of a running Android system and reacting to high memory pressure by killing the least essential process(es) to keep system performing at acceptable levels. Background Historically on Android systems memory monitoring and killing of non-essential processes was handled by a kernel lowmemorykiller driver. Since Linux Kernel 4.12 the lowmemorykiller driver has been removed and instead userspace lmkd daemon performs these tasks. Android Properties lmkd can be configured on a particular system using the following Android properties: ro.config.low_ram : choose between low-memory vs high-performance device. Default = false. ro.lmk.use_minfree_levels : use free memory and file cache thresholds for making decisions when to kill. This mode works the same way kernel lowmemorykiller driver used to work. Default = false ro.lmk.low : min oom_adj score for processes eligible to be
platform/system/memory/mm_eventsd,aosp,platform/system,,Bug: 173144936
platform/system/memory/mmd,aosp,platform/system,"androidbp,rustfmt","mmd TBD Apply rustfmt Before upload your changes, please apply rustfmt. rustfmt + nightly **/*. rs"
platform/system/metricsd,aosp,platform/system,,"Metricsd The metricsd daemon is used to gather metrics from the platform and application, aggregate them and upload them periodically to a server. The metrics will then be available in their aggregated form to the developer for analysis. Three components are provided to interact with metricsd : libmetrics , metrics_collector and metrics_client . The Metrics Library: libmetrics libmetrics is a small library that implements the basic C++ API for metrics collection. All metrics collection is funneled through this library. The easiest and recommended way for a client-side module to collect user metrics is to link libmetrics and use its APIs to send metrics to metricsd for transport to UMA. In order to use the library in a module, you need to do the following: Add a dependency on the shared library in your Android.mk file: LOCAL_SHARED_LIBRARIES += libmetrics To access the metrics library API in the module, include the <metrics/metrics_library.h> header file. The API is documented in metric"
platform/system/nativepower,aosp,platform/system,,
platform/system/netd,aosp,platform/system,androidbp,
platform/system/nfc,aosp,platform/system,,
platform/system/nvram,aosp,platform/system,androidbp,"Access-controlled NVRAM implementation This repository contains various pieces related to the Access-controlled NVRAM HAL. In a nutshell, the Access-controlled NVRAM HAL allows creation of NVRAM spaces that can hold arbitrary data blobs of limited size. Access restrictions can be configured on each NVRAM space to prevent the contents from being accessed or modified, up to the point of requiring full hardware reset to clear a locked NVRAM space. This can be used for various security features that require a trusted storage location for critical data that an attacker can't tamper with. For details of the NVRAM HAL API, see hardware/libhardware/include/hardware/nvram.h . client Contains a simple command-line application to interact with the NVRAM HAL implementation. This is useful for experimentation and use in scripts. nvram-client receives commands and parameters on the command line and translates them to NVRAM HAL calls. Results are printed on stdout. core A reference implementation of"
platform/system/peripheralmanager,aosp,platform/system,,b/26688425
platform/system/secretkeeper,aosp,platform/system,"androidbp,cargo,rustfmt","Secretkeeper Secretkeeper provides secure storage of secrets on behalf of other components in Android. It is specified as a HAL and must be implemented in an environment with privilege higher than any of its clients. Typically this will be a trusted execution environment such as ARM TrustZone. The core SecretManagement API is a CBOR based protocol and can be used to store (& get) 32 bytes of secret data. Secretkeeper supports establishing a secure channel with clients as well as deletion of some or all data. AuthGraph key exchange The requests (from the client) & responses (from Secretkeeper) must be encrypted using symmetric keys agreed between the client & service. For this, Secretkeeper (& client) must implement the AuthGraph key exchange protocol to establish a secure channel between them. In the key exchange protocol, the client acts as P1 (source) and Secretkeeper as P2 (sink). The interface returned by getAuthGraphKe() can be used to invoke methods on the sink. Policy Gated Stor"
platform/system/secure_element,aosp,platform/system,rustfmt,Bug: 397456726
platform/system/security,aosp,platform/system,"androidbp,rustfmt",
platform/system/see/authmgr,aosp,platform/system,"androidbp,rustfmt",Bug: 350548969
platform/system/sepolicy,aosp,platform/system,androidbp,"Android SEPolicy This directory contains the core Android SELinux policy configuration. It defines the domains and types for the AOSP services and apps common to all devices. Device-specific policy should be placed under a separate device/<vendor>/<board>/sepolicy subdirectory and linked into the policy build as described below. Policy Generation Additional, per device, policy files can be added into the policy build. These files should have each line including the final line terminated by a newline character ( 0x0A ). This will allow files to be concatenated and processed whenever the m4 (1) macro processor is called by the build process. Adding the newline will also make the intermediate text files easier to read when debugging build failures. The sets of file, service and property contexts files will automatically have a newline inserted between each file as these are common failure points. These device policy files can be configured through the use of the BOARD_VENDOR_SEPOLICY_DIRS"
platform/system/server_configurable_flags,aosp,platform/system,androidbp,Bug: 118323586
platform/system/software_defined_vehicle/automotive_services,aosp,platform/system,,Bug: 509273825
platform/system/software_defined_vehicle/common,aosp,platform/system,,Bug: 509273825
platform/system/software_defined_vehicle/health_monitor,aosp,platform/system,,Bug: 509273825
platform/system/software_defined_vehicle/lifecycle_management,aosp,platform/system,,Bug: 509273825
platform/system/software_defined_vehicle/middleware,aosp,platform/system,,Bug: 509273825
platform/system/software_defined_vehicle/orchestration,aosp,platform/system,,Bug: 509273825
platform/system/software_defined_vehicle/platform,aosp,platform/system,,Bug: 509273825
platform/system/software_defined_vehicle/samples,aosp,platform/system,,Bug: 509273825
platform/system/software_defined_vehicle/sdv_gateway,aosp,platform/system,,Bug: 509273825
platform/system/software_defined_vehicle/service_bundles_registry,aosp,platform/system,,Bug: 509273825
platform/system/software_defined_vehicle/some_ip,aosp,platform/system,,Bug: 509273825
platform/system/software_defined_vehicle/telemetry,aosp,platform/system,,Bug: 509273825
platform/system/software_defined_vehicle/tools,aosp,platform/system,,Bug: 509273825
platform/system/software_defined_vehicle/update_manager,aosp,platform/system,,Bug: 509273825
platform/system/software_defined_vehicle/vpm,aosp,platform/system,,
platform/system/software_defined_vehicle/vsidl,aosp,platform/system,,Bug: 509273825
platform/system/teeui,aosp,platform/system,androidbp,Bug: 139700998
platform/system/testing/gtest_extras,aosp,platform/system,,Bug: 112605091
platform/system/timezone,aosp,platform/system,,
platform/system/tools/aidl,aosp,platform/system,"androidbp,rustfmt",Documentation for this project is currently maintained here: https://source.android.com/devices/architecture/aidl/overview
platform/system/tools/bpt,aosp,platform/system,,
platform/system/tools/hidl,aosp,platform/system,androidbp,hidl-gen Full documentation can be found here: https://source.android.com/devices/architecture/hidl/ hidl-gen is a compiler for the HIDL (HAL Interface Design Language) which generates C++ and Java endpoints for RPC mechanisms. The main userspace libraries which this compiler uses can be found at system/libhidl. 1. Build m hidl-gen 2. Run Note that options for hidl-gen expected to be invoked by the build system are marked with ‘internal’ in the help menu. hidl-gen -h hidl-gen -o output -L c++-impl -r android.hardware:hardware/interfaces -r android.hidl:system/libhidl/transport android.hardware.nfc@1.0 Some defaults for package roots are also provided hidl-gen -o output -L c++-impl android.hardware.nfc@1.0 hidl-gen -o output -L vts android.hardware.nfc@1.0 hidl-gen -L hash android.hardware.nfc@1.0 Example command for vendor project hidl-gen -L c++-impl -r vendor.foo:vendor/foo/interfaces vendor.foo.nfc@1.0 See update-makefiles-helper.sh and update-all-google-makefiles.sh for examples of
platform/system/tools/mkbootimg,aosp,platform/system,"androidbp,rust_dir",Bug: 133171083
platform/system/tools/sysprop,aosp,platform/system,androidbp,Bug: 111328558
platform/system/tools/xsdc,aosp,platform/system,androidbp,"ConfigFile as API The ConfigFile as API is a formal Treble interface describing schemas of configuration files used across system and vendor partitions. The Java APIs in the current.txt file are not Java APIs for apps. It's a proxy for the schema of a xml file used between the system and vendor partition. The xml files are only ever parsed by apps on the system partition. Add Schema Add the schema (attribute, element or new complexType …) you want to add to the xsd file. before <xs:element name = ""class"" > <xs:complexType> <xs:sequence> <xs:element name = ""student"" type = ""xs:string"" /> </xs:sequence> <xs:attribute name = ""name"" type = ”xs:string” /> </xs:complexType> </xs:element> after <xs:element name = ""class"" > <xs:complexType> <xs:sequence> <xs:element name = ""student"" type = ""xs:string"" /> </xs:sequence> <xs:attribute name = ""name"" type = ”xs:string” /> <xs:attribute name = ""number"" type = ""xs:int"" /> </xs:complexType> </xs:element> Then run “make {xsd_config module_name} .docs-"
platform/system/tpm,aosp,platform/system,,
platform/system/tpm_manager,aosp,platform/system,,
platform/system/trunks,aosp,platform/system,,
platform/system/ucontainer,aosp,platform/system,,Bug: 116830225
platform/system/unwinding,aosp,platform/system,,Bug: 163786882
platform/system/update_engine,aosp,platform/system,androidbp,Chrome OS Update Process Contents Life of an A/B Update Generation Distribution/Configuration Installation Update Engine Daemon Interactive vs Non-Interactive vs. Forced Updates Network Logs Update Payload Generation Update Payload File Specification Delta vs. Full Update Payloads Major and Minor versions Signed vs Unsigned Payloads update_payload Scripts Postinstall Building Update Engine Setup Building Running Unit Tests Initiating a Configured Update Note to Developers and Maintainers Do NOT Break Backward Compatibility Think About The Future Prefer Not To Implement Your Feature In The Updater Client Be Respectful Of Other Code Bases Merging from Android (or other code bases)
platform/system/usb,aosp,platform/system,,Bug: 509273825
platform/system/usb_info_tools,aosp,platform/system,,Bug: 367203169
platform/system/vold,aosp,platform/system,androidbp,
platform/system/weaved,aosp,platform/system,,
platform/system/weaver,aosp,platform/system,,Bug: 509273825
platform/system/webservd,aosp,platform/system,,
platform/system/wifi,aosp,platform/system,,
platform/system/wlan/ti,aosp,platform/system,,TI 1251 WLAN driver and tools
platform/system/zygote,aosp,platform/system,,Bug: 390677003
platform/test/AfwTestHarness,aosp,platform/test,,
platform/test/app_compat/c-suite,aosp,platform/test,,Bug: 140192942
platform/test/app_compat/csuite,aosp,platform/test,androidbp,"Android App Compatibility Test Suite (C-Suite) C-Suite consists of the testing framework and test cases, designed to detect and report app compatibility issues."
platform/test/catbox,aosp,platform/test,,Bug: 199275786
platform/test/cts-root,aosp,platform/test,,"Android Compatibility Test Suite - Root extension (CTS-Root) This is an extension the main CTS test suite, for general compatibility tests that require root privileges or a debuggable device. Note that the name of this suite in the build system is CTS_ROOT (with an underscore), so this is built with m cts_root and tests must be tagged with cts_root in their test_suites to be included. However in tradefed the name is cts-root (with a hyphen), so use cts-root-tradefed to run it, and run cts-root to run the default cts-root plan."
platform/test/dittosuite,aosp,platform/test,androidbp,"Dittosuite Dittosuite is a collection of tools that simplifies writing and running complex workloads. These workloads are defined by a set of instructions including, but not limited to, CPU load, memory allocations, file system operations, Binder IPC, that can be combined to run sequentially or in parallel. A new high-level language, Dittolang, defines the workload in the form of a textual representation of Protocol Buffers (aka .ditto files). The operations defined in the .ditto files are interpreted and executed by Dittobench on the target device. Benchmarking During the Dittobench execution of the instructions defined in the .ditto file, the tool tracks performance metrics such as execution time and I/O bandwidth (more in the Sampling section). Doxygen documentation In addition to this readme, the project includes a Doxygen configuration, which can be generated with the following command: $ doxygen How to run $ ./dittobench [options] [.ditto file] To run a benchmark, a well formed ."
platform/test/framework,aosp,platform/test,,
platform/test/graphics,aosp,platform/test,,Bug: 457231668
platform/test/mlts/benchmark,aosp,platform/test,androidbp,Bug: 79732812
platform/test/mlts/models,aosp,platform/test,androidbp,Bug: 79732812
platform/test/mts,aosp,platform/test,,"Android Mainline Test Suite (MTS) MTS consists of a set of testing frameworks and test cases, designed to help enhance the robustness, reliability, and compliance of a mainline train (i.e. a set of mainline modules). MTS has mainly three types of tests: Unit tests CTS tests GTS tests //TODO: add user manual"
platform/test/p2pts,aosp,platform/test,,Bug: 65178352
platform/test/robolectric-extensions,aosp,platform/test,androidbp,Bug: 282074519
platform/test/sts,aosp,platform/test,,
platform/test/suite_harness,aosp,platform/test,,Bug: 111264136
platform/test/vti/alert,aosp,platform/test,,
platform/test/vti/dashboard,aosp,platform/test,,
platform/test/vti/fuzz_test_serving,aosp,platform/test,,
platform/test/vti/test_serving,aosp,platform/test,,
platform/test/vts,aosp,platform/test,,
platform/test/vts-testcase/fuzz,aosp,platform/test,,
platform/test/vts-testcase/hal,aosp,platform/test,,
platform/test/vts-testcase/hal-trace,aosp,platform/test,,
platform/test/vts-testcase/kernel,aosp,platform/test,,
platform/test/vts-testcase/nbu,aosp,platform/test,,Bug: 67742483
platform/test/vts-testcase/performance,aosp,platform/test,,
platform/test/vts-testcase/security,aosp,platform/test,androidbp,
platform/test/vts-testcase/vndk,aosp,platform/test,androidbp,
platform/tools/aadevtools,aosp,platform/tools,,"Android Automotive Developer Tools AADevT contains tools for AA device developers to improve their productivity. Fully unbundle from Android versions, and use the AOSP trunk based development model. Bridge the app ecosystem for Android Automotive OS because device developers are the key producers for the core apps. Leverage Android app developer tools that a few million developers use. Contents Dev Tools Change Reports change_report.py sysui_oem_diff.sh System Performance Tuning Android Virtual Device as a Development Platform"
platform/tools/acloud,aosp,platform/tools,androidbp,Bug: 70351532
platform/tools/adt/eclipse,aosp,platform/tools,,
platform/tools/adt/idea,aosp,platform/tools,,
platform/tools/analytics-library,aosp,platform/tools,,
platform/tools/apifinder,aosp,platform/tools,androidbp,Bug: 134968344
platform/tools/apksig,aosp,platform/tools,androidbp,"apksig apksig is a project which aims to simplify APK signing and checking whether APK signatures are expected to verify on Android. apksig supports JAR signing (used by Android since day one) and APK Signature Scheme v2 (supported since Android Nougat, API Level 24). apksig is meant to be used outside of Android devices. The key feature of apksig is that it knows about differences in APK signature verification logic between different versions of the Android platform. apksig thus thoroughly checks whether an APK's signature is expected to verify on all Android platform versions supported by the APK. When signing an APK, apksig chooses the most appropriate cryptographic algorithms based on the Android platform versions supported by the APK being signed. The project consists of two subprojects: apksig -- a pure Java library, and apksigner -- a pure Java command-line tool based on the apksig library. apksig library apksig library offers three primitives: ApkSigner which signs the provided"
platform/tools/apkzlib,aosp,platform/tools,androidbp,Bug: 71699600
platform/tools/appbundle,aosp,platform/tools,androidbp,
platform/tools/asuite,aosp,platform/tools,androidbp,Bug: 111883332
platform/tools/base,aosp,platform/tools,,
platform/tools/bdk,aosp,platform/tools,,The Brillo Developer Kit (BDK) This is the bdk which is used to build Brillo. Directory Listing cli/ : The main body of code that makes up the bdk tool. schema/ : Specification for the user's project.xml files. CHANGES : A log highlighting major features across releases. VERSION : This file should be the source of truth of the version number for a checkout. It will be updated by Builders and used by tools needing version information.
platform/tools/build,aosp,platform/tools,,"What is this? The official Gradle plugin to build Android applications. DSL The plugin adds several concepts to the Gradle DSL, all in the android extension: A default config . This lets you configure default values for your application. A product flavor . For example, a free or a paid-for flavour. A build type . There are 2 predefined build types, called release and debug . You can add additional build types. If you do not define any flavors for your product, only the values from the default config are used. Flavor settings override the default config. From this, the plugin will add the appropriate tasks to build each combination of build type and product flavor. The plugin will also define the following source directories: src/main/java - Java source to be included in all application variants. src/main/res - Resources to be included in all application variants. `src/main/AndroidManifest.xml' - The application manifest (currently shared by all application variants). src/$BuildType/jav"
platform/tools/buildSrc,aosp,platform/tools,,
platform/tools/camera,aosp,platform/tools,,Bug: 356414855
platform/tools/carrier_settings,aosp,platform/tools,androidbp,Bug: 162952352
platform/tools/cmake-utils,aosp,platform/tools,,Bug: b/26442632
platform/tools/content_addressed_storage/prebuilts,prebuilt,platform,androidbp,Bug: 286886682
platform/tools/content_addressed_storage/src,aosp,platform/tools,,Bug: 286886682
platform/tools/currysrc,aosp,platform/tools,,Bug: 119806864
platform/tools/dctv-tracedb,aosp,platform/tools,,"What is this thing? DCTV is a trace analysis tool and viewer. How do I locally develop? Get the source code You're looking at it. Post-checkout repository initialization ./setup-git-hooks.sh First build and automatic sanity check make -j4 check Clean native code make clean-native Building with -O0 and asserts make clean-native # Optional make -j4 dev-debug Building with -O0 and asserts and GCC make clean-native # Optional make -j4 dev-debug CXX=g++-8 Run random tests ./pytest src/dctv/myfile.py:mytest Compiling a package with debug symbols ./venv/run pip3 uninstall numpy ./venv/run pip3 install --no-binary=:all: --no-deps -vvvv --global-option={build_ext,-g} numpy==1.15.4 Submitting git push origin HEAD:refs/for/master Print raw DCTV snapshot data sed -nre 's/^# (\{.*)/\1/p' < dctv.trace | jq -r '.[""snapshots""][0]' > raw_snapshot As a side effect of the git push , git will print a Gerrit URL that you can use to manage your CL and eventually submit it. How do I use this thing? Start up"
platform/tools/deviceinfra/prebuilts,prebuilt,platform,androidbp,Bug: 301581528
platform/tools/dexter,aosp,platform/tools,androidbp,This is the home of the .dex manipulation library (slicer) and command line tool (dexter). Both the command line tool and the library can be built for host and device targets. To build dexter: $ m dexter To test dexter: # in tools/dexter (and assuming a Linux host) $ python dexter/dexter_tests.py -cmd ../../out/host/linux-x86/bin/dexter -root testdata
platform/tools/doc_generation,aosp,platform/tools,androidbp,Bug: 139312525
platform/tools/dokka-devsite-plugin,aosp,platform/tools,,Bug: 153086942
platform/tools/emulator,aosp,platform/tools,,
platform/tools/external/bazelbuild-rules-kotlin,third_party,,,Bug: 126427048
platform/tools/external/fat32lib,third_party,,androidbp,
platform/tools/external/go/src/github.com/go-gl-legacy/gl,third_party,,,"gl | OpenGL Bindings for golang You will need GLEW at least version 1.5.4. Once GLEW is installed, you can install this package with go get : go get github.com/go-gl-legacy/gl Contact / discussion mailing list The discussion is hosted on google groups . We can also be found periodically on IRC, #go-gl on freenode . Documentation and examples Autogenerated documentation can be found on godoc.org , and the more thorough official GL SDK documentation applies. Examples can be found in our examples repository . More libraries: Easy windowing, meshes, text rendering, etc: GLFW bindings for easy windowing, input etc. gltext a native go library for glyph packing and text rendering glu GLU bindings glchart a go chart OpenGL backend gldebug graphical timing and memory debugging utilities Problems and contributing If you encounter any problems please file an issue . Pull requests are welcome. We're looking for contributors! Setting your GOPATH For the above go get to work without without requirin"
platform/tools/external/go/src/github.com/go-gl/glfw,third_party,,,"Go Bindings for GLFW 3.1 ATTENTION: As of GLFW 3.1 we break API. See Changelog below. See here for documentation. You can help by submitting examples to go-gl/examples . Installation Installation is easy, just go get github.com/go-gl/glfw/v3.1/glfw and be done ( GLFW sources are included so you don't have to build GLFW on your own )! Go 1.4 is required on Windows (otherwise you must use MinGW v4.8.1 exactly, see Go issue 8811 ). Usage package main import ( ""runtime"" ""github.com/go-gl/glfw/v3.1/glfw"" ) func init() { // This is needed to arrange that main() runs on main thread. // See documentation for functions that are only allowed to be called from the main thread. runtime.LockOSThread() } func main() { err := glfw.Init() if err != nil { panic(err) } defer glfw.Terminate() window, err := glfw.CreateWindow(640, 480, ""Testing"", nil, nil) if err != nil { panic(err) } window.MakeContextCurrent() for !window.ShouldClose() { // Do OpenGL stuff window.SwapBuffers() glfw.PollEvents() } } Chan"
platform/tools/external/go/src/github.com/golang/protobuf,third_party,,,
platform/tools/external/go/src/golang.org/x/net,third_party,,,
platform/tools/external/go/src/golang.org/x/tools,third_party,,,
platform/tools/external/gradle,third_party,,,
platform/tools/external_updater,aosp,platform/tools,androidbp,"external_updater external updater is a tool to automatically update libraries in external/. The documentation on this page is for users of external_updater . If you're looking for developer docs, see docs/dev.md . Usage In each of the examples below, $PROJECT_PATH is the path to the project to operate on. If more than one path is given, external_updater will operate on each in turn. Make sure you have initialized Android main source code: repo init - u URL [ options ] repo sync To use this tool, a METADATA file must present at the root of the repository. The full definition can be found in metadata.proto . Or external/toybox/METADATA is a concrete example. From within your working directory, source the envsetup.sh script to set up your build environment and pick a target to build with the lunch command. You can pass any target that you want. After upgrading a project, external_updater starts building for the selected lunch target: source build / envsetup . sh lunch aosp_cf_x86_64_phone"
platform/tools/google_prebuilts/studio/sdk/remote,aosp,platform/tools,,Bug: 156112651
platform/tools/gpu,aosp,platform/tools,,"Android gpu tools The android.googlesource.com/platform/tools/gpu project holds the code for the android gpu inspection, debugging and profiling tools. You can view the full documentation on godoc.org here . Interesting points to start from are: The apic tool http://godoc.org/android.googlesource.com/platform/tools/gpu.git/api/apic The gpu debugging gapis http://godoc.org/android.googlesource.com/platform/tools/gpu.git/server"
platform/tools/gpu-profiler/idea,aosp,platform/tools,,Bug: 427978834
platform/tools/gradle,aosp,platform/tools,,
platform/tools/gradle-recipes,aosp,platform/tools,,Bug: 156614086
platform/tools/idea,aosp,platform/tools,,
platform/tools/lint_checks,aosp,platform/tools,,Bug: 275088514
platform/tools/loganalysis,aosp,platform/tools,androidbp,
platform/tools/mainline,aosp,platform/tools,,Bug: 509273825
platform/tools/metalava,aosp,platform/tools,androidbp,"Metalava Metalava is a metadata generator intended for JVM type projects. The main users of this tool are Android Platform and AndroidX libraries, however this tool also works on non-Android libraries. Metalava has many features related to API management. Some examples of the most commonly used ones are: Allows extracting the API (into signature text files, into stub API files which in turn get compiled into android.jar, the Android SDK library) and more importantly to hide code intended to be implementation only, driven by javadoc comments like @hide, @doconly, @removed, etc, as well as various annotations. Extracting source level annotations into external annotations file (such as the typedef annotations, which cannot be stored in the SDK as .class level annotations) to ship alongside the Android SDK and used by Android Lint. Diffing versions of the API and determining whether a newer version is compatible with the older version. (See COMPATIBILITY.md ) Building and running To downlo"
platform/tools/motodev,aosp,platform/tools,,
platform/tools/multitest_transport,aosp,platform/tools,,Bug: 146388542
platform/tools/ndkports,aosp,platform/tools,,"ndkports A collection of Android build scripts for various third-party libraries and the tooling to build them. If you're an Android app developer looking to consume these libraries, this is probably not what you want. This project builds AARs to be published to Maven. You most likely want to use the AAR, not build it yourself. Note: Gradle support for consuming these artifacts from an AAR is a work in progress. Ports Each third-party project is called a “port”. Ports consist of a description of where to fetch the source, apply any patches needed, build, install, and package the library into an AAR. A port is a subclass of the abstract Kotlin class com.android.ndkports.Port . Projects define the name and version of the port, the URL to fetch source from, a list of modules (libraries) to build, and the build steps. See the Port class for documentation on the port API. Individual port files are kept in ports/$name/port.kts . For example, the cURL port is ports/curl/port.kts . Building a"
platform/tools/netsim,aosp,platform/tools,"androidbp,rust_dir",netsim - a network simulation tool for multi-device use cases Netsim is a development stage open-source tool for testing and analysis of android multi-device apps and frameworks. It offers radio level control and HCI tracing.
platform/tools/repohooks,aosp,platform/tools,,AOSP Preupload Hooks This repo holds hooks that get run by repo during the upload phase. They perform various checks automatically such as running linters on your code. Note: Currently all hooks are disabled by default. Each repo must explicitly turn on any hook it wishes to enforce. Contents AOSP Preupload Hooks Usage Bypassing Config Files GLOBAL-PREUPLOAD.cfg PREUPLOAD.cfg Example Environment Placeholders Examples [Options] [Hook Scripts] [Builtin Hooks] [Builtin Hooks Options] [Builtin Hooks Exclude Paths] [Tool Paths] Hook Developers Warnings TODO/Limitations
platform/tools/repohooks-trampoline,aosp,platform/tools,,
platform/tools/rootcanal,aosp,platform/tools,,Bug: 424168682
platform/tools/rr_prebuilt,aosp,platform/tools,,"rr prebuilts This directory contains the prebuilt binaries for rr . These binaries come from aosp-rr-dev . See toolchain/rr/android/README.md for information about how to build and update that project. Updating prebuilts To update the prebuilt binaries in this directory to a newer version from ci.android.com, run: $ ./ update . sh $BUILD_ID $BUILD_ID is optional. If omitted, the latest completed build will be used. Development guide for update.py The development environment is managed using Poetry . If you need to make a non-trivial change you will want to install that so you can run the linters, formatters, and tests. Once installed, run poetry install in this directory to install the development dependencies. Run the type checker and linter with make lint . Auto-format the code with make format . Run the tests with make test Run all of the above with make check or just make . Managing dependencies New dependencies can be added with poetry add <name> or removed with poetry add <name>"
platform/tools/security,aosp,platform/tools,rustfmt,Bug: 77098416
platform/tools/strictdeps,aosp,platform/tools,,Bug: 509273825
platform/tools/studio/cloud,aosp,platform/tools,,
platform/tools/studio/google/appindexing,aosp,platform/tools,,
platform/tools/studio/google/cloud/testing,aosp,platform/tools,,
platform/tools/studio/google/cloud/tools,aosp,platform/tools,,
platform/tools/studio/google/login,aosp,platform/tools,,
platform/tools/studio/google/play,aosp,platform/tools,,
platform/tools/studio/google/samples,aosp,platform/tools,,
platform/tools/studio/google/services,aosp,platform/tools,,
platform/tools/studio/translation,aosp,platform/tools,,
platform/tools/swing-testing,aosp,platform/tools,,
platform/tools/swt,aosp,platform/tools,,
platform/tools/test/connectivity,aosp,platform/tools,,
platform/tools/test/desktop/mobly,aosp,platform/tools,,Bug: 509273825
platform/tools/test/graphicsbenchmark,aosp,platform/tools,,Bug: 74757627
platform/tools/test/mobly_extensions,aosp,platform/tools,androidbp,Bug: 273584679
platform/tools/test/mobly_snippets,aosp,platform/tools,,Bug: 220386126
platform/tools/test/openhst,aosp,platform/tools,,"OpenHST : Open sourced Hotword Stress Test tool Hotword stress test tool is a python script to measure the Google Hotword performance on Android devices with simple test set up. The goal of OpenHST is making Google Hotword Stress Test tool as an open source project so that Android Partners can easily adapt on their development. Overview Prerequsite Before setting up your HST test environment, please make sure to meet following preconditions. DSP hotword capability on test device (android handset) ADB connection between the test server and android handset Internet connection on android handset No screen lock setting on android handset Install Homebrew (Mac) Install pyenv for Linux and Mac. Install GNU make(3.81 above) on test machine (Linux, Mac, Windows) Test environment setup Please follow below steps to set up HST on your test machine and make sure that no error popped up during the installation. Linux & Mac pyenv install 3.6.8 pyenv shell 3.6.8 make start chmod +x ./start_venv.sh so"
platform/tools/tradefed_cluster,aosp,platform/tools,,Bug: 146388542
platform/tools/tradefederation,aosp,platform/tools,androidbp,"Trade Federation (TF / Tradefed) TF is a test harness used to drive Android automated testing. It runs on test hosts and monitors the connected devices, handling test scheduling & execution and device management. Other test harnesses like Compatibility Test Suite (CTS) and Vendor Test Suite (VTS) use TF as a basis and extend it for their particular needs. Building TF: source build/envsetup.sh tapas tradefed-all make -j8 Getting Code Reviewed 1. Create your change in Gerrit 2. Add the reviewer named ""Tradefed Codereview"" (email: tradefed-codereview@tradefederation.google.com.iam.gserviceaccount.com) 3. Review the code review guidance at go/tf-guidelines and go/tradefed-code-reviews 4. GWSQ should add a couple of people from the team to review your code and give feedback. More information More information at: https://source.android.com/docs/core/tests/tradefed/ See more details about Tradefed Architecture at: https://source.android.com/docs/core/tests/tradefed/architecture If you are a t"
platform/tools/tradefederation/contrib,aosp,platform/tools,androidbp,
platform/tools/tradefederation/prebuilts,prebuilt,platform,,Bug: 172949473
platform/tools/treble,aosp,platform/tools,androidbp,Treble https://android-developers.googleblog.com/2017/05/here-comes-treble-modular-base-for.html
platform/tools/trebuchet,aosp,platform/tools,androidbp,"Trebuchet Trebuchet is a Kotlin library for parsing and analyzing Android trace files generated by the atrace or systrace commands. This is not an officially supported Google product. Library The code for the Trebuchet library can be found in the core/ directory. Bundled Programs Trebuchet comes bundled with several programs for analyzing one or more trace files. Startup Analyzer The Startup Analyzer program takes a trace file, detects any startup events that occurred during the traced time period, and prints information about the events. If Trebuchet is built using the Android build system, there will be a StartupAnalyzerKt program placed into a directory that is a member of the PATH system variable. If you wish to use Gradle, you can use the startup-analyzer.sh script located in the scripts/ directory. Startup Summarizer The Startup Summarizer program takes a set of trace files, detects startup events in each file, and computes average and standard deviation for startup stats, broken"
platform/vendor/htc/dream-open,vendor_device,platform/vendor,,build configuration for HTC Dream
platform/vendor/invensense,vendor_device,platform/vendor,,
platform/vendor/sample,vendor_device,platform/vendor,,
product/google/common,vendor_device,product/google,,
product/google/example-ledflasher,vendor_device,product/google,,
superprojects/androidx,meta,,,
tee/optee/ta/keymint,vendor_device,tee/optee,"cargo,rustfmt",KeyMint reference implementation for OP-TEE This repository holds a reference Rust KeyMint implementation for OP-TEE using the Apache Teaclave TrustZone SDK .
third-party-review,meta,,,
toolchain/android_rust,toolchain,toolchain/android_rust,,"Android Rust Toolchain For the latest version of this doc, please make sure to visit: Android Rust Toolchain README.md This repository contains the code and data necessary to build and test a Rust toolchain for the Android Open Source Project. Detailed information on several topics can be found in our documents/ directory: Initializing the Rust Toolchain development environment Common build and testing tasks Debugging build failures Release process steps Infrastructure build details Downstream clients Supported Architectures and Targets The Android Rust toolchain can generate code for the following architectures: aarch64 arm RISCV x86 x86_64 In addition, prebuilt standard libraries are available for the following target triples: aarch64-linux-android aarch64-unknown-none aarch64-unknown-uefi armv7-linux-androideabi armv7a-none-eabi i686-linux-android i686-unknown-linux-gnu i686-unknown-linux-musl i686-unknown-uefi riscv32i-unknown-none-elf riscv32imc-unknown-none-elf x86_64-linux-andro"
toolchain/avr-libc,toolchain,toolchain/avr-libc,,
toolchain/benchmark,toolchain,toolchain/benchmark,,
toolchain/binutils,toolchain,toolchain/binutils,,
toolchain/build,toolchain,toolchain/build,,
toolchain/capnproto,toolchain,toolchain/capnproto,,"Cap‘n Proto is an insanely fast data interchange format and capability-based RPC system. Think JSON, except binary. Or think Protocol Buffers , except faster. In fact, in benchmarks, Cap’n Proto is INFINITY TIMES faster than Protocol Buffers. Read more..."
toolchain/cargo-deny,toolchain,toolchain/cargo-deny,cargo,"❌ cargo-deny Cargo plugin for linting your dependencies See the book 📕 for in-depth documentation. To run on CI as a GitHub Action, see cargo-deny-action . Please Note: This is a tool that we use (and like!) and it makes sense to us to release it as open source. However, we can’t take any responsibility for your use of the tool, if it will function correctly or fulfil your needs. No functionality in - or information provided by - cargo-deny constitutes legal advice. Quickstart cargo install -- locked cargo - deny && cargo deny init && cargo deny check Usage Install cargo-deny If you want to use cargo-deny without having cargo installed, build cargo-deny with the standalone feature. This can be useful in Docker Images. cargo install -- locked cargo - deny # Or, if you're an Arch user pacman - S cargo - deny Initialize your project cargo deny init Check your crates cargo deny check Licenses The licenses check is used to verify that every crate you use has license terms you find acceptabl"
toolchain/cargo-vet,toolchain,toolchain/cargo-vet,cargo,"cargo-vet The cargo vet subcommand is a tool to help projects ensure that third-party Rust dependencies have been audited by a trusted entity. It strives to be lightweight and easy to integrate. More details available in the book . License Licensed under either of Apache License, Version 2.0, ( LICENSE-APACHE or http://www.apache.org/licenses/LICENSE-2.0 ) MIT license ( LICENSE-MIT or http://opensource.org/licenses/MIT ) at your option. Contribution Unless you explicitly state otherwise, any contribution intentionally submitted for inclusion in the work by you, as defined in the Apache-2.0 license, shall be dual licensed as above, without any additional terms or conditions."
toolchain/ccache,toolchain,toolchain/ccache,,
toolchain/clang,toolchain,toolchain/clang,,
toolchain/clang-tools-extra,toolchain,toolchain/clang-tools-extra,,
toolchain/cloog,toolchain,toolchain/cloog,,
toolchain/common,toolchain,toolchain/common,,Bug: 217753454
toolchain/compiler-rt,toolchain,toolchain/compiler-rt,,
toolchain/expat,toolchain,toolchain/expat,,
toolchain/gcc,toolchain,toolchain/gcc,,"Building GCC for Android The following process is used to build the GCC that is used by both the Android platfrom and the NDK. Both Linux and Windows toolchains are built on Linux machines. Windows host binaries are built with mingw. Building binaries for Mac OS X should be built using 10.8 to ensure compatibility with Android's minimum supported hosts. Prerequisites Android GCC Repository Check out the branch gcc repo init - u https :// android . googlesource . com / platform / manifest - b gcc # Googlers, use repo init - u \ persistent - https :// android . git . corp . google . com / platform / manifest \ - b gcc Additional Linux Dependencies (available from apt): texinfo gcc-mingw32 bison flex libtool Mac OS X also requires Xcode. Host/Target prebuilts For Linux or Darwin: # Additional options and toolchain names will be show with --help. $ python build . py -- toolchain TOOLCHAIN_NAME For Windows, from Linux: $ python build . py -- system windows TOOLCHAIN_NAME"
toolchain/gcc-12.2.0,toolchain,toolchain/gcc-12.2.0,,Bug: 290672847
toolchain/gdb,toolchain,toolchain/gdb,,
toolchain/gmp,toolchain,toolchain/gmp,,
toolchain/gmp-6.2.1,toolchain,toolchain/gmp-6.2.1,,Bug: 284386475
toolchain/go,toolchain,toolchain/go,,"The Go Programming Language Go is an open source programming language that makes it easy to build simple, reliable, and efficient software. Gopher image by Renee French , licensed under Creative Commons 4.0 Attribution license . Our canonical Git repository is located at https://go.googlesource.com/go . There is a mirror of the repository at https://github.com/golang/go . Unless otherwise noted, the Go source files are distributed under the BSD-style license found in the LICENSE file. Download and Install Binary Distributions Official binary distributions are available at https://go.dev/dl/ . After downloading a binary release, visit https://go.dev/doc/install for installation instructions. Install From Source If a binary distribution is not available for your combination of operating system and architecture, visit https://go.dev/doc/install/source for source installation instructions. Contributing Go is the work of thousands of contributors. We appreciate your help! To contribute, ple"
toolchain/gold,toolchain,toolchain/gold,,
toolchain/isl,toolchain,toolchain/isl,,
toolchain/jack,toolchain,toolchain/jack,,
toolchain/jack-server,toolchain,toolchain/jack-server,,
toolchain/jdk/build,toolchain,toolchain/jdk,,
toolchain/jdk/jdk11,toolchain,toolchain/jdk,,Bug: 137656389
toolchain/jdk/jdk17,toolchain,toolchain/jdk,,"Welcome to the JDK! For build instructions please see the online documentation , or either of these files: doc/building.html (html version) doc/building.md (markdown version) See https://openjdk.java.net/ for more information about the OpenJDK Community and the JDK."
toolchain/jdk/jdk21,toolchain,toolchain/jdk,,"Welcome to the JDK! For build instructions please see the online documentation , or either of these files: doc/building.html (html version) doc/building.md (markdown version) See https://openjdk.org/ for more information about the OpenJDK Community and the JDK and see https://bugs.openjdk.org for JDK issue tracking."
toolchain/jdk/jdk25,toolchain,toolchain/jdk,,"Welcome to the JDK! For build instructions please see the online documentation , or either of these files: doc/building.html (html version) doc/building.md (markdown version) See https://openjdk.org/ for more information about the OpenJDK Community and the JDK and see https://bugs.openjdk.org for JDK issue tracking."
toolchain/jdk/jdk9,toolchain,toolchain/jdk,,Bug: 62123342
toolchain/jdk/jdk9_corba,toolchain,toolchain/jdk,,Bug: 62123342
toolchain/jdk/jdk9_hotspot,toolchain,toolchain/jdk,,Bug: 62123342
toolchain/jdk/jdk9_jaxp,toolchain,toolchain/jdk,,Bug: 62123342
toolchain/jdk/jdk9_jaxws,toolchain,toolchain/jdk,,Bug: 62123342
toolchain/jdk/jdk9_jdk,toolchain,toolchain/jdk,,Bug: 62123342
toolchain/jdk/jdk9_langtools,toolchain,toolchain/jdk,,Bug: 62123342
toolchain/jdk/jdk9_nashorn,toolchain,toolchain/jdk,,Bug: 62123342
toolchain/jill,toolchain,toolchain/jill,,
toolchain/libcxx,toolchain,toolchain/libcxx,,
toolchain/libcxxabi,toolchain,toolchain/libcxxabi,,
toolchain/lld,toolchain,toolchain/lld,,"LLVM Linker (lld) This directory and its subdirectories contain source code for the LLVM Linker, a modular cross platform linker which is built as part of the LLVM compiler infrastructure project. lld is open source software. You may freely distribute it under the terms of the license agreement found in LICENSE.txt. Benchmarking In order to make sure various developers can evaluate patches over the same tests, we create a collection of self contained programs. It is hosted at https://s3-us-west-2.amazonaws.com/linker-tests/lld-speed-test.tar.xz The current sha256 is 10eec685463d5a8bbf08d77f4ca96282161d396c65bd97dc99dbde644a31610f."
toolchain/llvm,toolchain,toolchain/llvm,,
toolchain/llvm-project,toolchain,toolchain/llvm-project,,"The LLVM Compiler Infrastructure Welcome to the LLVM project! This repository contains the source code for LLVM, a toolkit for the construction of highly optimized compilers, optimizers, and run-time environments. The LLVM project has multiple components. The core of the project is itself called “LLVM”. This contains all of the tools, libraries, and header files needed to process intermediate representations and convert them into object files. Tools include an assembler, disassembler, bitcode analyzer, and bitcode optimizer. C-like languages use the Clang frontend. This component compiles C, C++, Objective-C, and Objective-C++ code into LLVM bitcode -- and from there into object files, using LLVM. Other components include: the libc++ C++ standard library , the LLD linker , and more. Getting the Source Code and Building LLVM Consult the Getting Started with LLVM page for information on building and running LLVM. For information on how to contribute to the LLVM project, please take a loo"
toolchain/llvm_android,toolchain,toolchain/llvm_android,,"Android Clang/LLVM Toolchain Quick links: Android clang build instructions Android clang version history Android's clang toolchain is used to build the Android platform, kernel and is also part of the Android NDK. It also builds various tools and projects in the Android ecosystem. See this page for a list of current versions used by various projects. Android clang follows a rolling release schedule based on upstream llvm-project's main branch. It does not correspond to a numbered llvm-project release branch. Clang Version Each clang prebuilt directory has a clang_source_info.md (starting with clang-r428724) that mentions the llvm-project commit from which this version is branched. It also lists cherry-picks from upstream LLVM and downstream changes needed to qualify this prebuilt for the various Android use cases. Update Schedule At any point of time, there is an in-progress attempt to release a new clang. Due to the complexity of the Android code base and breaking changes from llvm-pr"
toolchain/m4,toolchain,toolchain/m4,androidbp,Bug: 117243010
toolchain/make,toolchain,toolchain/make,androidbp,Bug: 117241963
toolchain/manifest,meta,,,
toolchain/mclinker,toolchain,toolchain/mclinker,,
toolchain/mingw,toolchain,toolchain/mingw,,"Building Mingw for Android The build.sh script in this directory is used to build mingw for Android. Mingw is built from the mingw branch of AOSP. To fetch the sources: repo init - u https :// android . googlesource . com / platform / manifest - b mingw # Googlers, use repo init - u \ persistent - https :// android . git . corp . google . com / platform / manifest - b mingw To build, run build.sh . Run with --help for a list of options."
toolchain/mpc,toolchain,toolchain/mpc,,
toolchain/mpc-1.2.1,toolchain,toolchain/mpc-1.2.1,,Bug: 284385848
toolchain/mpfr,toolchain,toolchain/mpfr,,
toolchain/mpfr-4.1.0,toolchain,toolchain/mpfr-4.1.0,,Bug: 284384809
toolchain/nasm,toolchain,toolchain/nasm,,Bug: 230649269
toolchain/ndk-kokoro,toolchain,toolchain/ndk-kokoro,,Bug: 200122552
toolchain/ndk_chromite_config,toolchain,toolchain/ndk_chromite_config,,
toolchain/openmp_llvm,toolchain,toolchain/openmp_llvm,,
toolchain/perl,toolchain,toolchain/perl,,
toolchain/pgo-profiles,toolchain,toolchain/pgo-profiles,,Bug: 72041779
toolchain/polly,toolchain,toolchain/polly,,
toolchain/ppl,toolchain,toolchain/ppl,,
toolchain/prebuilts/ndk-darwin/r21,prebuilt,toolchain,,"Android NDK Documentation NDK documentation, guides, and API reference are available on our website . NDK code samples are available on GitHub . Information about Android Studio can be found on the Android Studio website . Filing Bugs NDK bugs should be filed on GitHub . Android Studio and Gradle bugs should be filed in the Android Studio Bug Tracker . For the fastest response, make sure you follow their guide on Filing Bugs ."
toolchain/prebuilts/ndk-darwin/r23,prebuilt,toolchain,,"Android NDK Documentation NDK documentation, guides, and API reference are available on our website . NDK code samples are available on GitHub . Information about Android Studio can be found on the Android Studio website . Filing Bugs NDK bugs should be filed on GitHub . Android Studio and Gradle bugs should be filed in the Android Studio Bug Tracker . For the fastest response, make sure you follow their guide on Filing Bugs ."
toolchain/prebuilts/ndk-darwin/r25,prebuilt,toolchain,,"Android NDK Documentation NDK documentation, guides, and API reference are available on our website . NDK code samples are available on GitHub . Information about Android Studio can be found on the Android Studio website . Filing Bugs NDK bugs should be filed on GitHub . Android Studio and Gradle bugs should be filed in the Android Studio Bug Tracker . For the fastest response, make sure you follow their guide on Filing Bugs ."
toolchain/prebuilts/ndk-darwin/r27,prebuilt,toolchain,,"Android NDK Documentation NDK documentation, guides, and API reference are available on our website . NDK code samples are available on GitHub . Information about Android Studio can be found on the Android Studio website . Filing Bugs NDK bugs should be filed on GitHub . Android Studio and Gradle bugs should be filed in the Android Studio Bug Tracker . For the fastest response, make sure you follow their guide on Filing Bugs ."
toolchain/prebuilts/ndk/r13,prebuilt,toolchain,,
toolchain/prebuilts/ndk/r14,prebuilt,toolchain,,
toolchain/prebuilts/ndk/r15,prebuilt,toolchain,,"Android NDK Documentation NDK documentation, guides, and API reference are available on our website . NDK code samples are available on GitHub . Information about Android Studio can be found on the Android Studio website . Filing Bugs NDK bugs should be filed on GitHub . Android Studio and Gradle bugs should be filed in the Android Studio Bug Tracker . For the fastest response, make sure you follow their guide on Filing Bugs ."
toolchain/prebuilts/ndk/r16,prebuilt,toolchain,,"Android NDK Documentation NDK documentation, guides, and API reference are available on our website . NDK code samples are available on GitHub . Information about Android Studio can be found on the Android Studio website . Filing Bugs NDK bugs should be filed on GitHub . Android Studio and Gradle bugs should be filed in the Android Studio Bug Tracker . For the fastest response, make sure you follow their guide on Filing Bugs ."
toolchain/prebuilts/ndk/r17,prebuilt,toolchain,,"Android NDK Documentation NDK documentation, guides, and API reference are available on our website . NDK code samples are available on GitHub . Information about Android Studio can be found on the Android Studio website . Filing Bugs NDK bugs should be filed on GitHub . Android Studio and Gradle bugs should be filed in the Android Studio Bug Tracker . For the fastest response, make sure you follow their guide on Filing Bugs ."
toolchain/prebuilts/ndk/r18,prebuilt,toolchain,,"Android NDK Documentation NDK documentation, guides, and API reference are available on our website . NDK code samples are available on GitHub . Information about Android Studio can be found on the Android Studio website . Filing Bugs NDK bugs should be filed on GitHub . Android Studio and Gradle bugs should be filed in the Android Studio Bug Tracker . For the fastest response, make sure you follow their guide on Filing Bugs ."
toolchain/prebuilts/ndk/r19,prebuilt,toolchain,,"Android NDK Documentation NDK documentation, guides, and API reference are available on our website . NDK code samples are available on GitHub . Information about Android Studio can be found on the Android Studio website . Filing Bugs NDK bugs should be filed on GitHub . Android Studio and Gradle bugs should be filed in the Android Studio Bug Tracker . For the fastest response, make sure you follow their guide on Filing Bugs ."
toolchain/prebuilts/ndk/r20,prebuilt,toolchain,,"Android NDK Documentation NDK documentation, guides, and API reference are available on our website . NDK code samples are available on GitHub . Information about Android Studio can be found on the Android Studio website . Filing Bugs NDK bugs should be filed on GitHub . Android Studio and Gradle bugs should be filed in the Android Studio Bug Tracker . For the fastest response, make sure you follow their guide on Filing Bugs ."
toolchain/prebuilts/ndk/r21,prebuilt,toolchain,,Bug: 154468832
toolchain/prebuilts/ndk/r23,prebuilt,toolchain,,"Android NDK Documentation NDK documentation, guides, and API reference are available on our website . NDK code samples are available on GitHub . Information about Android Studio can be found on the Android Studio website . Filing Bugs NDK bugs should be filed on GitHub . Android Studio and Gradle bugs should be filed in the Android Studio Bug Tracker . For the fastest response, make sure you follow their guide on Filing Bugs ."
toolchain/prebuilts/ndk/r24,prebuilt,toolchain,,"Android NDK Documentation NDK documentation, guides, and API reference are available on our website . NDK code samples are available on GitHub . Information about Android Studio can be found on the Android Studio website . Filing Bugs NDK bugs should be filed on GitHub . Android Studio and Gradle bugs should be filed in the Android Studio Bug Tracker . For the fastest response, make sure you follow their guide on Filing Bugs ."
toolchain/prebuilts/ndk/r25,prebuilt,toolchain,,"Android NDK Documentation NDK documentation, guides, and API reference are available on our website . NDK code samples are available on GitHub . Information about Android Studio can be found on the Android Studio website . Filing Bugs NDK bugs should be filed on GitHub . Android Studio and Gradle bugs should be filed in the Android Studio Bug Tracker . For the fastest response, make sure you follow their guide on Filing Bugs ."
toolchain/prebuilts/ndk/r26,prebuilt,toolchain,,"Android NDK Documentation NDK documentation, guides, and API reference are available on our website . NDK code samples are available on GitHub . Information about Android Studio can be found on the Android Studio website . Filing Bugs NDK bugs should be filed on GitHub . Android Studio and Gradle bugs should be filed in the Android Studio Bug Tracker . For the fastest response, make sure you follow their guide on Filing Bugs ."
toolchain/prebuilts/ndk/r27,prebuilt,toolchain,,"Android NDK Documentation NDK documentation, guides, and API reference are available on our website . NDK code samples are available on GitHub . Information about Android Studio can be found on the Android Studio website . Filing Bugs NDK bugs should be filed on GitHub . Android Studio and Gradle bugs should be filed in the Android Studio Bug Tracker . For the fastest response, make sure you follow their guide on Filing Bugs ."
toolchain/prebuilts/ndk/releases,prebuilt,toolchain,,Bug: 253490352
toolchain/prebuilts/sysroot/platform/riscv64-linux-android,prebuilt,toolchain,,Bug: 255592883
toolchain/python,toolchain,toolchain/python,,
toolchain/riscv_gnu_toolchain,toolchain,toolchain/riscv_gnu_toolchain,,"RISC-V GNU Compiler Toolchain This is the RISC-V C and C++ cross-compiler. It supports two build modes: a generic ELF/Newlib toolchain and a more sophisticated Linux-ELF/glibc toolchain. Getting the sources This repository uses submodules, but submodules will fetch automatically on demand, so --recursive or git submodule update --init --recursive is not needed. $ git clone https://github.com/riscv/riscv-gnu-toolchain Warning: git clone takes around 6.65 GB of disk and download size Prerequisites Several standard packages are needed to build the toolchain. On Ubuntu, executing the following command should suffice: $ sudo apt-get install autoconf automake autotools-dev curl python3 python3-pip libmpc-dev libmpfr-dev libgmp-dev gawk build-essential bison flex texinfo gperf libtool patchutils bc zlib1g-dev libexpat-dev ninja-build git cmake libglib2.0-dev libslirp-dev On Fedora/CentOS/RHEL OS, executing the following command should suffice: $ sudo yum install autoconf automake python3 libm"
toolchain/rr,toolchain,toolchain/rr,,"Overview rr is a lightweight tool for recording, replaying and debugging execution of applications (trees of processes and threads). Debugging extends gdb with very efficient reverse-execution, which in combination with standard gdb/x86 features like hardware data watchpoints, makes debugging much more fun. More information about the project, including instructions on how to install, run, and build rr, is at https://rr-project.org . The best technical overview is currently the paper Engineering Record And Replay For Deployability: Extended Technical Report . Or go directly to the installation and building instructions . Please contribute! Make sure to review the pull request checklist before submitting a pull request. If you find rr useful, please add a testimonial . rr development is sponsored by Pernosco and was originated by Mozilla . System requirements Linux kernel ≥ 3.11 is required (for PTRACE_SETSIGMASK ). rr currently requires either: An Intel CPU with Nehalem (2010) or later"
toolchain/rustc,toolchain,toolchain/rustc,cargo,"Website | Getting started | Learn | Documentation | Contributing This is the main source code repository for Rust . It contains the compiler, standard library, and documentation. Why Rust? Performance: Fast and memory-efficient, suitable for critical services, embedded devices, and easily integrate with other languages. Reliability: Our rich type system and ownership model ensure memory and thread safety, reducing bugs at compile-time. Productivity: Comprehensive documentation, a compiler committed to providing great diagnostics, and advanced tooling including package manager and build tool ( Cargo ), auto-formatter ( rustfmt ), linter ( Clippy ) and editor support ( rust-analyzer ). Quick Start Read “Installation” from The Book . Installing from Source If you really want to install from source (though this is not recommended), see INSTALL.md . Getting Help See https://www.rust-lang.org/community for a list of chat platforms and forums. Contributing See CONTRIBUTING.md . License Rust i"
toolchain/sccache,toolchain,toolchain/sccache,cargo,"sccache - Shared Compilation Cache sccache is a ccache -like compiler caching tool. It is used as a compiler wrapper and avoids compilation when possible, storing cached results either on local disk or in one of several cloud storage backends . sccache includes support for caching the compilation of C/C++ code, Rust , as well as NVIDIA's CUDA using nvcc . sccache also provides icecream -style distributed compilation (automatic packaging of local toolchains) for all supported compilers (including Rust). The distributed compilation system includes several security features that icecream lacks such as authentication, transport layer encryption, and sandboxed compiler execution on build servers. See the distributed quickstart guide for more information. sccache is also available as a GitHub Actions to faciliate the deployment using GitHub Actions cache. Table of Contents (ToC) Installation Usage Build Requirements Build Separating caches between invocations Overwriting the cache Debugging"
toolchain/sed,toolchain,toolchain/sed,,
toolchain/superproject,meta,,,
toolchain/valgrind,toolchain,toolchain/valgrind,,
toolchain/xz,toolchain,toolchain/xz,androidbp,
toolchain/yasm,toolchain,toolchain/yasm,,
tools/aospstats,aosp,tools/aospstats,,A project to collect and display stats about AOSP.
tools/fetch_artifact,aosp,tools/fetch_artifact,,"Fetch Artifact Fetch artifact is a tool for downloading artifacts from Android's continuous integration service. Options target : Required - The target you would like to download the artifact from. artifact : Required - The artifact to download. Required : either build_id or branch , but not both When only build_id is provided, the script would download the artifact from that build_id . When only branch is provided, the script would download the artifact from the last known good build of that branch . output : Optional - If you would like the contents of the file to be written to a specific file. client_id : Optional - If authorization is required to download the artifact, please set this parameter as your OAuth2.0 Client ID. secret : Optional - If authorization is required to download the artifact, please set this parameter as your OAuth2.0 Client secret. port : Optional - If you would like to specify the OAuth callback port to listen on. Default: 10502 project_id : Optional - The pro"
tools/manifest,meta,,,"Bug: 178406137
OWNERS:
samccone@google.com
jindaz@google.com"
tools/platform-compat,aosp,tools/platform-compat,,Platform compat tools Tools for Android App Compat (go/android-compat). What's in here? ├── build # python helper scripts for build ├── java # All Java source files; directories follow corresponding java packages │ └── android │ ├── compat │ │ └── annotation # Annotations used for go/compat-framework and go/unsupportedappusage │ └── processor │ └── compat # Java annotation processors for annotations defined in src/ │ ├── changeid # Creates compat_config xml files from @ChangeId constants │ └── unsupportedappusage # Creates csv files with source positions for @UnsupportedAppUsage elements └── javatest # Tests for source files defined under java/
tools/plugin-testing,aosp,tools/plugin-testing,,"Bug: 77581061

Owner: samccone@"
tools/presubmit-automerger/test1,aosp,tools/presubmit-automerger,,Bug: 151974301
tools/repo,aosp,tools/repo,,"repo Repo is a tool built on top of Git. Repo helps manage many Git repositories, does the uploads to revision control systems, and automates parts of the development workflow. Repo is not meant to replace Git, only to make it easier to work with Git. The repo command is an executable Python script that you can put anywhere in your path. Homepage: https://gerrit.googlesource.com/git-repo/ Mailing list: repo-discuss on Google Groups Bug reports: https://issues.gerritcodereview.com/issues?q=is:open%20componentid:1370071 Source: https://gerrit.googlesource.com/git-repo/ Overview: https://source.android.com/source/developing.html Docs: https://source.android.com/source/using-repo.html repo Manifest Format repo Hooks Contributing Running Repo in Microsoft Windows GitHub mirror: https://github.com/GerritCodeReview/git-repo Postsubmit tests: https://github.com/GerritCodeReview/git-repo/actions Contact Please use the repo-discuss mailing list or issue tracker for questions. You can file a new"
tools/superproject,meta,,,Bug: 324421960
trusty,aosp,trusty,,For ACL only
trusty/app/authmgr,aosp,trusty/app,"androidbp,rustfmt",Bug: 371226688
trusty/app/avb,aosp,trusty/app,androidbp,"AVB resource manager The AVB ( Android Verified Boot ) resource manager is intended to provide tamper proof storage for data used by libavb . This includes the verified boot lock state, stored rollback index values, and ATX ( Android Things eXtension ) permanent attributes. Operations Reading/Writing Stored Rollback Indexes Rollback indexes are strictly increasing, and any request to write a value to a rollback index that is smaller than the existing value will fail. A mask (0xF000) is used to map a rollback index to a file, and a file may contain a maximum of 32 rollback indexes. For example, 0xF01F and 0x0001 are valid values for the rollback index, but 0x10000 and 0x0020 are not. Reading/Writing Verified Boot Lock State If the lock state is 1, or LOCKED, then verification errors are fatal, and booting MUST fail. If the lock state is 0, or UNLOCKED, the device may boot even when verification fails. When the device changes lock state, all stored rollback indexes are cleared. Reading/W"
trusty/app/cast-auth,aosp,trusty/app,androidbp,Bug: 219098067
trusty/app/confirmationui,aosp,trusty/app,androidbp,"ConfirmationUI Trusted App This is an implementation of the ConfirmationUI trusted application for Trusty. It is meant as a reference implementation for OEMs who want to implement ConfirmationUI or “Android Protected Confirmation” and use Trusty as TEE OS. Dependencies Android platform/system/teeui libcxx freetype Additional integration work You will need a touch controller driver or another trusted input method for the targeted platform. Included in this package is a sample layout as used by Pixel3(+) phones. For phones that use button on the right side of the phone this layout can be adjusted by configuring the context parameters. E.g.: (see TrustyConfirmationUI.cpp) conv.setParam(1440_px); conv.setParam(2960_px); conv.setParam(34.146_mm); conv.setParam(44.146_mm); conv.setParam(54.146_mm); conv.setParam(64.146_mm); Layouts A default example layout is provided in examples/layouts/. To override the layout with a vendor specific one, define CONFIRMATIONUI_LAYOUTS to point to the layout"
trusty/app/gatekeeper,aosp,trusty/app,androidbp,
trusty/app/keymaster,aosp,trusty/app,androidbp,
trusty/app/keymint,aosp,trusty/app,"androidbp,rs_file,rustfmt",Bug: 223458328
trusty/app/nvram,aosp,trusty/app,,"Access-controlled NVRAM app for Trusty This repository contains code to host the reference implementation of Android‘s Access-Controlled NVRAM HAL in a Trusty app. The app exposes its service via a standard Trusty IPC endpoint, accepting commands and producing replies in the message format defined by the reference implementation. The app relies on Trusty’s secure storage abstraction to store persistent NVRAM space contents and meta data. IMPORTANT NOTE : The Access-Controlled NVRAM HAL spec calls for locked NVRAM contents to be persisted “until the next full device reset”. This means that locked persistent NVRAM spaces must remain intact unless the user factory-resets the entire device. In particular, NVRAM data may not be lost unless all other device state gets wiped as well. The code in this repository DOES NOT achieve this in its current state. To achieve compliance with the HAL spec, an implementation can implement one of the following approaches: Use tamper-evident storage and enf"
trusty/app/sample,aosp,trusty/app,"androidbp,rust_dir,rustfmt",
trusty/app/secretkeeper,aosp,trusty/app,"androidbp,rs_file,rustfmt",Bug: 310885032
trusty/app/storage,aosp,trusty/app,"androidbp,rustfmt","Secure storage service The secure storage service provides encrypted and tamper proof storage to secure apps. All operations that modify the file system state are transactional. Files can be opened, create or deleted by name (where the name is local to the app). Open files support read, write, get-size and set-size operations. There is currently no support for sparse files, permissions, quotas or directory operations. The server provides three client ports that provide various minimum capabilities. The STORAGE_CLIENT_TD_PORT port offers tamper and rollback detection once the non-secure OS has booted. This port should be used by most apps as it can offer more storage and better performance than the other choices. The STORAGE_CLIENT_TDEA_PORT port also offers tamper and rollback detection but can be available before the non-secure OS has booted if the boot loader supports it. The STORAGE_CLIENT_TP_PORT port offers tamper proof storage. An app can for instance use this port to store data"
trusty/device/arm/generic-arm64,aosp,trusty/device,androidbp,
trusty/device/arm/vexpress-a15,aosp,trusty/device,,
trusty/device/common,aosp,trusty/device,androidbp,Bug: 390682260
trusty/device/desktop,aosp,trusty/device,androidbp,Bug: 361072469
trusty/device/nxp/imx6ul,aosp,trusty/device,,
trusty/device/nxp/imx7d,aosp,trusty/device,,
trusty/device/nxp/imx8m,aosp,trusty/device,,Bug: 110852048
trusty/device/x86/generic-x86_64,aosp,trusty/device,androidbp,Bug: 113605827
trusty/external/headers,third_party,,androidbp,
trusty/external/musl,third_party,,androidbp,Bug: 131239750
trusty/external/qemu,third_party,,,
trusty/external/qemu-keycodemapdb,third_party,,,Bug: 112114220
trusty/external/qemu-libslirp,third_party,,,Bug: 246389854
trusty/external/qemu-meson,third_party,,,Bug: 239854995
trusty/external/trusted-firmware-a,third_party,,androidbp,Bug: 127811687
trusty/external/trusty,third_party,,androidbp,
trusty/host/aidl,aosp,trusty/host,"androidbp,rustfmt",Documentation for this project is currently maintained here: https://source.android.com/devices/architecture/aidl/overview
trusty/host/common,aosp,trusty/host,rustfmt,Bug: 234928363
trusty/interfaces,aosp,trusty/interfaces,,Bug: 254766677
trusty/lib,aosp,trusty/lib,"androidbp,rustfmt",
trusty/lk/common,aosp,trusty/lk,"androidbp,rustfmt",LK The LK embedded kernel. An SMP-aware kernel designed for small systems. See https://github.com/littlekernel/lk for the latest version. See https://github.com/littlekernel/lk/wiki for documentation. Builds To build and test for ARM on linux install or build qemu. v2.4 and above is recommended. install gcc for embedded arm (see note 1) run scripts/do-qemuarm (from the lk directory) you should see ‘welcome to lk/MP’ This will get you a interactive prompt into LK which is running in qemu arm machine ‘virt’ emulation. type ‘help’ for commands. note 1: for ubuntu: sudo apt-get install gcc-arm-none-eabi or fetch a prebuilt toolchain from http://newos.org/toolchains/arm-eabi-5.3.0-Linux-x86_64.tar.xz
trusty/lk/nxp,aosp,trusty/lk,,
trusty/lk/trusty,aosp,trusty/lk,"androidbp,rustfmt",
trusty/manifest,meta,,,
trusty/prebuilts/aosp,prebuilt,trusty,,Bug: 123422629
trusty/superproject,meta,,,
trusty/user/desktop,aosp,trusty/user,"androidbp,rustfmt",Bug: 361072469
trusty/vendor/google/aosp,aosp,trusty/vendor,androidbp,
